Matvare ID,Matvare,Kategori,Kostholdsgrupper,Kilojoule (kJ),Kilokalorier (kcal),Vann (g),Fett (g),Mettede fettsyrer (g),C12:0 (laurinsyre) (g),C14:0 (myristinsyre) (g),C16:0 (palmitinsyre) (g),C18:0 (stearinsyre) (g),Transfettsyrer (g),Enumettede fettsyrer (g),C16:1 sum (palmitoleinsyre) (g),C18:1 sum (oljesyre) (g),Flerumettede fettsyrer (g),C18:2n-6 (linolsyre) (g),C18:3n-3 (alfalinolensyre) (g),C20:3n-3 (eikosatriensyre) (g),"C20:3n-6 (dihomo-gamma-linolensyre, DGLA) (g)",C20:4n-3 (eikosatetraensyre) (g),C20:4n-6 (arakidonsyre) (g),"C20:5n-3 (eikosapentaensyre, EPA) (g)","C22:5n-3 (dokosapentaensyre, DPA) (g)","C22:6n-3 (dokosaheksaensyre, DHA) (g)",Omega-3 (g),Omega-6 (g),Kolesterol (mg),Karbohydrat (g),Stivelse (g),Sukkerarter (g),"Sukker, tilsatt (g)","Sukker, fritt (g)",Kostfiber (g),Protein (g),Salt (NaCl) (g),Alkohol (g),Vitamin A (RAE) (RAE),Vitamin A (RE) (RE),Retinol (µg),Betakaroten (µg),Vitamin D (µg),Vitamin E (mg-ATE),Vitamin B1 (tiamin) (mg),Vitamin B2 (riboflavin) (mg),Vitamin B3 (niacin) (mg),Niacinekvivalenter (mg),Vitamin B6 (pyridoksin) (mg),Vitamin B9 (folat) (µg),Vitamin B12 (kobalamin) (µg),Vitamin C (askorbinsyre) (mg),Kalsium (Ca) (mg),Jern (Fe) (mg),Natrium (Na) (mg),Kalium (K) (mg),Magnesium (Mg) (mg),Sink (Zn) (mg),Selen (Se) (µg),Kobber (Cu) (mg),Fosfor (P) (mg),Jod (I) (µg),FoodEx2-klassifisering
1.344,"Appenzeller, ost",Meieriprodukter,Meieriprodukter,1586,383,44,31.7,19,0.9,3.4,8.8,2.3,0.6,7.4,0.7,8.6,1.5,0.4,0.2,0,0,0,0,0,0,0,0.4,1.3,95,0,0,0,0,0,0,24.3,1.6,0,366,381,350,190,0.5,1,0.04,0.36,0.1,5.8,0.07,15,1.1,0,740,0.3,620,82,29,4,0,0,540,8,A02SY#F02.A06BN$F10.A0CJP$F27.A02LT$F28.A0C6E$F28.A0C6F
1.063,"Baconost, smørbar",Meieriprodukter,Meieriprodukter,886,213,68,17,10.8,0.5,1.7,4.8,1.8,0.5,4.1,0.4,3.5,0.4,0.2,0.1,0,0,0,0,0,0,0,0.1,0.1,42,0.1,0,0.1,0,0,0,15,2.4,0,175,190,160,184,0.1,0,0.05,0.2,0.3,3.8,0.16,12,0.5,0,376,0.3,940,60,15,3,6,0.05,900,18,A031C
1.136,"Brie, hvitmuggost",Meieriprodukter,Meieriprodukter,1491,361,51,33.1,23.1,1.2,4.1,11.8,2.9,1,8,0.6,6.8,1,0.8,0.1,0,0,0,0,0,0,0,0.1,0.8,111,0.1,0,0.1,0,0,0,15.6,1.1,0,266,273,259,85,0,0.9,0,0.42,0.5,4.2,0.11,40,0.8,0,420,0.1,420,72,18,2.2,10,0.02,300,15,A02RV
1.186,"Brunost, uspesifisert",Meieriprodukter,Meieriprodukter,1707,410,31,27,17.2,0.8,2.5,7.7,3,0.8,6.5,0.6,5.6,0.6,0.4,0.1,0,0,0,0,0,0,0,0.1,0.2,71,30.3,0,30.3,0,0,0,11.3,0.8,0,280,287,272,91,0,0.8,0.16,1.18,0.2,2.8,0.04,28,1.3,0,518,0.2,323,1444,82,1.1,8,0.02,620,202,A02MR#F26.A07XD
1.345,"Burrata, ost",Meieriprodukter,Meieriprodukter,1187,287,60,25.7,15,0.8,2.6,6.3,2.7,0,7.9,0.7,6.6,0.8,0.4,0.4,0,0,0,0,0,0,0,0.4,0.4,70,1.8,0,1.8,0,0,0,12.1,0.3,0,216,229,203,159,0.2,0.6,0.03,0.21,0.3,3.1,0.06,12,1.1,0,127,0.2,134,127,9,1.7,2,0,234,3,A02QP#F02.A06BL$F27.A02LT$F28.A0C6E
1.025,"Camembert, hvitmuggost",Meieriprodukter,Meieriprodukter,1252,302,56,25,14.2,0.8,2.4,6.5,2.4,0.8,5.6,0.4,4.9,0.7,0.6,0.1,0,0,0,0,0,0,0,0.1,0.6,72,0.1,0,0.1,0,0,0,19.3,1.2,0,208,212,204,49,0,0.5,0.02,0.54,1.3,5.8,0.22,51,0.9,0,450,0.1,490,110,19,2.5,10,0.02,350,33,A02RX
1.027,"Cheddar, gulost",Meieriprodukter,Meieriprodukter,1614,389,43,32,20.3,1,3.2,9.1,3.3,1,7.7,0.7,6.5,0.7,0.5,0.1,0,0,0,0,0,0,0,0.1,0.1,79,0.3,0,0.3,0,0,0,25,2,0,376,387,364,141,0.3,0.6,0.03,0.28,0.1,5.9,0.15,31,2.4,0,660,0.2,800,70,24,3.4,6,0.04,445,30,A02YK
1.251,"Chevre, geitost, naturell",Meieriprodukter,Meieriprodukter,1308,316,56,28,18.1,0.9,2.3,8.2,3.5,0.8,6.6,0.5,6,0.7,0.5,0.1,0,0,0,0,0,0,0,0.1,0.5,83,1,0,1,0,0,0,15,1.1,0,210,210,210,1,0,0.7,0.03,0.53,0.8,4.3,0.06,82,0.8,0,64,0.2,440,121,12,0.5,9,0.04,240,80,A02QQ#F27.A02MB
1.028,Cottage cheese,Meieriprodukter,Meieriprodukter,406,97,81,4.3,2.7,0.1,0.4,1.2,0.5,0.1,1,0.1,0.9,0.1,0.1,0,0,0,0,0,0,0,0,0,0,11,1.5,0,1.5,0,0,0,13,0.4,0,18,20,16,25,0,0,0.05,0.2,0.1,3.1,0,12,0.6,0,80,0,160,82,9,0.6,4,0.02,165,15,A02QG#F18.A07NL$F19.A07PR
1.062,"Crème Chérie, mykost",Meieriprodukter,Meieriprodukter,1385,335,55,31,19.6,0.9,3.1,8.8,3.2,0.9,7.5,0.7,6.3,0.7,0.4,0.1,0,0,0,0,0,0,0,0.1,0.1,76,0,0,0,0,0,0,14,2.3,0,155,170,140,182,0.2,0.7,0.02,0.16,0,3.3,0,14,0.5,0,390,0.3,900,104,16,2.3,0,0.08,960,6,A031B
1.089,"Crème fraîche, 35 % fett",Meieriprodukter,Meieriprodukter,1378,335,60,35,22.2,1.1,3.5,9.9,3.6,1,8.4,0.8,7.1,0.8,0.5,0.1,0,0,0,0,0,0,0,0.1,0.1,86,2.9,0,2.9,0,0,0,2,0.1,0,505,522,488,206,0.2,0.8,0.03,0.15,0,0.5,0.02,4,0.2,0,80,0,30,97,6,0.2,1,0,53,17,A02NC#F07.A074A
1.03,"Edamer, gulost",Meieriprodukter,Meieriprodukter,1475,355,45,27,17.1,0.8,2.7,7.6,2.8,0.8,6.5,0.6,5.5,0.6,0.4,0.1,0,0,0,0,0,0,0,0.1,0.1,66,0,0,0,0,0,0,28,1.5,0,257,270,244,159,0,0.7,0.08,0.3,0.4,6.9,0.03,41,2.4,0,800,0.2,600,76,32,4.4,10,0.04,580,30,A02TV#F07.A073Q
1.188,"Feta, ost med geitmelk",Meieriprodukter,Meieriprodukter,1080,260,61,20.8,13.3,0.7,2.1,6.1,2,0.7,4.8,0.3,3.3,0.5,0.3,0.1,0,0,0,0,0,0,0,0.1,0.3,63,0.2,0,0.2,0,0,0,18.1,2.7,0,198,205,191,84,0.2,0.2,0.05,0.45,1.8,6,0.25,62,1.1,0,220,0.1,1060,34,8,1.5,9,0.03,224,12,A02RC
1.053,"Fløtemysost, brunost",Meieriprodukter,Meieriprodukter,1693,406,31,26,16.5,0.8,2.6,7.4,2.7,0.8,6.3,0.6,5.3,0.6,0.4,0.1,0,0,0,0,0,0,0,0.1,0.1,64,32,0,32,0,0,0,11,0.9,0,246,258,234,149,0,0,0.18,1.01,0,2.6,0.05,51,1.9,0,540,0.2,340,1410,79,1.1,7,0.02,603,134,A02MR#F07.A073P$F18.A07NZ$F19.A07PR$F27.A02LV
1.054,"Fløtemysost, brunost, lett",Meieriprodukter,Meieriprodukter,1493,356,31,16,10.1,0.5,1.6,4.5,1.7,0.5,3.9,0.4,3.3,0.4,0.2,0.1,0,0,0,0,0,0,0,0.1,0.1,39,41,0,41,0,0,0,12,0.9,0,155,163,147,96,0,0.4,0.19,1.05,0,2.8,0,39,1.5,0,553,0.7,360,1452,87,1,8,0.01,565,154,A02MR#F10.A0CRG$F18.A07NZ$F19.A07PR$F27.A02LV
1.032,Gamalost,Meieriprodukter,Meieriprodukter,940,221,45,0.6,0.4,0,0.1,0.2,0.1,0,0.1,0,0.1,0,0,0,0,0,0,0,0,0,0,0,0,1,0,0,0,0,0,0,54,0.1,0,10,10,9,6,0,0,0.05,0.75,2.5,15.1,0.08,22,0.8,0,150,0.3,20,98,13,2.8,20,0.09,530,44,A02RH#F07.A06YP$F18.A07NL$F19.A07PR$F27.A02MA$F28.A07KA
1.013,"Geitmelk, langtidsholdbar",Meieriprodukter,Meieriprodukter,286,69,89,4.5,2.9,0.1,0.4,1.3,0.6,0.1,1.1,0.1,1,0.1,0.1,0,0,0,0,0,0,0,0,0,0.1,13,4,0,4,0,0,0,3,0,0,18,18,18,3,0,0.1,0.02,0.2,0.4,1.1,0.06,0,0,0,103,0.1,3,165,13,0.3,2,0.13,94,66,A02MB
1.052,"Geitost, brunost",Meieriprodukter,Meieriprodukter,1713,411,31,27,17.4,0.8,2.2,7.9,3.4,0.7,6.3,0.5,5.8,0.6,0.5,0.1,0,0,0,0,0,0,0,0.1,0.5,80,29,0,29,0,0,0,13,0.8,0,339,339,339,0,0,0.9,0.15,1.47,0,3,0.01,9,0.7,0,553,0.2,330,1700,95,1.3,6,0.03,747,307,A02MR#F07.A073Q$F18.A07NZ$F19.A07PR$F27.A02MB
1.248,"Geitost, hvit, Balsfjord",Meieriprodukter,Meieriprodukter,1649,398,43,34,22,1.1,2.8,10,4.3,0.9,8,0.6,7.2,0.8,0.6,0.1,0,0,0,0,0,0,0,0.1,0.6,101,0,0,0,0,0,0,23,1,0,256,256,256,1,0,0.9,0.1,0.26,0.4,5.8,0.05,19,0.2,0,1000,0.3,400,101,63,3.9,9,0.06,710,86,A02SV#F27.A02MB
1.249,"Geitost, hvit, Kvitlin",Meieriprodukter,Meieriprodukter,1612,389,44,33,21.3,1,2.8,9.7,4.2,0.9,7.8,0.6,7,0.8,0.6,0.1,0,0,0,0,0,0,0,0.1,0.6,98,0,0,0,0,0,0,23,1.5,0,225,225,225,1,0,0.8,0.1,0.26,0.4,5.8,0.05,19,0.2,0,1000,0.3,600,101,63,3.9,9,0.06,710,86,A02SV#F27.A02MB
1.257,"Geitost, smørbar, dill, Snøfrisk",Meieriprodukter,Meieriprodukter,997,241,68,23,14.9,0.7,1.9,6.8,2.9,0.6,5.4,0.4,4.9,0.5,0.4,0.1,0,0,0,0,0,0,0,0.1,0.4,68,2.6,0,2.6,0,0,0,6,1.5,0,218,229,207,135,0,0.6,0.02,0.17,0.2,1.6,0.04,14,0.2,0,97,0.1,600,145,12,0.7,6,0.01,105,50,A02QZ#F18.A07NL$F19.A07PR$F27.A02MB
1.26,"Geitost, smørbar, kantarell, Snøfrisk",Meieriprodukter,Meieriprodukter,997,241,68,23,14.9,0.7,1.9,6.8,2.9,0.6,5.4,0.4,4.9,0.5,0.4,0.1,0,0,0,0,0,0,0,0.1,0.4,68,2.6,0,2.6,0.4,0.4,0,6,1.3,0,218,229,207,135,0,0.6,0.02,0.17,0.2,1.6,0.04,14,0.2,0,97,0.1,520,145,12,0.7,6,0.01,105,58,A02QZ#F18.A07NL$F19.A07PR$F27.A02MB
1.117,"Geitost, smørbar, naturell, Snøfrisk",Meieriprodukter,Meieriprodukter,1049,254,67,24,15.2,0.7,2.4,6.8,2.5,0.7,5.8,0.6,4.9,0.5,0.3,0.1,0,0,0,0,0,0,0,0.1,0.1,59,2.5,0,2.5,0,0,0,7,1.3,0,109,115,102,79,0,0.7,0.02,0.13,0.2,1.8,0.12,9,0.2,0,85,0,520,135,11,0.1,6,0,105,39,A02QZ#F18.A07NL$F19.A07PR$F27.A02MB
1.258,"Geitost, smørbar, rødløk og timian, Snøfrisk",Meieriprodukter,Meieriprodukter,999,242,68,23,14.9,0.7,1.9,6.8,2.9,0.6,5.4,0.4,4.9,0.5,0.4,0.1,0,0,0,0,0,0,0,0.1,0.4,68,2.7,0,2.7,0,0,0,6,1.6,0,218,229,207,135,0,0.6,0.02,0.17,0.2,1.6,0.04,14,0.2,0,97,0.1,640,145,12,0.7,6,0.01,105,60,A02QZ#F18.A07NL$F19.A07PR$F27.A02MB
1.058,"Gomme, Namdal",Meieriprodukter,Meieriprodukter,1056,252,52,12,7.6,0.4,1.2,3.4,1.2,0.4,2.9,0.3,2.5,0.3,0.2,0.1,0,0,0,0,0,0,0,0.1,0.1,30,26,0,26,6,6,0,10,0.6,0,114,119,108,70,0,0.3,0.19,0.73,0,2.3,0,43,1.1,0,398,0.5,250,1007,61,0.8,10,0.01,402,107,A02QF#F27.A02LV
1.261,"Gorgonzola, blåmuggost",Meieriprodukter,Meieriprodukter,1485,359,49,31.2,20.3,1,3.1,8.1,3.2,0.6,6.8,0.4,6.2,0.9,0.5,0.1,0,0,0,0,0,0,0,0.2,0.6,87,0.1,0,0.1,0,0,0,19.4,3.6,0,350,364,336,168,0,0,0.01,0.18,0.9,5.4,0.07,52,1.2,0,612,0.3,1450,138,18,2.5,7,0.02,356,12,A030H
1.302,Goudaost,Meieriprodukter,Meieriprodukter,1562,377,44,30.6,20.3,1.1,3.2,8.6,2.9,1.1,6.8,0.5,5.7,0.6,0.7,0.2,0,0,0,0,0,0,0,0.2,0.7,85,0,0,0,0,0,0,25.3,2.3,0,270,281,258,139,0.2,0.6,0.03,0.3,0.1,6,0.08,43,1.7,0,773,0.3,925,82,32,3.9,8,0,498,21,A02VA#F02.A06BN$F10.A0CJP$F27.A02LT$F28.A0C6E$F28.A0C6F
1.336,"Grana padano, ost",Meieriprodukter,Meieriprodukter,1535,369,41,26.9,17.4,0.9,3,8.4,2.4,1.1,6.9,0.5,6,1,0.8,0.1,0,0,0,0,0,0,0,0.1,0.8,94,0,0,0,0,0,0,31.8,1.3,0,211,213,208,31,0.8,0.7,0.02,0.17,0,7.4,0.15,55,1.1,0,970,0.1,530,99,41,4.9,18,0.5,610,81,A02ZQ#F02.A06BN$F10.A0CJP$F27.A02LT$F28.A0C6E$F28.A0C6F
1.262,"Gruyere, ost",Meieriprodukter,Meieriprodukter,1710,412,38,32.3,18.9,0.9,3.4,8.8,2.3,0.6,10,0.7,8.6,1.7,1.3,0.4,0,0,0,0,0,0,0,0.4,1.3,110,0.4,0,0.4,0,0,0,29.8,1.8,0,271,273,268,33,0.6,0.3,0.06,0.28,0.1,7.1,0.08,10,1.6,0,1011,0.2,714,81,36,3.9,5,0.03,605,40,A02YP
1.038,Gräddost,Meieriprodukter,Meieriprodukter,1729,418,43,38,24.1,1.1,3.8,10.8,4,1.1,9.2,0.9,7.8,0.8,0.5,0.1,0,0,0,0,0,0,0,0.1,0.1,94,0,0,0,0,0,0,19,1.3,0,362,380,343,223,0,1,0.05,0.21,0.3,4.7,0.02,22,1.7,0,600,0.2,500,55,25,3.2,10,0.03,430,42,A02VB
1.055,"Gudbrandsdalsost, brunost",Meieriprodukter,Meieriprodukter,1716,412,32,28,17.7,0.8,2.8,7.9,2.9,0.8,6.8,0.6,5.7,0.6,0.4,0.1,0,0,0,0,0,0,0,0.1,0.1,69,30,0,30,0,0,0,10,0.8,0,254,264,244,123,0,0.7,0.14,1.06,0.3,2.6,0.06,25,1.3,0,460,0,300,1221,71,0.8,10,0.02,510,164,A02MR#F18.A07NZ$F19.A07PR$F27.A02LV$F27.A02MB
1.072,"Gudbrandsdalsost, brunost, lett",Meieriprodukter,Meieriprodukter,1510,360,30,16,10.1,0.5,1.6,4.5,1.7,0.5,3.9,0.4,3.3,0.4,0.2,0.1,0,0,0,0,0,0,0,0.1,0.1,39,42,0,42,0,0,0,12,0.9,0,146,151,140,66,0,0.4,0.16,1.09,0,2.8,0,39,1.5,0,594,0.8,360,1519,92,1,13,0.02,605,189,A02MR#F10.A0CRG$F18.A07NZ$F19.A07PR
1.185,"Gulost, uspesifisert",Meieriprodukter,Meieriprodukter,1444,348,46,26.7,16.9,0.8,2.7,7.5,2.8,0.8,6.4,0.6,5.4,0.6,0.4,0.1,0,0,0,0,0,0,0,0.1,0.1,65,0,0,0,0,0,0,26.9,1.2,0,127,128,125,18,0,0.5,0.09,0.3,0.5,6.8,0.03,43,2.4,0,818,0.2,486,76,33,4.6,11,0.04,595,30,A02SV#F10.A0F2R$F26.A07XD
1.27,"Halloumi, ost",Meieriprodukter,Meieriprodukter,1204,290,55,21.9,14.9,0.8,2.3,6.8,1.9,0.8,4.6,0.3,4,0.8,0.7,0.1,0,0,0,0,0,0,0,0.1,0.7,71,0.9,0,0.9,0,0,0,22.3,4.2,0,192,192,192,0,0.2,0.5,0.02,0.25,0.1,5.3,0.04,2,0.6,0,633,0.2,1680,74,34,3,10,0.03,406,34,A065R
1.001,"Helmelk, 3,5 % fett, Tine",Meieriprodukter,Meieriprodukter,264,63,89,3.5,2.2,0.1,0.3,1,0.4,0.1,0.8,0.1,0.7,0.1,0.1,0,0,0,0,0,0,0,0,0,0,9,4.5,0,4.5,0,0,0,3.4,0.1,0,22,23,20,19,0,0,0,0.15,0,0.8,0,0,0.6,0,130,0,40,171,11,0.4,1,0.02,115,16,A02LY
1.272,"Helmelk, 3,5 % fett, laktosefri",Meieriprodukter,Meieriprodukter,249,60,90,3.5,2.2,0.1,0.3,1,0.4,0.1,0.8,0.1,0.7,0.1,0.1,0,0,0,0,0,0,0,0,0,0,9,3,0,3,0,0,0,4,0.1,0,0,0,0,0,0,0.1,0.02,0.06,0.1,1,0.03,5,0.5,0,120,0,30,160,8,0.3,2,0,91,14,A02LY#F07.A06ZY$F10.A0CQD$F18.A07NL$F19.A07PN
1.235,"Helmelk, 4 % fett, Q-meieriene",Meieriprodukter,Meieriprodukter,280,67,88,3.9,2.6,0.1,0.4,1.2,0.5,0.1,1,0.1,0.8,0.2,0.1,0,0,0,0,0,0,0,0,0,0.1,10,4.5,0,4.5,0,0,0,3.5,0.1,0,38,40,36,25,0,0.1,0.05,0.14,0.1,0.9,0.04,11,0.5,0,140,0,40,180,13,0.6,0,0.02,105,16,A02LY
1.283,"Helmelk, 4,1 % fett, økologisk",Meieriprodukter,Meieriprodukter,279,67,88,4.1,2.7,0.1,0.5,1.2,0.4,0.1,0.9,0.1,0.7,0.1,0.1,0,0,0,0,0,0,0,0,0,0,11,4.5,0,4.5,0,0,0,3,0.1,0,26,27,24,22,0,0,0,0.15,0,0.7,0,0,0.4,0,120,0,35,170,0,0,0,0,100,20,A02LY#F07.A070E$F18.A07NL$F19.A07PN$F21.A07SE
1.236,"Helmelk, uspesifisert",Meieriprodukter,Meieriprodukter,267,64,89,3.6,2.3,0.1,0.4,1,0.4,0.1,0.8,0.1,0.7,0.1,0.1,0,0,0,0,0,0,0,0,0,0,9,4.5,0,4.5,0,0,0,3.4,0.1,0,25,26,23,20,0,0,0.01,0.15,0,0.8,0.01,2,0.6,0,132,0,40,173,11,0.4,1,0.02,113,16,A02LY#F26.A07XD
1.035,"Jarlsberg, gulost",Meieriprodukter,Meieriprodukter,1458,351,46,27,17.1,0.8,2.7,7.6,2.8,0.8,6.5,0.6,5.5,0.6,0.4,0.1,0,0,0,0,0,0,0,0.1,0.1,66,0,0,0,0,0,0,27,1.1,0,257,270,244,159,0,0.7,0.14,0.32,0.8,7.1,0.02,36,2.2,0,770,0.5,440,71,33,4.2,12,0.04,550,32,A02VF#F18.A07NZ$F19.A07PR
1.071,"Jarlsberg, gulost, lett",Meieriprodukter,Meieriprodukter,1119,268,53,16,10.1,0.5,1.6,4.5,1.7,0.5,3.9,0.4,3.3,0.4,0.2,0.1,0,0,0,0,0,0,0,0.1,0.1,39,0,0,0,0,0,0,31,1,0,152,159,144,94,0,0.4,0.08,0.44,0.5,7.7,0.02,25,2.4,0,910,0.2,400,80,37,5,13,0.05,670,17,A02VF#F02.A06BN$F07.A073D$F10.A0CJP$F10.A0CRG$F18.A07NZ$F19.A07PR$F27.A02LT$F28.A0C6E$F28.A0C6F
1.108,"Kaffefløte, 10 % fett",Meieriprodukter,Meieriprodukter,491,118,83,10,6.3,0.3,1,2.8,1,0.3,2.4,0.2,2,0.2,0.1,0,0,0,0,0,0,0,0,0,0,25,4.1,0,4.1,0,0,0,3,0.1,0,144,148,139,59,0.1,0.2,0.04,0.15,0.1,0.8,0.03,5,0.4,0,119,0.1,40,157,11,0.4,2,0,80,17,A02ML#F07.A072X
1.109,"Kaffemelk, 3,5 % fett",Meieriprodukter,Meieriprodukter,255,61,89,3.5,2.2,0.1,0.3,1,0.4,0.1,0.8,0.1,0.7,0.1,0.1,0,0,0,0,0,0,0,0,0,0,9,4.4,0,4.4,0,0,0,3,0.1,0,42,43,40,21,0,0.1,0.05,0.15,0.1,0.8,0.04,4,0.5,0,115,0,40,150,10,0.4,1,0.01,90,16,A02LY#F07.A06ZY$F18.A07NL$F19.A07PR
1.196,"Kakao, med lettmelk, tilberedt",Meieriprodukter,Meieriprodukter,338,80,82,1.6,1,0,0.1,0.4,0.3,0,0.4,0,0.4,0,0,0,0,0,0,0,0,0,0,0,0,2,11.7,0.4,11.3,7,7,1,4.2,0.1,0,5,6,5,6,0.3,0,0.03,0.14,0.1,1.1,0.02,4,0.5,0,129,0.4,40,303,27,0.6,1,0.15,132,15,A03KY#F04.A02LZ$F04.A032H$F28.A0BA1
1.225,"Krem, pisket, på boks",Meieriprodukter,Meieriprodukter,1340,325,60,33,20.9,1,3.3,9.3,3.4,1,8,0.8,6.7,0.7,0.5,0.1,0,0,0,0,0,0,0,0.1,0.1,81,5,0,5,2,2,0,2,0.1,0,148,164,132,194,0,0.8,0.03,0.14,0,0.5,0.02,4,0.2,0,80,0,30,98,6,0.2,1,0,53,12,A02MN#F19.A07PG$F28.A07LE
1.015,"Kremfløte, 37 % fett",Meieriprodukter,Meieriprodukter,1452,353,58,37,23.4,1.1,3.7,10.5,3.9,1.1,8.9,0.8,7.5,0.8,0.5,0.1,0,0,0,0,0,0,0,0.1,0.1,91,2.9,0,2.9,0,0,0,2,0.1,0,352,370,334,217,0,0,0,0.2,0,0.5,0,0,0.4,0,76,0,30,0,0,0,2,0,90,10,A02ML#F07.A074C
1.273,"Kremfløte, 37 % fett, laktosefri",Meieriprodukter,Meieriprodukter,1452,353,58,37,23.5,1.1,3.7,10.5,3.9,1.1,8.9,0.8,7.6,0.8,0.5,0.1,0,0,0,0,0,0,0,0.1,0.1,91,2.9,0,2.9,0,0,0,2,0.1,0,535,553,517,218,0.2,0.9,0.03,0.15,0,0.5,0.02,4,0.2,0,76,0,30,92,5,0.2,1,0.09,51,12,A02ML#F07.A074C$F10.A0CQD$F18.A07NL$F19.A07PN
1.269,"Kremost, Philadelphia",Meieriprodukter,Meieriprodukter,1160,281,64,27.3,18,0.8,2.8,7.2,2.5,0,6.4,0.5,5.5,1.2,0.6,0.2,0,0,0,0,0,0,0,0.6,0.6,85,2.7,0,2.7,0,0,0,6.1,0.7,0,285,287,284,19,0.1,0.7,0.03,0.17,0.1,1.5,0.04,15,0.2,0,88,0.1,268,71,7,0.7,3,0,95,7,A02QZ#F18.A07NL$F19.A07PR
1.253,"Kremost, krydder",Meieriprodukter,Meieriprodukter,1145,277,64,27,17.1,0.8,2.7,7.6,2.8,0.8,6.5,0.6,5.5,0.6,0.4,0.1,0,0,0,0,0,0,0,0.1,0.1,66,2.6,0,2.6,0,0,0,6,1,0,257,270,244,159,0,0.7,0.03,0.19,0,1.4,0.03,15,0.3,0,96,0.1,400,120,9,0.7,8,0.01,120,26,A02QZ
1.271,"Kremost, lett, Philadelphia",Meieriprodukter,Meieriprodukter,815,196,71,16,10.6,0.5,1.6,4.3,1.5,0,3.8,0.3,3.3,0.7,0.4,0.1,0,0,0,0,0,0,0,0.1,0.4,50,5.3,0,5.3,0,0,0,7.8,0.4,0,169,169,168,11,0.1,0.4,0.02,0.1,0,1.9,0.02,18,0.1,0,52,0.1,159,42,4,0.4,4,0,57,14,A02QZ#F07.A073D$F10.A0CRG$F18.A07NL$F19.A07PR
1.15,"Kremost, naturell",Meieriprodukter,Meieriprodukter,1146,278,64,27,17.1,0.8,2.7,7.6,2.8,0.8,6.5,0.6,5.5,0.6,0.4,0.1,0,0,0,0,0,0,0,0.1,0.1,66,2.7,0,2.7,0,0,0,6,1,0,257,270,244,159,0,0.7,0.03,0.19,0,1.4,0.03,15,0.3,0,96,0.1,400,120,9,0.7,8,0.01,120,26,A02QZ
1.254,"Kremost, pepper",Meieriprodukter,Meieriprodukter,1146,278,64,27,17.1,0.8,2.7,7.6,2.8,0.8,6.5,0.6,5.5,0.6,0.4,0.1,0,0,0,0,0,0,0,0.1,0.1,66,2.7,0,2.7,0,0,0,6,1,0,257,270,244,159,0,0.7,0.03,0.19,0,1.4,0.03,15,0.3,0,96,0.1,400,120,9,0.7,8,0.01,120,26,A02QZ
1.212,"Kremost, urter",Meieriprodukter,Meieriprodukter,1146,278,64,27,17.1,0.8,2.7,7.6,2.8,0.8,6.5,0.6,5.5,0.6,0.4,0.1,0,0,0,0,0,0,0,0.1,0.1,66,2.7,0,2.7,0,0,0,6,1,0,257,270,244,159,0,0.7,0.03,0.19,0,1.4,0.03,15,0.3,0,96,0.1,400,120,9,0.7,8,0.01,120,26,A02QZ
1.036,"Kvarg, 1 % fett, Kesam",Meieriprodukter,Meieriprodukter,280,66,85,1,0.6,0,0.1,0.3,0.1,0,0.2,0,0.2,0,0,0,0,0,0,0,0,0,0,0,0,2,4.3,0,4.3,0,0,0,10,0.1,0,4,4,4,5,0,0,0,0.18,0.1,2.4,0.05,26,0.8,0,125,0,34,150,13,0.6,4,0.02,145,14,A02QK#F07.A06YT$F10.A0CRG$F18.A07NL$F19.A07PR
1.226,"Kvarg, 7 % fett, Kesam",Meieriprodukter,Meieriprodukter,450,108,82,7.1,4.5,0.2,0.7,2,0.7,0.2,1.7,0.2,1.4,0.2,0.1,0,0,0,0,0,0,0,0,0,0,17,4,0,4,2.5,0,0,7,0.1,0,32,36,29,42,0,0.2,0,0.2,0.1,1.7,0,26,0.8,0,133,0,34,140,12,0.6,3,0.02,150,16,A02QK#F07.A071M$F18.A07NL$F19.A07PR
1.23,"Lettmelk, 0,5 % fett, vitamin D, Q-meieriene",Meieriprodukter,Meieriprodukter,158,37,91,0.5,0.3,0,0,0.1,0,0,0.1,0,0.1,0,0,0,0,0,0,0,0,0,0,0,0,1,4.5,0,4.5,0,0,0,3.7,0.1,0,7,7,6,6,0.4,0,0.05,0.14,0.1,1,0.04,5,0.5,0,140,0,40,180,13,0.4,1,0.01,105,16,A02LZ#F07.A06YN$F09.A0EXM$F10.A0F6C$F18.A07NL$F19.A07PN
1.192,"Lettmelk, 0,5 % fett, vitamin D, Tine",Meieriprodukter,Meieriprodukter,155,37,92,0.5,0.3,0,0.1,0.1,0.1,0,0.1,0,0.1,0,0,0,0,0,0,0,0,0,0,0,0,1,4.5,0,4.5,0,0,0,3.5,0.1,0,3,3,3,3,0.8,0,0.05,0.15,0.1,0.9,0.04,4,0.6,0,130,0,42,171,10,0.4,1,0.01,115,16,A02LZ#F07.A06YN$F09.A0EXM$F18.A07NL$F19.A07PN
1.274,"Lettmelk, 0,5 % fett, vitamin D, laktosefri",Meieriprodukter,Meieriprodukter,139,33,92,0.5,0.3,0,0.1,0.1,0.1,0,0.1,0,0.1,0,0,0,0,0,0,0,0,0,0,0,0,1,3.1,0,3.1,0,0,0,4,0.1,0,0,0,0,0,0.4,0,0.01,0.06,0.1,1,0.03,5,0.5,0,130,0,30,160,9,0.3,2,0,96,17,A02LZ#F09.A0EXM$F10.A0CQD$F18.A07NL$F19.A07PN
1.231,"Lettmelk, 0,5 % fett, vitamin D, uspesifisert",Meieriprodukter,Meieriprodukter,156,37,91,0.5,0.3,0,0.1,0.1,0.1,0,0.1,0,0.1,0,0,0,0,0,0,0,0,0,0,0,0,1,4.5,0,4.5,0,0,0,3.6,0.1,0,4,4,4,4,0.7,0,0.05,0.15,0.1,0.9,0.04,4,0.6,0,133,0,41,174,11,0.4,1,0.01,112,16,A02LZ#F07.A06YN$F09.A0EXM$F18.A07NL$F19.A07PN$F26.A07XD
1.285,"Lettmelk, 0,7 % fett, økologisk",Meieriprodukter,Meieriprodukter,157,37,92,0.7,0.5,0,0.1,0.2,0.1,0,0.1,0,0.1,0,0,0,0,0,0,0,0,0,0,0,0,2,4.7,0,4.7,0,0,0,3,0.1,0,4,4,4,4,0,0,0,0.15,0,0.7,0,0,0.4,0,120,0,40,170,0,0,0,0,100,20,A02LZ#F07.A06YQ$F09.A0EXM$F18.A07NL$F19.A07PN$F21.A07SE
1.229,"Lettmelk, 1 % fett, uspesifisert",Meieriprodukter,Meieriprodukter,174,41,91,1,0.6,0,0.1,0.3,0.1,0,0.2,0,0.2,0,0,0,0,0,0,0,0,0,0,0,0,2,4.5,0,4.5,0,0,0,3.5,0.1,0,8,7,7,5,0,0,0.01,0.15,0,0.8,0.01,2,0.6,0,132,0,40,173,3,0.1,1,0,113,16,A02LZ#F07.A06YT$F18.A07NL$F19.A07PN$F26.A07XD
1.228,"Lettmelk, 1,0 % fett, Q-meieriene",Meieriprodukter,Meieriprodukter,176,42,91,1,0.7,0,0.1,0.2,0.1,0,0.2,0,0.2,0,0,0,0,0,0,0,0,0,0,0,0,3,4.5,0,4.5,0,0,0,3.7,0.1,0,15,15,14,7,0,0,0.05,0.14,0.1,1,0.04,11,0.5,0,140,0,40,180,13,0.6,3,0,105,16,A02LZ#F07.A06YT$F18.A07NL$F19.A07PN
1.002,"Lettmelk, 1,0 % fett, Tine",Meieriprodukter,Meieriprodukter,173,41,91,1,0.6,0,0.1,0.3,0.1,0,0.2,0,0.2,0,0,0,0,0,0,0,0,0,0,0,0,2,4.5,0,4.5,0,0,0,3.5,0.1,0,6,6,6,5,0,0,0,0.15,0,0.8,0,0,0.6,0,130,0,40,171,0,0,0,0,115,16,A02LZ#F07.A06YT$F18.A07NL$F19.A07PN
1.215,"Lettmelk, 1,0 % fett, laktosefri",Meieriprodukter,Meieriprodukter,158,37,92,1,0.6,0,0.1,0.3,0.1,0,0.2,0,0.2,0,0,0,0,0,0,0,0,0,0,0,0,2,3.1,0,3.1,0,0,0,4,0.1,0,0,0,0,0,0,0,0.02,0.06,0.1,1,0.03,5,0.5,0,120,0,30,150,9,0.3,2,0,92,17,A02LZ#F07.A06YT$F10.A0CQD$F18.A07NL$F19.A07PN$F28.A0C0Q
1.118,"Lettmelk, 1,0 % fett, laktoseredusert",Meieriprodukter,Meieriprodukter,182,43,91,1,0.6,0,0.1,0.3,0.1,0,0.2,0,0.2,0,0,0,0,0,0,0,0,0,0,0,0,2,4.5,0,4.5,0,0,0,4,0.1,0,0,0,0,0,0.4,0,0.05,0.15,0.1,1,0.04,5,0.5,0,130,0,40,171,10,0.4,1,0.01,115,16,A02LZ#F07.A06YT$F28.A07MM
1.119,"Lettmelk, 1,2 % fett, langtidsholdbar",Meieriprodukter,Meieriprodukter,189,45,90,1.2,0.8,0,0.1,0.3,0.1,0,0.3,0,0.2,0,0,0,0,0,0,0,0,0,0,0,0,3,4.5,0,4.5,0,0,0,4,0.1,0,16,16,15,7,0,0,0.05,0.15,0.1,1,0.04,5,0.5,0,130,0,40,171,10,0.4,1,0.01,115,16,A02LZ#F07.A06YX$F18.A07NL$F19.A07PN$F28.A07HX
1.268,"Lettmelk, 1,2 % fett, økologisk",Meieriprodukter,Meieriprodukter,175,42,91,1.2,0.8,0,0.1,0.3,0.1,0,0.3,0,0.2,0,0,0,0,0,0,0,0,0,0,0,0,3,4.7,0,4.7,0,0,0,3,0.1,0,8,8,7,7,0,0,0,0.15,0,0.7,0,0,0.4,0,120,0,40,170,0,0,0,0,100,20,A02LZ#F07.A06YX$F18.A07NL$F19.A07PN$F21.A07SE
1.227,"Lettmelk, kakaosmak, vitamin D",Meieriprodukter,Meieriprodukter,201,48,89,1.1,0.7,0,0.1,0.3,0.1,0,0.3,0,0.2,0,0,0,0,0,0,0,0,0,0,0,0,3,5.3,0.9,4.4,0,0,0.3,4,0.1,0,13,13,13,5,0.4,0,0.05,0.15,0.1,1,0.04,5,0.5,0,117,0.3,40,193,16,0.5,2,0,116,16,A02LZ#F09.A0EXM
1.292,"Lettmelk, uspesifisert",Meieriprodukter,Meieriprodukter,166,39,91,0.8,0.5,0,0.1,0.2,0.1,0,0.2,0,0.1,0,0,0,0,0,0,0,0,0,0,0,0,2,4.5,0,4.5,0,0,0,3.6,0.1,0,5,5,5,4,0.3,0,0.03,0.15,0.1,0.9,0.02,3,0.6,0,133,0,41,173,6,0.2,1,0,112,16,A02LZ#F18.A07NL$F19.A07PT$F26.A07XD
1.088,"Lettrømme, 10 % fett",Meieriprodukter,Meieriprodukter,491,118,83,10,6.3,0.3,1,2.8,1,0.3,2.4,0.2,2,0.2,0.1,0,0,0,0,0,0,0,0,0,0,25,4.1,0,4.1,0,0,0,3,0.1,0,44,48,39,59,0.1,0.2,0.04,0.1,0.1,0.8,0.03,5,0.4,0,119,0.1,30,156,11,0.4,2,0,79,17,A02NB#F07.A072X
1.087,"Lettrømme, 18 % fett",Meieriprodukter,Meieriprodukter,780,189,75,18,11.4,0.5,1.8,5.1,1.9,0.5,4.3,0.4,3.7,0.4,0.2,0.1,0,0,0,0,0,0,0,0.1,0.1,44,3.7,0,3.7,0,0,0,3,0.1,0,259,267,250,106,0.1,0.4,0.04,0.15,0.1,0.8,0.03,5,0.4,0,105,0,30,138,9,0.3,2,0,71,16,A02NB#F07.A073F
1.286,"Lettrømme, 18 % fett, økologisk",Meieriprodukter,Meieriprodukter,780,189,75,18,12,0.7,2.1,5.2,1.7,0.5,3.8,0.4,3.1,0.4,0.3,0.1,0,0,0,0,0,0,0,0.1,0.1,49,3.7,0,3.7,0,0,0,3,0.1,0,258,266,250,97,0.1,0.4,0.04,0.15,0.1,0.8,0.03,5,0.4,0,105,0,30,138,9,0.3,2,0,71,16,A02NB#F07.A073F$F18.A07NL$F19.A07PR$F21.A07SE
1.204,"Magerost, smørbar, 10 % fett",Meieriprodukter,Meieriprodukter,676,162,72,10,6,0.3,0.9,2.4,0.9,0.3,2.7,0.1,1.8,0.2,0.1,0,0,0,0,0,0,0,0,0.1,0.2,27,0,0,0,0,0,0,18,2.8,0,53,55,51,24,0.1,0.2,0.07,0.23,0.1,4.3,0.06,7,0.4,0,552,0.3,1130,96,26,2.6,1,0.05,740,6,A031C#F07.A072X
1.202,"Magerost, smørbar, 3 % fett",Meieriprodukter,Meieriprodukter,421,100,77,3,1.9,0.1,0.3,0.8,0.3,0.1,0.7,0,0.6,0.1,0.1,0,0,0,0,0,0,0,0,0,0.1,10,0,0,0,0,0,3,17,2.5,0,24,24,23,11,0,0.1,0.07,0.23,0.1,4.1,0.06,7,0.4,0,513,0.3,1000,100,25,2.6,1,0.05,741,6,A031C#F07.A06ZR
1.064,"Magerost, smørbar, 7 % fett",Meieriprodukter,Meieriprodukter,547,131,76,6.5,4.2,0.2,0.6,1.7,0.7,0.2,1.5,0.1,1.3,0.1,0.1,0,0,0,0,0,0,0,0,0,0.1,17,0,0,0,0,0,0,18,2.2,0,53,55,51,24,0,0.2,0.07,0.23,0.1,4.3,0.06,7,0.4,0,510,0.3,860,96,26,2.6,1,0.05,740,6,A031C#F07.A071M
1.3,"Manchego, ost",Meieriprodukter,Meieriprodukter,1622,391,40,30.4,18.9,0,0.1,0.2,0.1,1.5,9,0.4,0.1,0.8,0,0.2,0,0,0,0.1,0,0,0,0.2,0,88,0.5,0,0.5,0,0,0,28.8,1.7,0,0,0,0,0,0.3,0.6,0.04,0.3,0,0,0.2,21,1.5,0,765,0.6,670,100,36,4,2,0,520,34,A02ZR#F02.A06BN$F10.A0CJP$F27.A02LT$F28.A0C6E$F28.A0C6F
1.263,"Mascarpone, kremost",Meieriprodukter,Meieriprodukter,1797,436,47,44.5,29.5,1.6,4.8,12.7,5,1.8,11.7,0.6,9.7,1.9,0.8,0.2,0,0,0,0,0,0,0,0.3,0.9,123,4.3,0,4.3,0,0,0,4.6,0.2,0,394,411,376,214,0.3,1.1,0.04,0.22,0.1,1.2,0.04,11,0.6,0,161,0,70,137,11,0.7,2,0,116,14,A02QH
1.175,"Matfløte, 18 % fett",Meieriprodukter,Meieriprodukter,780,189,75,18,11.4,0.5,1.8,5.1,1.9,0.5,4.3,0.4,3.7,0.4,0.2,0.1,0,0,0,0,0,0,0,0.1,0.1,44,3.7,0,3.7,0,0,0,3,0.1,0,260,268,251,106,0.1,0.4,0.04,0.15,0.1,0.8,0.03,5,0.4,0,104,0,30,133,9,0.3,2,0,71,14,A02ML#F07.A073F
1.291,"Melk, uspesifisert",Meieriprodukter,Meieriprodukter,181,43,91,1.2,0.8,0,0.1,0.3,0.1,0,0.3,0,0.2,0,0,0,0,0,0,0,0,0,0,0,0,3,4.5,0,4.5,0,0,0,3.5,0.1,0,10,11,10,9,0.2,0,0.03,0.15,0.1,0.9,0.02,3,0.6,0,132,0,40,173,8,0.3,1,0.01,113,16,A02LV#F26.A07XD
1.079,"Milkshake, sjokoladesmak",Meieriprodukter,Meieriprodukter,314,74,83,1.5,1,0.1,0.1,0.4,0.2,0,0.4,0,0.3,0,0,0,0,0,0,0,0,0,0,0,0,4,11.1,0.1,11,4.8,4.8,0.2,4,0.4,0,19,19,18,9,0,0,0.08,0.19,0.1,1,0.17,5,0.5,0,134,0.3,170,241,16,0.5,1,0.01,106,17,A02QD#F04.A06MF
1.297,"Mozzarella, i lake, importert",Meieriprodukter,Meieriprodukter,886,213,67,16.6,10.6,0.5,1.6,4.9,1.7,0,4.1,0.3,3.6,0.7,0.5,0.1,0,0,0,0,0,0,0,0.1,0.5,52,0.4,0,0.4,0,0,0,15.6,0.5,0,166,168,163,33,0,0.4,0.01,0.19,0,3.6,0,8,1.1,0,306,0.1,198,26,12,2.4,0,0,227,19,A02QJ#F02.A06BL$F06.A06XT$F27.A02LT$F28.A0C6E
1.138,"Mozzarella, lett, norsk",Meieriprodukter,Meieriprodukter,1112,266,53,16,10.1,1.8,0.5,4.1,1.7,0.5,3.9,0.4,3.3,0.4,0.2,0.1,0,0,0,0,0,0,0,0.1,0.1,39,0.6,0,0.6,0,0,0,30,1,0,152,159,144,94,0,0.4,0.09,0.36,0.5,7.5,0.04,49,2.8,0,940,0.3,400,89,38,5.3,12,0.05,690,35,A02QJ#F07.A073D$F10.A0CRG
1.066,"Mozzarella, norsk",Meieriprodukter,Meieriprodukter,1320,317,49,23,14.6,0.7,2.3,6.5,2.4,0.7,5.5,0.5,4.7,0.5,0.3,0.1,0,0,0,0,0,0,0,0.1,0.1,57,0.6,0,0.6,0,0,0,27,1.2,0,218,229,207,135,0,0.6,0.09,0.33,0.4,6.7,0.03,45,2.6,0,880,0.2,480,83,35,4.9,11,0.05,640,33,A02QJ#F07.A074F
1.037,"Normanna, blåmuggost",Meieriprodukter,Meieriprodukter,1393,336,51,28,17.7,0.8,2.8,7.9,2.9,0.8,6.8,0.6,5.7,0.6,0.4,0.1,0,0,0,0,0,0,0,0.1,0.1,69,0,0,0,0,0,0,21,2.5,0,267,280,253,164,0,0.7,0.06,0.31,1.1,6,0.12,47,1.5,0,500,0.1,1000,84,21,2.8,10,0.02,360,42,A02SG#F18.A07NY$F19.A07PR$F27.A02LV
1.039,"Norvegia, gulost",Meieriprodukter,Meieriprodukter,1458,351,46,27,17.1,0.8,2.7,7.6,2.8,0.8,6.5,0.6,5.5,0.6,0.4,0.1,0,0,0,0,0,0,0,0.1,0.1,66,0,0,0,0,0,0,27,1.2,0,107,107,107,0,0,0.5,0.08,0.31,0.4,6.7,0.03,42,2.4,0,820,0.2,480,77,33,4.6,11,0.04,590,31,A02SV#F02.A06BN$F07.A073Q$F10.A0CJP$F18.A07NK$F19.A07PR$F27.A02LT$F28.A0C6E$F28.A0C6F
1.247,"Norvegia, gulost, fyldig",Meieriprodukter,Meieriprodukter,1535,370,45,30,19,0.9,3,8.5,3.1,0.9,7.2,0.7,6.1,0.7,0.4,0.1,0,0,0,0,0,0,0,0.1,0.1,74,0,0,0,0,0,0,25,1.2,0,286,300,271,176,0,0.8,0.07,0.31,0.3,6.1,0.03,24,2.2,0,730,0.2,480,70,30,4.1,10,0.04,550,41,A02SV#F07.A073T$F18.A07NZ$F19.A07PR
1.04,"Norvegia, gulost, lett",Meieriprodukter,Meieriprodukter,1119,268,53,16,10.1,0.5,1.6,4.5,1.7,0.5,3.9,0.4,3.3,0.4,0.2,0.1,0,0,0,0,0,0,0,0.1,0.1,39,0,0,0,0,0,0,31,1.2,0,161,167,155,77,0,0.4,0.24,0.26,1.9,9.1,0.04,42,2.4,0,930,0.2,470,73,38,5.2,10,0.04,680,17,A02SV#F07.A073D$F10.A0CRG$F18.A07NZ$F19.A07PR
1.245,"Norvegia, gulost, vellagret",Meieriprodukter,Meieriprodukter,1495,360,45,28,17.7,0.8,2.8,7.9,2.9,0.8,6.8,0.6,5.7,0.6,0.4,0.1,0,0,0,0,0,0,0,0.1,0.1,69,0,0,0,0,0,0,27,1.2,0,127,140,113,164,0,0.5,0.08,0.29,0.4,6.7,0.03,40,2.3,0,780,0.2,480,74,31,4.3,10,0.04,570,29,A02SV#F07.A073R$F18.A07NZ$F19.A07PR
1.246,"Norvegia, gulost, økologisk",Meieriprodukter,Meieriprodukter,1458,351,46,27,17.9,1,3.1,7.8,2.5,0.8,5.7,0.6,4.7,0.6,0.5,0.1,0,0,0,0,0,0,0,0.1,0.1,74,0,0,0,0,0,0,27,1.2,0,257,270,244,159,0,0.7,0.08,0.3,0.4,6.7,0.03,41,2.4,0,800,0.2,480,76,32,4.4,10,0.04,580,30,A02SV#F07.A073Q$F18.A07NZ$F19.A07PR$F21.A07SE
1.042,"Norzola, blåmuggost",Meieriprodukter,Meieriprodukter,1584,383,48,35,22.2,1.1,3.5,9.9,3.6,1,8.4,0.8,7.1,0.8,0.5,0.1,0,0,0,0,0,0,0,0.1,0.1,86,0,0,0,0,0,0,17,2.5,0,333,350,316,206,0,0.9,0.06,0.31,1.1,5.1,0.12,47,1.5,0,500,0.1,1000,84,21,2.8,10,0.02,360,42,A02SG#F07.A075D$F18.A07NY$F19.A07PR
1.043,Nøkkelost,Meieriprodukter,Meieriprodukter,1458,351,46,27,17.1,0.8,2.7,7.6,2.8,0.8,6.5,0.6,5.5,0.6,0.4,0.1,0,0,0,0,0,0,0,0.1,0.1,66,0,0,0,0,0,0,27,1.5,0,257,270,244,159,0,0.7,0.08,0.3,0.4,6.7,0.03,40,2.4,0,800,0.2,600,76,32,4.4,10,0.04,580,30,A02VX
1.142,"Nøkkelost, lett",Meieriprodukter,Meieriprodukter,1136,272,52,16,10.1,0.5,1.6,4.5,1.7,0.5,3.9,0.4,3.3,0.4,0.2,0.1,0,0,0,0,0,0,0,0.1,0.1,39,0,0,0,0,0,0,32,1.4,0,152,159,144,94,0,0.4,0.09,0.35,0.5,8,0.04,48,2.8,0,940,0.2,560,88,38,5.2,12,0.05,680,35,A02VX#F07.A073D$F18.A07NZ$F19.A07PR
1.301,"Paneer, ost",Meieriprodukter,Meieriprodukter,1348,325,50,24.5,15.4,0.7,2.3,6.1,2.8,1.3,6.2,0.3,5.3,0.5,0.9,0.2,0,0,0,0,0,0,0,0.2,0.7,0,0,0,0,0,0,0,26,0,0,251,253,248,34,0,0.4,0,0.2,0.1,6.2,0,25,0,0,537,0,19,69,23,3.2,0,0,383,0,A02QF#F02.A06BL$F27.A02LT$F28.A0C6E
1.2,"Parmesan, Parmigiano Reggiano, ost",Meieriprodukter,Meieriprodukter,1720,414,37,32.2,20.7,1.1,3.7,9.7,2.9,1.1,8.1,0.5,7.1,1.3,1,0.2,0,0,0,0.1,0,0,0,0.2,1,97,0,0,0,0,0,0,31.1,1.3,0,278,280,276,28,0.2,0.6,0,0.27,0.1,7.3,0.76,12,1.3,0,840,0.1,510,87,35,4.4,23,0.84,590,50,A02ZH
1.219,"Pizzaost, revet",Meieriprodukter,Meieriprodukter,1255,301,50,20,12.7,0.6,2,5.7,2.1,0.6,4.8,0.5,4.1,0.4,0.3,0.1,0,0,0,0,0,0,0,0.1,0.1,49,0.3,0,0.3,0,0,0,30,1.1,0,277,289,265,148,0,0.6,0.08,0.38,0.5,7.5,0.03,35,2.5,0,900,0.2,440,82,36,4.9,12,0.05,650,45,A02SV#F28.A07KV
1.046,"Port Salut, kittmodnet ost",Meieriprodukter,Meieriprodukter,1333,321,51,25,15.8,0.8,2.5,7.1,2.6,0.7,6,0.6,5.1,0.6,0.3,0.1,0,0,0,0,0,0,0,0.1,0.1,62,0,0,0,0,0,0,24,1.5,0,238,250,226,147,0,0.7,0.07,0.33,0.4,6,0.04,65,3.4,0,720,0.2,600,74,30,4,10,0.04,520,42,A02RJ
1.059,Prim,Meieriprodukter,Meieriprodukter,1129,268,43,8,5.1,0.2,0.8,2.3,0.8,0.2,1.9,0.2,1.6,0.2,0.1,0,0,0,0,0,0,0,0,0,0,20,42,0,42,9,9,0,7,0.8,0,74,77,70,45,0,0.2,0.22,1.12,0,1.6,0.17,32,1,0,363,0.1,320,1233,67,0.2,6,0.01,430,68,A02MR#F18.A07NL$F19.A07PN
1.06,"Prim, lett",Meieriprodukter,Meieriprodukter,1032,244,44,4,2.5,0.1,0.4,1.1,0.4,0.1,1,0.1,0.8,0.1,0.1,0,0,0,0,0,0,0,0,0,0,10,45,0,45,9,9,0,7,0.8,0,38,40,36,24,0,0.1,0.22,0.88,0,1.6,0,53,1,0,341,0.1,300,1273,71,0.1,6,0,399,68,A02MR#F10.A0CRG$F18.A07NL$F19.A07PN
1.22,"Prim, med jern, Sprett",Meieriprodukter,Meieriprodukter,1146,272,42,8,5.1,0.2,0.8,2.3,0.8,0.2,1.9,0.2,1.6,0.2,0.1,0,0,0,0,0,0,0,0,0,0,20,43,0,43,9,9,0,7,0.8,0,76,79,72,47,0,0.2,0.22,0.87,0,1.6,0,52,1,0,343,10,300,1256,70,0.1,6,0,398,68,A02MR#F09.A0EXD$F10.A0F6C$F18.A07NL$F19.A07PN
1.341,Pultost,Meieriprodukter,Meieriprodukter,626,148,64,0.9,0.5,0,0.1,0.2,0.1,0,0.2,0,0.2,0,0,0,0,0,0,0,0,0,0,0,0,2,0,0,0,0,0,0,35,2.1,0,10,10,9,6,0,0,0.05,0.73,2.4,10.6,0.08,22,0.8,0,145,0.3,850,96,13,2.8,20,0.09,515,34,A02RH#F02.A06BN$F10.A0CJQ$F27.A02MA$F28.A0C6E$F28.A0C6F
1.25,"Pultost, Hedemark",Meieriprodukter,Meieriprodukter,717,169,59,1,0.6,0,0.1,0.3,0.1,0,0.2,0,0.2,0,0,0,0,0,0,0,0,0,0,0,0,2,0,0,0,0,0,0,40,2.3,0,10,10,9,6,0,0,0.06,0.89,2.9,12.2,0.1,26,0.9,0,180,0.3,900,117,16,3.4,24,0.1,630,42,A02RH#F27.A02MA
1.047,"Pultost, Løiten",Meieriprodukter,Meieriprodukter,536,126,69,0.7,0.4,0,0.1,0.2,0.1,0,0.2,0,0.1,0,0,0,0,0,0,0,0,0,0,0,0,2,0,0,0,0,0,0,30,2,0,10,10,9,6,0,0,0.04,0.57,1.9,8.9,0.06,17,0.6,0,110,0.2,800,75,10,2.2,15,0.07,400,26,A02RH#F27.A02MA
1.267,"Raclette, ost",Meieriprodukter,Meieriprodukter,1481,357,46,27.9,16.7,0.9,2.6,6.9,2.8,0,6.5,0.3,5.3,1.3,0.4,0.1,0,0,0,0,0,0,0,0.1,0.5,84,0,0,0,0,0,0,26.4,1.8,0,263,271,255,100,0.2,0.7,0.01,0.22,0.2,6.4,0.06,49,1.4,0,671,0.1,728,70,27,3.9,8,0.06,492,27,A02XF
1.266,"Ricotta, ferskost",Meieriprodukter,Meieriprodukter,519,125,82,10.2,6.4,0.3,1.1,3.1,1,0.3,2.7,0.2,2.3,0.4,0.2,0,0,0,0,0,0,0,0,0.1,0.3,49,0.8,0,0.8,0,0,0,7.5,0.3,0,120,122,117,33,0.2,0.1,0.01,0.3,0.1,1.9,0.1,4,0.9,0,206,0.1,110,219,20,0.5,6,0.02,154,8,A02QL
1.048,Ridderost,Meieriprodukter,Meieriprodukter,1746,422,42,38,24.1,1.1,3.8,10.8,4,1.1,9.2,0.9,7.8,0.8,0.5,0.1,0,0,0,0,0,0,0,0.1,0.1,94,0,0,0,0,0,0,20,1.5,0,362,380,343,223,0,1,0.06,0.29,0.3,5,0.03,57,3,0,620,0.2,600,64,26,3.5,8,0.03,540,37,A02RJ
1.264,"Roquefort, blåmuggost",Meieriprodukter,Meieriprodukter,1470,355,50,31,20.2,1,3.1,8,3.2,0.6,6.8,0.4,6.1,0.9,0.5,0.1,0,0,0,0,0,0,0,0.2,0.6,90,0,0,0,0,0,0,19,4,0,300,304,295,58,0.7,0.6,0.03,0.41,0.6,5,0.1,45,0.4,0,608,0.4,1600,120,27,3.7,6,0.12,430,40,A030K
1.252,"Selbu blå, blåmuggost",Meieriprodukter,Meieriprodukter,1735,420,45,40,25.3,1.2,4,11.3,4.2,1.2,9.6,0.9,8.2,0.9,0.6,0.2,0,0,0,0,0,0,0,0.2,0.2,98,0,0,0,0,0,0,15,2.2,0,381,400,361,235,0,1,0.05,0.27,0.9,4.4,0.11,42,1.4,0,440,0.1,880,75,19,2.5,9,0.02,320,37,A030B#F18.A07NZ
1.287,"Selbu blå, blåmuggost, økologisk",Meieriprodukter,Meieriprodukter,1698,411,46,39,25.9,1.4,4.5,11.2,3.6,1.1,8.3,0.8,6.7,0.9,0.7,0.2,0,0,0,0,0,0,0,0.2,0.2,107,0,0,0,0,0,0,15,2.2,0,331,346,315,187,0,1,0.05,0.23,0.9,4.4,0.11,45,1.2,0,380,0.1,860,75,19,2.1,9,0.02,280,23,A02SG#F18.A07NY$F19.A07PR$F21.A07SE
1.086,"Seterrømme, 35 % fett",Meieriprodukter,Meieriprodukter,1378,335,60,35,22.2,1.1,3.5,9.9,3.6,1,8.4,0.8,7.1,0.8,0.5,0.1,0,0,0,0,0,0,0,0.1,0.1,86,2.9,0,2.9,0,0,0,2,0.1,0,505,522,488,206,0.2,0.8,0.03,0.15,0,0.5,0.02,4,0.2,0,80,0,30,97,6,0.2,1,0,53,13,A02NB#F07.A074A
1.127,"Sjokolademelk, Litago",Meieriprodukter,Meieriprodukter,201,48,89,0.8,0.5,0,0.1,0.2,0.1,0,0.2,0,0.2,0,0,0,0,0,0,0,0,0,0,0,0,2,5.9,0.1,5.8,2.9,2.9,0.4,4,0.1,0,8,8,7,7,0.4,0,0.05,0.15,0.1,1,0.04,5,0.6,0,128,0.6,40,213,18,0.5,2,0.01,120,16,A02LZ#F07.A06YZ$F18.A07NL$F19.A07PT
1.008,"Sjokolademelk, Sjokomelk",Meieriprodukter,Meieriprodukter,261,62,86,1.2,0.8,0,0.1,0.3,0.1,0,0.3,0,0.2,0,0,0,0,0,0,0,0,0,0,0,0,3,8.5,0.1,8.4,4.1,4.1,0.3,4,0.1,0,15,15,14,7,0,0,0.05,0.15,0.1,1,0.04,5,0.5,0,125,0.4,40,162,16,0.5,2,0.01,115,15,A02LZ#F18.A07NL$F19.A07PT
1.339,"Sjokolademelk, av pulver og helmelk",Meieriprodukter,Meieriprodukter,363,86,83,3.5,2.2,0.1,0.3,1,0.4,0.1,0.8,0.1,0.7,0.1,0.1,0,0,0,0,0,0,0,0,0,0,9,10,0.2,9.8,5.6,5.6,0.4,3.5,0.1,0,23,24,21,19,0,0,0.01,0.14,0.1,0.8,0.01,2,0.5,0,125,0.5,52,220,20,0.6,1,0.08,118,15,A03KZ#F02.A068Y$F04.A03HG$F28.A07MQ
1.197,"Sjokolademelk, av pulver og lettmelk",Meieriprodukter,Meieriprodukter,268,63,85,0.9,0.5,0,0.1,0.2,0.1,0,0.2,0,0.2,0,0,0,0,0,0,0,0,0,0,0,0,2,10,0.2,9.8,5.6,5.6,0.4,3.6,0.1,0,5,5,5,4,0.3,0,0.03,0.14,0.1,0.9,0.02,3,0.5,0,126,0.5,53,220,15,0.4,1,0.06,118,15,A02LZ#F18.A07NL$F19.A07PT
1.34,"Sjokolademelk, av pulver og melk",Meieriprodukter,Meieriprodukter,283,67,85,1.3,0.8,0,0.1,0.4,0.2,0,0.3,0,0.3,0,0,0,0,0,0,0,0,0,0,0,0,3,10,0.2,9.8,5.6,5.6,0.4,3.6,0.1,0,10,10,9,8,0.2,0,0.03,0.14,0.1,0.9,0.02,3,0.5,0,125,0.5,53,220,16,0.4,1,0.07,118,15,A03KZ#F02.A068Y$F04.A03HG$F28.A07MQ
1.28,"Sjokolademelk, uten tilsatt sukker, Litago Uten",Meieriprodukter,Meieriprodukter,209,50,88,1.3,0.8,0,0.1,0.4,0.1,0,0.3,0,0.3,0,0,0,0,0,0,0,0,0,0,0,0,3,4.6,0.1,4.5,0,0,2,4,0.1,0,16,16,15,7,0,0,0.05,0.15,0.1,1,0.04,5,0.5,0,118,0.6,40,213,18,0.5,2,0,121,16,A02LZ#F10.A077K$F18.A07NL$F19.A07PN
1.289,"Skummet melk, Styrk",Meieriprodukter,Meieriprodukter,167,39,90,0.1,0.1,0,0,0,0,0,0,0,0,0,0,0,0,0,0,0,0,0,0,0,0,0,4.6,0,4.6,0,0,0,5,0.1,0,1,1,1,1,0.8,0,0.02,0.2,0.1,1.3,0.04,8,0.8,0,200,0,40,190,16,0.6,3,0.01,150,21,A02MA#F09.A0EXM$F18.A07NL$F19.A07PT
1.003,"Skummet melk, Tine",Meieriprodukter,Meieriprodukter,140,33,92,0.1,0.1,0,0,0,0,0,0,0,0,0,0,0,0,0,0,0,0,0,0,0,0,0,4.5,0,4.5,0,0,0,3.5,0.1,0,1,1,1,1,0,0,0.05,0.15,0.1,0.9,0.04,4,0.6,0,130,0,40,171,10,0.4,1,0.01,115,16,A02MA#F26.A07XD
1.306,"Skyr, banan",Meieriprodukter,Meieriprodukter,314,74,82,0.2,0.1,0,0,0,0,0,0,0,0,0,0,0,0,0,0,0,0,0,0,0,0,0,8,0,8,2.1,2.5,0.1,10,0.1,0,0,0,0,0,0,0,0.02,0.14,0.3,2.6,0.06,0,0.7,1,97,0,50,110,13,0.5,0,0,140,13,A02QM#F02.A06BL$F27.A02LT$F28.A0C6E
1.307,"Skyr, bringebær",Meieriprodukter,Meieriprodukter,228,54,87,0.2,0.1,0,0,0,0,0,0,0,0,0,0,0,0,0,0,0,0,0,0,0,0,0,4,1,3,0,0,0,9,0.1,0,0,0,0,0,0,0,0.02,0.11,0.3,2.4,0.05,0,0.1,1,87,0,50,110,13,0.5,0,0,140,11,A02QM#F02.A06BL$F27.A02LT$F28.A0C6E
1.233,"Skyr, med smak, kunstig søtet",Meieriprodukter,Meieriprodukter,248,58,86,0.2,0.1,0,0,0,0,0,0,0,0,0,0,0,0,0,0,0,0,0,0,0,0,0,4,0,4,0,0,0.3,10,0.1,0,0,0,0,0,0,0,0.02,0.14,0.3,2.6,0.06,0,0.9,1,97,0,50,110,13,0.5,0,0,140,13,A02QM#F08.A046M$F18.A07NL$F19.A07PR
1.265,"Stilton, blåmuggost",Meieriprodukter,Meieriprodukter,1699,410,41,35,23,1.2,3.8,9.8,3.9,1.5,9.2,0.5,7.5,1.2,0.6,0.1,0,0,0,0,0,0,0,0.2,0.7,95,0.1,0,0.1,0,0,0,23.7,2,0,375,390,360,182,0.2,0.6,0.03,0.47,0.7,6.2,0.13,78,1.2,0,326,0.2,788,96,15,2.9,7,0.04,314,40,A030M
1.05,"Sveitserost, gulost",Meieriprodukter,Meieriprodukter,1512,364,44,28,17.7,0.8,2.8,7.9,2.9,0.8,6.8,0.6,5.7,0.6,0.4,0.1,0,0,0,0,0,0,0,0.1,0.1,69,0,0,0,0,0,0,28,1.3,0,259,272,246,160,0,0.7,0.07,0.27,0.4,6.9,0.03,26,2.3,0,790,0.2,520,79,35,4.5,12,0.04,600,36,A02SV#F07.A073R$F18.A07NZ$F19.A07PR
1.303,"Syrnet melk, Kefir, med smak, Q-meieriene",Meieriprodukter,Meieriprodukter,254,60,87,1.8,1.3,0.1,0.2,0.5,0.2,0,0.5,0,0.4,0.1,0,0,0,0,0,0,0,0,0,0,0,3,7.9,0,7.9,2.9,3.6,0,3.1,0.1,0,10,11,10,9,1,0,0.03,0.13,0.1,0.8,0.04,3,0.5,0,110,0,40,162,8,0.3,1,0.01,95,14,A02NV#F02.A0BZ2$F07.A06ZD$F18.A07NL$F19.A07PN$F27.A02LT$F28.A0CQZ
1.083,"Syrnet melk, Kulturmjølk",Meieriprodukter,Meieriprodukter,222,53,90,2.6,1.6,0.1,0.3,0.7,0.3,0.1,0.6,0.1,0.5,0.1,0,0,0,0,0,0,0,0,0,0,0,6,4.4,0,4.4,0,0,0,3,0.1,0,36,38,35,18,0,0.1,0.05,0.15,0.1,0.8,0.04,5,0.5,0,120,0.1,40,174,12,0.5,2,0,87,16,A02NY#F18.A07NL$F19.A07PN
1.085,"Syrnet melk, Skumma Kulturmjølk",Meieriprodukter,Meieriprodukter,139,33,92,0.4,0.3,0,0,0.1,0,0,0.1,0,0.1,0,0,0,0,0,0,0,0,0,0,0,0,1,4.1,0,4.1,0,0,0,3.2,0.1,0,4,4,4,2,0,0,0.04,0.15,0,0.7,0.04,0,0.5,0,115,0,40,171,10,0.4,1,0,100,16,A02NY#F02.A0BZ2$F18.A07NL$F19.A07PN$F27.A02MA$F28.A0CQZ
1.277,"Syrnet melk, blåbær, laktosefri, Biola",Meieriprodukter,Meieriprodukter,215,51,87,0.1,0,0,0,0,0,0,0,0,0,0,0,0,0,0,0,0,0,0,0,0,0,0,9.4,0.3,9.1,5.3,5.3,0.1,3,0.1,0,1,1,1,1,0.8,0,0.04,0.13,0.1,0.8,0.03,4,0.4,1,116,0.1,40,155,11,0.4,2,0.01,78,16,A02NR#F10.A0CQD
1.171,"Syrnet melk, blåbær, mager, Biola",Meieriprodukter,Meieriprodukter,209,49,88,0.1,0,0,0,0,0,0,0,0,0,0,0,0,0,0,0,0,0,0,0,0,0,0,9.1,0,9.1,4.8,5.8,0,3,0.1,0,1,1,1,1,0.8,0,0.04,0.13,0.1,0.8,0.03,4,0.4,1,116,0.1,40,155,11,0.4,2,0.01,78,16,A02NR#F27.A02LZ
1.237,"Syrnet melk, blåbær/bringebær, BioQ",Meieriprodukter,Meieriprodukter,239,56,85,0.1,0.1,0,0,0,0,0,0,0,0,0,0,0,0,0,0,0,0,0,0,0,0,0,10.3,0,10.3,3.8,4.7,1,2.9,0.2,0,3,4,2,17,0,0,0.06,0.13,0.1,0.8,0.04,7,0.2,1,96,0,90,154,11,0.3,1,0,80,13,A02NR#F18.A07NL$F19.A07PS
1.214,"Syrnet melk, bringebær, Biola",Meieriprodukter,Meieriprodukter,215,51,88,0.1,0.1,0,0,0,0,0,0,0,0,0,0,0,0,0,0,0,0,0,0,0,0,0,9.4,0.2,9.2,4.6,4.6,0,3,0.1,0,0,0,0,1,0.8,0,0.04,0.13,0.1,0.8,0.04,4,0.4,1,100,0.1,40,160,12,0.4,2,0.01,80,12,A02NR
1.213,"Syrnet melk, jordbær, Biola",Meieriprodukter,Meieriprodukter,220,52,87,0.1,0.1,0,0,0,0,0,0,0,0,0,0,0,0,0,0,0,0,0,0,0,0,0,9.7,0.3,9.4,4.8,4.8,0.1,3,0.1,0,0,0,0,1,0.8,0,0.04,0.13,0.1,0.8,0.04,4,0.4,1,100,0.1,40,160,12,0.4,2,0.01,80,12,A02NR
1.17,"Syrnet melk, naturell, Biola",Meieriprodukter,Meieriprodukter,170,40,91,1,0.6,0,0.1,0.3,0.1,0,0.2,0,0.2,0,0,0,0,0,0,0,0,0,0,0,0,2,4.8,0,4.8,0,0,0,3,0.1,0,15,16,15,6,0.9,0,0.05,0.15,0.1,0.8,0.04,5,0.5,0,115,0.1,40,170,13,0.5,2,0,97,16,A02NR
1.278,"Syrnet melk, rødbete/eple/lime, Biola",Meieriprodukter,Meieriprodukter,196,46,90,0.9,0.6,0,0.1,0.2,0.1,0,0.2,0,0.2,0,0,0,0,0,0,0,0,0,0,0,0,2,6.5,0.1,6.4,1.4,1.6,0.1,3,0.1,0,14,14,14,5,0.8,0,0.05,0.14,0.1,0.8,0.04,5,0.5,0,100,0.1,40,160,12,0.4,2,0,80,12,A02NR
1.084,"Syrnet melk, økologisk, Kefir, Tine",Meieriprodukter,Meieriprodukter,230,55,90,3,2,0.1,0.3,0.9,0.3,0.1,0.6,0.1,0.5,0.1,0.1,0,0,0,0,0,0,0,0,0,0,8,4,0,4,0,0,0,3,0.1,0,13,14,12,16,0,0.1,0,0.15,0.1,0.8,0.04,11,0.3,0,120,0.1,40,171,12,0.4,3,0,100,16,A02NV#F02.A0BZ2$F07.A06ZR$F10.A077A$F18.A07NL$F19.A07PN$F21.A07SE$F27.A02LT$F28.A0CQZ
1.161,"Taffelost, tomat",Meieriprodukter,Meieriprodukter,1301,313,52,24,15.2,0.7,2.4,6.8,2.5,0.7,5.8,0.6,4.9,0.5,0.3,0.1,0,0,0,0,0,0,0,0.1,0.1,59,0.3,0,0.3,0,0,0,24,2.8,0,165,181,148,198,0,0.5,0.02,0.22,0.1,5.7,0,0,0,0,660,0.4,1100,88,25,3.8,0,0.09,705,6,A031B
1.309,"Varm sjokolade, av helmelk",Meieriprodukter,Meieriprodukter,665,159,72,9.3,5.8,0.1,0.4,2.5,2.2,0.1,2.6,0.1,2.4,0.3,0.2,0,0,0,0,0,0,0,0,0.1,0.2,12,14.2,0.1,14.1,9,9,0.5,4.4,0.1,0,25,27,23,25,0,0.1,0.04,0.23,0.1,1,0.02,3,0.5,0,152,0.2,46,227,22,0.6,1,0.09,155,20,A03LA#F04.A02LY$F04.A0C6B$F28.A07MQ
1.31,"Varm sjokolade, av lettmelk",Meieriprodukter,Meieriprodukter,584,139,74,7.1,4.4,0.1,0.2,1.9,2,0,2,0,2,0.3,0.2,0,0,0,0,0,0,0,0,0,0.2,6,14.2,0.1,14.1,9,9,0.5,4.5,0.1,0,9,10,8,12,0.2,0.1,0.05,0.23,0.1,1.1,0.03,4,0.5,0,152,0.2,47,227,18,0.5,1,0.08,154,20,A03LA#F04.A02LZ$F04.A0C6B$F28.A07MQ
1.299,"Yoghurt, blåbær, 0 % fett, Yoplait",Meieriprodukter,Meieriprodukter,192,45,88,0.1,0.1,0,0,0,0,0,0,0,0,0,0,0,0,0,0,0,0,0,0,0,0,0,6,0.5,5.5,0,0,2,4,0.1,0,2,2,2,4,0,0,0.04,0.15,0.1,1,0.03,4,0.4,1,135,0.1,40,190,13,0.5,2,0,98,15,A02NH#F02.A0BZ2$F04.A06LB$F10.A077D$F18.A07NL$F19.A07PR$F27.A04HG$F28.A0CQZ
1.304,"Yoghurt, jordbær, Q-meieriene",Meieriprodukter,Meieriprodukter,302,72,85,2.7,1.8,0.1,0.3,0.8,0.3,0.1,0.7,0,0.6,0.1,0,0,0,0,0,0,0,0,0,0,0.1,7,7.5,0.4,7.1,2.9,2.9,0,4.4,0.1,0,37,38,35,18,0,0.1,0.05,0.14,0.1,1.1,0.04,3,0.4,0,117,0.1,40,198,14,0.5,2,0.01,102,17,A02NH#F02.A0BZ2$F04.A06TV$F18.A07NK$F19.A07PR$F27.A04HG$F28.A0CQZ
1.096,"Yoghurt, jordbær, Tine",Meieriprodukter,Meieriprodukter,361,86,82,3.1,1.9,0.1,0.3,0.9,0.3,0.1,0.7,0.1,0.6,0.1,0,0,0,0,0,0,0,0,0,0,0,8,10.5,0.2,10.3,5,5.6,0,4,0.1,0,37,38,35,18,0,0.1,0.05,0.15,0.1,1,0.03,3,0.4,0,140,0.1,47,198,14,0.5,2,0.01,102,17,A02NH
1.311,"Yoghurt, med coulis og granola, kjøpt i kafe/bakeri",Meieriprodukter,Meieriprodukter,656,157,69,7.2,1.9,0.1,0.2,0.9,0.4,0.1,2.5,0.1,2.4,1.9,1.6,0.3,0,0,0,0,0,0,0,0.3,1.6,5,17,3.5,13.4,4.2,8,2,5,0.2,0,27,29,23,40,0,1.2,0.11,0.16,0.4,1.4,0.08,16,0.3,2,111,0.8,69,241,41,0.8,2,0.14,140,9,A02PT#F02.A06AY$F04.A00EK$F04.A01QJ$F04.A02NF
1.312,"Yoghurt, med coulis, kjøpt i kafe/bakeri",Meieriprodukter,Meieriprodukter,334,79,83,2.5,1.6,0.1,0.2,0.7,0.3,0.1,0.6,0.1,0.5,0.1,0.1,0,0,0,0,0,0,0,0,0,0,6,11.1,0.2,10.9,4.5,5.6,0.3,3,0.1,0,32,36,28,48,0,0.1,0.04,0.15,0.2,0.9,0.05,7,0.4,3,117,0.2,37,180,12,0.4,1,0.01,86,12,A02PT#F02.A06AY$F04.A01QJ$F04.A02NF
1.313,"Yoghurt, med fruktpuré og müsli, kjøpt i kafé/bakeri",Meieriprodukter,Meieriprodukter,684,165,73,12,6.5,1.5,1.1,2.3,0.7,0.4,3.1,0.1,2.9,0.8,0.7,0,0,0,0,0,0,0,0,0,0.7,21,8.6,1.5,7.1,2.7,2.7,1,4.8,0.1,0,52,54,50,24,0.1,1.6,0.04,0.17,0.3,1.2,0.06,7,0.3,1,104,0.3,56,192,26,0.5,2,0.08,113,11,A02NH#F02.A0BZ2$F04.A00EK$F04.A04RK$F22.A07SK$F27.A04HG$F28.A0CQZ
1.222,"Yoghurt, med müsli og skogsbær, Go Morgen",Meieriprodukter,Meieriprodukter,493,117,75,3.4,2.2,0.1,0.3,1,0.3,0.1,0.8,0.1,0.7,0.1,0.1,0,0,0,0,0,0,0,0,0,0,8,17.1,6.1,11,5.2,5.2,1,4,0.1,0,33,34,31,20,0,0.1,0.04,0.14,0.1,1,0.03,3,0.4,0,125,0.1,40,175,12,0.5,2,0.01,91,15,A02NH#F04.A001X$F04.A06KS$F18.A07NL$F19.A07PR
1.011,"Yoghurt, naturell",Meieriprodukter,Meieriprodukter,289,69,87,3.4,2.2,0.1,0.3,1,0.4,0.1,0.8,0.1,0.7,0.1,0.1,0,0,0,0,0,0,0,0,0,0,8,5.6,0,5.6,0,0,0,4,0.1,0,41,42,39,20,0,0.1,0.05,0.17,0.1,1,0.04,4,0.5,0,160,0.1,50,221,16,0.6,2,0,114,16,A02NG
1.335,"Yoghurt, naturell, 10 % fett, gresk/tyrkisk",Meieriprodukter,Meieriprodukter,445,107,83,8,4.7,0.2,0.6,2.4,0.8,0.6,1.6,0.1,1.5,0.1,0.1,0,0,0,0,0,0,0,0,0,0.1,28,3.8,0,3.8,0,0,0,5,0.2,0,59,59,59,0,0.1,0.4,0.03,0.16,0.1,1.3,0.05,0,0.3,0,114,0,82,150,10,0.4,2,0,109,14,A02NG#F02.A0BZ2$F27.A04HG$F28.A0CQZ
1.334,"Yoghurt, naturell, 2 % fett, gresk/tyrkisk",Meieriprodukter,Meieriprodukter,292,69,85,2.1,1.3,0.1,0.2,0.6,0.2,0,0.5,0,0.4,0.1,0,0,0,0,0,0,0,0,0,0,0,9,3.4,0,3.4,0,0,0,9.2,0.2,0,18,18,18,0,0.1,0.1,0.04,0.2,0.1,2.2,0.05,0,0.5,0,141,0,63,153,12,0.6,4,0.02,143,16,A02NG#F02.A0BZ2$F10.A077C$F27.A04HG$F28.A0CQZ
1.275,"Yoghurt, naturell, laktosefri",Meieriprodukter,Meieriprodukter,284,68,87,3.4,2.2,0.1,0.3,1,0.4,0.1,0.8,0.1,0.7,0.1,0.1,0,0,0,0,0,0,0,0,0,0,8,5.3,0,5.3,0,0,0,4,0.1,0,41,42,39,20,0,0.1,0.05,0.17,0.1,1,0.04,4,0.5,0,160,0.1,50,191,13,0.5,1,0,114,16,A02NG#F10.A0CQD
1.29,"Yoghurt, naturell, økologisk",Meieriprodukter,Meieriprodukter,289,69,87,3.4,2.3,0.1,0.4,1,0.3,0.1,0.7,0.1,0.6,0.1,0.1,0,0,0,0,0,0,0,0,0,0,9,5.6,0,5.6,0,0,0,4,0.1,0,15,16,13,19,0,0.1,0.05,0.17,0.1,1,0.04,4,0.5,0,160,0.1,50,221,16,0.6,2,0,114,19,A02NG#F18.A07NL$F19.A07PR$F21.A07SE
1.305,"Yoghurt, vanilje",Meieriprodukter,Meieriprodukter,300,71,85,2.6,1.8,0.1,0.3,0.8,0.3,0.1,0.7,0,0.6,0.1,0,0,0,0,0,0,0,0,0,0,0.1,7,7.5,0.4,7.1,2.9,2.9,0,4.5,0.1,0,41,42,39,20,0,0.1,0.05,0.14,0.1,1.2,0.04,4,0.4,0,119,0.1,40,221,16,0.6,2,0,114,16,A02NH#F02.A0BZ2$F04.A06VS$F27.A04HG$F28.A0CQZ
1.298,"Yoghurt, vanilje, 0 % fett, Yoplait",Meieriprodukter,Meieriprodukter,191,45,88,0.1,0.1,0,0,0,0,0,0,0,0,0,0,0,0,0,0,0,0,0,0,0,0,0,6,0.2,5.8,0,0,1,4.5,0.1,0,2,2,2,4,0,0,0.05,0.16,0.1,1.2,0.04,5,0.5,1,150,0.1,50,214,15,0.6,2,0,111,17,A02NH#F02.A0BZ2$F04.A06VS$F10.A077D$F18.A07NL$F19.A07PR$F27.A04HG$F28.A0CQZ
1.279,"Yoghurt, vanilje, laktosefri",Meieriprodukter,Meieriprodukter,344,82,83,3,1.9,0.1,0.3,0.9,0.3,0.1,0.7,0.1,0.6,0.1,0,0,0,0,0,0,0,0,0,0,0,8,9.7,0,9.7,4.6,4.6,0,4,0.1,0,36,37,35,17,0,0.1,0.04,0.15,0.1,1,0.03,3,0.4,0,140,0.1,40,187,13,0.5,2,0,101,16,A02NH#F04.A06VS$F10.A0CQD$F18.A07NL$F19.A07PR
1.282,"Østavind, gulost",Meieriprodukter,Meieriprodukter,1643,396,41,32,20.3,1,3.2,9.1,3.3,1,7.7,0.7,6.5,0.7,0.5,0.1,0,0,0,0,0,0,0,0.1,0.1,79,0,0,0,0,0,0,27,1,0,272,284,260,146,0,0,0,0.17,0,6.3,0,31,3.6,0,675,0,400,0,0,4,10,0,460,15,A02SV#F07.A073X$F18.A07NZ$F19.A07PR
2.026,"Egg, kokt",Egg,Egg,614,148,76,10.5,3,0,0,2.1,0.8,0,4,0.2,3.7,2.1,1.6,0.1,0,0,0,0.2,0,0,0.1,0.2,1.9,316,0.3,0,0.3,0,0,0,12.9,0.3,0,165,165,165,0,2.4,5,0.06,0.31,0,3.2,0.11,53,1,0,51,1.8,136,132,12,1.3,20,0.06,193,56,A032B#F02.A06BX$F27.A031F$F28.A07GL$F28.A07LC
2.001,"Egg, rå",Egg,Egg,620,149,76,10.7,3,0,0,2.2,0.8,0,4,0.2,3.7,2.1,1.7,0.1,0,0,0,0.2,0,0,0.1,0.2,1.9,319,0.3,0,0.3,0,0,0,13,0.4,0,175,175,175,0,2.5,5.1,0.08,0.39,0,3.3,0.14,68,1.3,0,55,2,145,140,13,1.4,22,0.07,205,60,A031G#F26.A07XD
2.025,"Egg, stekt i fett",Egg,Egg,860,207,69,16.7,4.8,0.2,0.2,2.9,1.2,0,6.6,0.3,6.3,3.3,2.6,0.3,0,0,0,0.2,0,0,0.1,0.4,2.9,349,0.3,0,0.3,0,0,0,13.9,0.4,0,198,198,197,8,3,5.5,0.07,0.35,0,3.5,0.13,51,1.3,0,60,2.1,177,153,14,1.5,23,0.07,223,66,A032C#F02.A06BX$F27.A031F$F28.A07GR$F28.A07LC
2.037,"Egg, økologisk, kokt",Egg,Egg,600,144,77,10.4,2.7,0,0,2,0.7,0,4.3,0.2,4,1.8,1.4,0.1,0,0,0,0.2,0,0,0.1,0.2,1.6,327,0.3,0,0.3,0,0,0,12.4,0.3,0,183,183,183,0,3.8,6.5,0.05,0.3,0,3.1,0.1,42,1.1,0,44,1.6,136,132,11,1,30,0.05,183,56,A032B#F02.A06BX$F21.A07SE$F27.A031F$F28.A07GL$F28.A07LC
2.03,"Egg, økologisk, rå",Egg,Egg,606,146,77,10.5,2.8,0,0,2,0.7,0,4.3,0.2,4.1,1.8,1.4,0.1,0,0,0,0.2,0,0.1,0.1,0.2,1.6,331,0.3,0,0.3,0,0,0,12.5,0.4,0,195,195,195,0,4,6.6,0.07,0.39,0,3.1,0.13,54,1.5,0,47,1.8,145,140,12,1.1,32,0.06,195,60,A031G#F21.A07SE$F26.A07XD
2.038,"Egg, økologisk, stekt i fett",Egg,Egg,845,204,70,16.5,4.5,0.2,0.2,2.7,1.1,0,7,0.3,6.7,3,2.4,0.3,0,0,0,0.2,0,0.1,0.1,0.5,2.6,362,0.3,0,0.3,0,0,0,13.4,0.4,0,218,219,218,8,4.6,7,0.06,0.35,0,3.4,0.13,41,1.5,0,52,1.9,177,153,13,1.2,34,0.06,212,66,A032C#F02.A06BX$F21.A07SE$F27.A031F$F28.A07GR$F28.A07LC
2.01,Eggedosis,Egg,Egg,870,207,59,8.2,2.3,0,0,1.7,0.6,0,3.1,0.2,2.9,1.6,1.3,0.1,0,0,0,0.1,0,0,0.1,0.1,1.5,245,23.3,0,23.3,23.1,23.1,0,10,0.3,0,135,135,135,0,1.9,3.9,0.06,0.3,0,2.5,0.1,52,1,0,42,1.5,112,108,10,1,17,0.05,158,46,A03YJ#F02.A06GL$F04.A031F$F04.A032J$F28.A07LE
2.039,"Eggehvite, kokt",Egg,Egg,178,42,90,0,0,0,0,0,0,0,0,0,0,0,0,0,0,0,0,0,0,0,0,0,0,1,0.4,0,0.4,0,0,0,10.1,0.4,0,0,0,0,0,0,0,0,0.25,0,2.5,0.01,0,0,0,6,0,179,150,12,0,5,0.02,16,4,A031T#F02.A06BV$F03.A06JL$F27.A031G$F28.A07GG$F28.A07LC$F28.A0CRK
2.002,"Eggehvite, rå",Egg,Egg,180,42,89,0,0,0,0,0,0,0,0,0,0,0,0,0,0,0,0,0,0,0,0,0,0,1,0.4,0,0.4,0,0,0,10.2,0.5,0,0,0,0,0,0,0,0,0.31,0,2.6,0.01,0,0,0,6,0,190,160,13,0,6,0.02,17,4,A031T#F26.A07XD
2.04,"Eggeplomme, kokt",Egg,Egg,1316,318,56,28.2,8.1,0,0.1,5.8,2.2,0,10.8,0.6,10.1,5.5,4.4,0.2,0,0,0,0.5,0,0,0.3,0.4,5,837,0.2,0,0.2,0,0,0,15.8,0.2,0,414,414,414,0,7.5,13.1,0.16,0.35,0,4,0.24,114,4.1,0,127,4.9,69,103,13,3.5,45,0.13,484,186,A031S#F02.A06BT$F03.A06JL$F27.A031G$F28.A07GG$F28.A07LC$F28.A0CRK
2.003,"Eggeplomme, rå",Egg,Egg,1329,321,55,28.5,8.2,0,0.1,5.9,2.2,0,11,0.6,10.2,5.5,4.4,0.2,0,0,0,0.5,0,0,0.3,0.4,5.1,845,0.2,0,0.2,0,0,0,16,0.2,0,440,440,440,0,8,13.3,0.2,0.45,0,4,0.31,145,5.2,0,135,5.3,73,110,14,3.8,48,0.14,515,198,A031S#F26.A07XD
2.008,"Eggerøre, stekt i fett",Egg,Egg,947,229,68,20.2,6.4,0.4,0.5,3.3,1.5,0.1,8,0.3,7.7,3.7,3,0.4,0,0,0,0.2,0,0,0.1,0.5,3.2,280,0.6,0,0.6,0,0,0,11.2,1.2,0,195,197,193,24,2.8,4.6,0.06,0.29,0,2.9,0.11,41,1,0,56,1.7,479,133,13,1.2,19,0.06,182,53,A03YJ#F02.A06GL$F04.A00XD$F04.A031F$F28.A07GS
2.009,"Eggerøre, stekt uten fett",Egg,Egg,653,157,75,11.8,4.1,0.1,0.2,2.6,1,0.1,4.1,0.3,3.8,1.9,1.5,0.1,0,0,0,0.2,0,0,0.1,0.2,1.7,293,0.7,0,0.7,0,0,0,12.1,1.1,0,157,158,156,13,2.3,4.7,0.06,0.32,0,3,0.09,31,1.2,0,62,1.8,434,143,13,1.3,20,0.06,194,56,A03YJ#F02.A06GL$F04.A00XD$F04.A031F$F28.A07GS
2.006,"Omelett, stekt i fett",Egg,Egg,750,181,73,14.4,4.7,0.1,0.3,2.8,1.1,0.1,5.4,0.3,5.1,2.5,2,0.2,0,0,0,0.2,0,0,0.1,0.3,2.2,301,0.7,0.1,0.6,0,0,0,12.1,0.6,0,187,188,186,15,2.4,4.6,0.07,0.31,0,3.1,0.12,44,1.1,0,61,1.8,256,145,13,1.3,20,0.06,197,57,A03YN#F28.A07GS
2.007,"Omelett, stekt uten fett",Egg,Egg,668,161,75,11.9,4,0.1,0.2,2.5,1,0,4.2,0.3,3.9,2,1.6,0.1,0,0,0,0.2,0,0,0.1,0.2,1.9,311,0.6,0,0.6,0,0,0,12.8,0.6,0,159,159,158,10,2.4,4.9,0.07,0.33,0,3.2,0.1,33,1.2,0,62,1.9,256,147,14,1.3,21,0.06,204,59,A03YN#F28.A07GS
3.233,"And, kjøtt med skinn, ovnsstekt",Kjøtt og fjørfe,Kjøtt og fjørfe,1920,463,31,37.3,10.7,0.1,0.2,9.2,3.1,0.4,19,1.5,16.1,5.6,4.5,0.4,0,0,0,0,0,0,0,0.4,4.5,180,0,0,0,0,0,0,31.8,0.4,0,50,50,50,0,0.7,0.5,0.23,1.15,7,14.8,0.54,9,3.5,0,20,3.1,155,428,30,3.3,50,0.38,255,11,A01SR#F20.A07QQ$F28.A07GY
3.001,"And, kjøtt med skinn, rå",Kjøtt og fjørfe,Kjøtt og fjørfe,1602,388,50,37.3,10.7,0.1,0.2,9.2,3.1,0.4,19,1.5,16.1,5.6,4.5,0.4,0,0,0,0,0,0,0,0.4,4.5,72,0,0,0,0,0,0,13.1,0.2,0,50,50,50,0,0.7,0.5,0.14,0.51,3.5,5.9,0.33,7,2,0,8,1.3,73,190,14,1.3,20,0.18,120,4,A01SR#F07.A074C$F20.A07QQ
3.232,"And, kjøtt uten skinn, ovnsstekt",Kjøtt og fjørfe,Kjøtt og fjørfe,1046,248,47,6.8,2.1,0,0,1.8,1.1,0.1,3.4,0.3,1.9,1.1,1,0.1,0,0,0,0,0,0,0,0.1,1,289,0,0,0,0,0,0,46.7,0.6,0,25,25,25,0,0.1,0,0.62,1.07,11.2,22.8,0.58,33,5.5,0,32,6,246,687,43,5,58,0.76,447,3,A01SR#F20.A07QR$F28.A07GY
3.231,"And, kjøtt uten skinn, rå",Kjøtt og fjørfe,Kjøtt og fjørfe,551,132,75,6.5,2,0,0,1.7,1.1,0.1,3.2,0.3,1.8,1,0.9,0.1,0,0,0,0,0,0,0,0.1,0.9,110,0,0,0,0,0,0,18.3,0.3,0,24,24,24,0,0.1,0,0.36,0.45,5.3,8.7,0.34,25,3,0,12,2.4,110,290,19,1.9,22,0.34,200,1,A01SR#F20.A07QR
3.477,Baconpostei ,Kjøtt og fjørfe,Kjøtt og fjørfe,1150,277,56,21,3,0,0,1.5,0.7,0,12,0.1,12,5,3.6,1.4,0,0,0,0.1,0,0,0,1.4,3.8,94,11,8,3,3,3,2,10,1.5,0,3144,3144,3144,5,4.6,2.3,0.14,0.93,4.3,6.1,0.14,224,6.8,35,10,3.9,590,147,11,2.8,20,0.3,141,4,A026M#F02.A06AX$F04.A01XD$F04.A022X$F18.A07NX$F19.A07PH
3.103,"Bayonneskinke, kokt",Kjøtt og fjørfe,Kjøtt og fjørfe,522,124,75,5,1.7,0,0.1,1.1,0.5,0,2.5,0.1,2.3,0.6,0.5,0.1,0,0,0,0,0,0,0,0.1,0.5,48,0.3,0,0.3,0.2,0.2,0,19.5,2,0,5,5,5,0,0.1,0.4,0.62,0.04,4.6,8.1,0.26,1,0.3,0,4,0.6,791,280,20,1.6,8,0.05,152,0,A023K#F02.A06AP$F27.A01RG$F28.A07JP$F28.A07JV$F28.A0BA1
3.464,"Bidos, hjemmelaget",Kjøtt og fjørfe,Kjøtt og fjørfe,274,65,86,2.3,0.8,0,0.1,0.4,0.2,0,1,0,0.8,0.3,0.3,0.1,0,0,0,0.1,0,0,0,0.1,0.3,17,2.8,1.8,1,0,0,0.8,7.9,0.2,0,40,74,6,411,0.1,0.5,0.05,0.1,1.6,4.7,0.08,7,0.8,5,8,1.5,85,135,11,1.9,6,0.1,71,3,A03VY#F02.A06GH$F04.A00ZT$F04.A01SF$F04.A07XJ$F28.A07GM
3.256,Biff stroganoff,Kjøtt og fjørfe,Kjøtt og fjørfe,1003,242,62,18.4,9.8,0.5,1.4,4.3,1.7,0.4,5.6,0.4,5,1.3,1,0.2,0,0,0,0,0,0,0,0.2,0.8,64,4.1,0.9,3.2,0.3,0.3,0.7,14.6,0.6,0,211,230,191,239,0.5,1.1,0.11,0.1,3,6.6,0.1,10,0.7,4,40,1.5,256,290,22,2.2,4,0.08,118,6,A03VY#F04.A00HC$F04.A00ZD$F04.A01QX$F04.A02NB$F28.A07GM
3.117,"Blod, okse, rå",Kjøtt og fjørfe,Kjøtt og fjørfe,327,77,81,0.2,0,0,0,0,0,0,0,0,0,0.1,0,0,0,0,0,0,0,0,0,0,0,100,0,0,0,0,0,0,18.8,0.6,0,28,28,28,0,0.1,0.4,0.02,0.04,0.4,3.8,0.01,12,0.6,0,5,35.5,226,43,2,0.4,9,0.09,23,5,A0F1T#F01.A0C9G
3.17,"Blodpudding, ovnsstekt",Kjøtt og fjørfe,Kjøtt og fjørfe,1567,375,30,20.3,7,0,0.3,4.2,2.1,0,8.8,0.5,8.5,2.9,2.4,0.2,0,0,0,0.1,0,0,0,0.3,2.6,65,32.4,15.8,16.7,11,11,4,13.8,1.4,0,18,18,18,2,0.2,0.8,0.14,0.05,1.5,3.8,0.08,11,0.4,0,20,18.5,578,213,36,0.9,11,0.16,104,3,A16ER#F04.A01VA$F04.A0F1T$F28.A07GS$F28.A07GY
3.188,"Bogskinke, hermetisk",Kjøtt og fjørfe,Kjøtt og fjørfe,733,176,69,10.6,3.8,0,0.1,2.4,1.1,0,5.1,0.3,4.7,1.2,1,0.1,0,0,0,0,0,0,0,0.1,1.1,43,7.1,6.9,0.1,0,0,0.3,12.8,1.7,0,10,9,9,5,0.2,0.5,0.44,0.04,3.4,5.7,0.2,3,0.3,0,12,0.5,674,232,17,1.5,6,0.06,123,0,A024C#F02.A0EMK$F04.A022T$F28.A0BYP
3.309,"Cheeseburger, med brød, dressing mv, kjøpt",Kjøtt og fjørfe,Kjøtt og fjørfe,1081,258,49,11.2,4.5,0.1,0.5,2.5,1.2,0.2,4.6,0.3,4,1.4,1,0.3,0,0,0,0,0,0,0,0.3,1,40,22,19.7,2.4,2.2,2.2,1,16.6,0.6,0,54,56,51,33,0.1,1.1,0.11,0.1,2.3,6,0.12,21,1.2,0,93,1.4,255,195,23,3.2,5,0.07,165,5,A03ZL#F04.A02QE$F04.A045K
3.462,Chili con carne,Kjøtt og fjørfe,Kjøtt og fjørfe,388,93,81,4.4,1.8,0,0.1,1,0.6,0,1.8,0.1,1.5,0.7,0.6,0.1,0,0,0,0,0,0,0,0.1,0.6,20,4.2,1.3,2.8,0.2,0.2,4,7.3,0.4,0,25,42,7,215,0.1,1.1,0.05,0.1,1,3.2,0.13,13,0.5,15,23,1.3,151,189,18,1.6,3,0.09,75,2,A03VY#F02.A06GH$F04.A00ZC$F04.A01AZ$F04.A0EYH$F28.A07GM
3.363,"Chorizo, pølse",Kjøtt og fjørfe,Kjøtt og fjørfe,1494,360,46,29.1,11.3,0.1,0.9,6.5,4.2,0.1,12.9,1.6,12.4,3.2,1,0.1,0,0,0,0,0,0,0,0.1,1,142,3.4,0.4,3,0,0,1,20.7,3.8,0,18,18,18,5,0.6,0.4,0.21,0.12,5.5,9.3,0.17,3,0.9,9,29,1.5,1537,249,16,2.3,11,0.06,313,2,A025C
3.505,"Elg, høyrygg, ovnsstekt",Kjøtt og fjørfe,Kjøtt og fjørfe,575,136,69,2.5,1,0,0,0.3,0.5,0.1,0.8,0,0.8,0.3,0.2,0.1,0,0,0,0,0,0,0,0.1,0.2,74,0,0,0,0,0,0,28.5,0.1,0,4,4,4,0,0,0.6,0.13,0.32,4.5,9.7,0.36,0,2.1,0,15,3.3,59,395,25,7.6,9,0.13,196,2,A01SE#F01.A056N$F02.A0BYZ$F27.A01SE$F28.A07GY
3.504,"Elg, høyrygg, rå",Kjøtt og fjørfe,Kjøtt og fjørfe,468,111,75,2.3,0.9,0,0,0.3,0.5,0.1,0.8,0,0.8,0.3,0.2,0.1,0,0,0,0,0,0,0,0.1,0.2,55,0,0,0,0,0,0,22.5,0.1,0,3,3,3,0,0,0.6,0.16,0.3,4.8,8.9,0.45,0,2.2,0,13,2.6,52,370,22,5.7,7,0.1,173,2,A01SE#F01.A056N$F02.A0BYZ$F27.A01SE
3.501,"Elg, kvernet kjøtt, rå",Kjøtt og fjørfe,Kjøtt og fjørfe,443,105,76,1.6,0.6,0,0,0.2,0.3,0,0.5,0,0.4,0.3,0.1,0,0,0,0,0,0,0,0,0.1,0.2,56,0,0,0,0,0,0,22.6,0.1,0,7,7,7,0,0,0.8,0.14,0.34,4.8,8.9,0.33,0,3.3,0,4,3.1,56,355,21,6.9,8,0.12,185,2,A01SE#F01.A056N$F02.A0BYZ$F27.A01SE$F28.A07KY
3.358,"Elg, lårstek, ovnsstekt",Kjøtt og fjørfe,Kjøtt og fjørfe,527,124,71,1.4,0.5,0,0,0.2,0.2,0,0.4,0,0.4,0.3,0.2,0.1,0,0,0,0,0,0,0,0.1,0.2,90,0,0,0,0,0,0,28,0.1,0,2,2,2,0,0,0.8,0.14,0.45,5.1,12.7,0.38,0,3,0,5,3.9,52,386,25,6,10,0.23,229,2,A01SE#F28.A07GY
3.503,"Elg, mørbrad, ovnsstekt",Kjøtt og fjørfe,Kjøtt og fjørfe,552,130,69,1.2,0.4,0,0,0.1,0.2,0,0.3,0,0.3,0.4,0.1,0,0,0,0,0.1,0,0,0,0.1,0.2,82,0,0,0,0,0,0,29.9,0.2,0,5,5,5,0,0,0.9,0.09,0.39,5.9,11.4,0.37,0,3.1,0,5,3.9,68,371,22,4.8,11,0.19,201,2,A01SE#F01.A056N$F02.A0BYZ$F27.A01SE$F28.A07GY
3.502,"Elg, mørbrad, rå",Kjøtt og fjørfe,Kjøtt og fjørfe,442,104,75,1.1,0.4,0,0,0.1,0.2,0,0.3,0,0.3,0.4,0.1,0,0,0,0,0.1,0,0,0,0.1,0.2,62,0,0,0,0,0,0,23.6,0.2,0,4,4,4,0,0,0.8,0.11,0.37,6.3,10.6,0.46,0,3.3,0,4,3.1,60,348,19,3.6,8,0.15,177,2,A01SE#F01.A056N$F02.A0BYZ$F27.A01SE
3.112,"Elg, ytterlår, stek, rå",Kjøtt og fjørfe,Kjøtt og fjørfe,424,100,77,1.3,0.4,0,0,0.2,0.2,0,0.4,0,0.4,0.3,0.2,0.1,0,0,0,0,0,0,0,0.1,0.2,67,0,0,0,0,0,0,22.1,0.1,0,2,2,2,0,0,0.8,0.18,0.42,5.5,9.6,0.48,0,3.2,0,4,3.1,46,362,22,4.5,8,0.18,202,2,A01SE
3.514,"Elghakk, elggryte",Kjøtt og fjørfe,Kjøtt og fjørfe,303,72,84,1.9,1,0.1,0.1,0.4,0.2,0,0.5,0,0.5,0.2,0.1,0,0,0,0,0,0,0,0,0.1,0.1,25,3.8,2.4,1.4,0,0,1,9.4,0.6,0,40,65,13,316,0.2,0.4,0.04,0.1,1.2,2.9,0.09,5,0.8,2,10,1.7,230,187,12,2.9,3,0.07,77,4,A03VY#F02.A06GH$F04.A00QH$F04.A00ZT$F04.A01SE$F28.A07GM
3.152,Falukorv,Kjøtt og fjørfe,Kjøtt og fjørfe,965,233,65,18.7,7.3,0,0.4,5.1,2.7,0.1,8.2,0.5,7.8,2.1,1.8,0.2,0,0,0,0.1,0,0,0,0.2,2,42,4.7,3.3,1.5,0,0,0.1,11.2,1.7,0,11,11,10,6,0.3,0.4,0.1,0.08,1.8,4.2,0.07,3,0.5,0,50,0.9,680,180,13,1.9,9,0.04,109,6,A026H#F02.A06AV$F04.A04GP$F28.A07KY$F28.A0BA1$F28.A0CRH
3.029,Fenalår,Kjøtt og fjørfe,Kjøtt og fjørfe,1097,263,55,16.8,6.7,0,0.3,3.5,2.7,0.6,7.2,0.4,6.8,0.6,0.3,0.1,0,0,0,0.1,0,0,0,0.3,3.7,89,0,0,0,0,0,0,28,8,0,7,7,7,0,0,0.2,0.14,0.4,6.9,12,0.37,14,3.2,0,7,3.9,3200,440,32,4.1,12,0.22,260,3,A022R#F07.A073E$F27.A01RH
3.153,Fleskepølse,Kjøtt og fjørfe,Kjøtt og fjørfe,1989,482,39,48,17.1,0.1,0.7,10.4,5.1,0.1,21.8,1.2,20.5,6,5,0.5,0.1,0,0,0.1,0,0.1,0,0.7,5.4,59,1.2,1,0.2,0,0,0.9,10.9,1.8,0,23,23,23,5,0.6,1.1,0.25,0.04,3.1,4.4,0.17,3,0.5,0,20,0.8,720,211,21,1.2,12,0.06,97,0,A025K#F02.A06AV$F04.A01RG$F28.A07KY$F28.A0CRH
3.154,Fårepølse,Kjøtt og fjørfe,Kjøtt og fjørfe,1448,349,47,27.1,13,0,0.7,6.2,5.5,0.9,11.4,0.8,10.4,1.3,0.8,0.2,0,0,0,0.1,0,0.1,0,0.3,0.9,80,2.9,0,2.9,2.9,0,0,23.3,4.8,0,9,9,9,0,0.2,1,0.25,0.23,5.7,10,0.32,4,2.6,0,8,2.3,1920,380,22,3.7,13,0.15,220,3,A024X#F04.A01RH$F04.A01RL$F04.A01RN$F04.A01TN
3.251,"Fårikål, av lammekjøtt",Kjøtt og fjørfe,Kjøtt og fjørfe,378,90,83,4.8,2.3,0,0.3,0.9,0.7,0.2,1.8,0.1,1.4,0.2,0.1,0.1,0,0,0,0,0,0,0,0.1,0.1,29,2.8,0.7,2.1,0,0,1,8.5,0.1,0,5,5,5,1,0,0.2,0.02,0.03,1.2,4,0.06,4,0.6,2,28,0.5,21,137,10,1.5,2,0.03,77,0,A03VY#F04.A00FY$F04.A01RH$F26.A07XD$F28.A07GP
3.144,Grillpølse,Kjøtt og fjørfe,Kjøtt og fjørfe,899,217,69,18.5,6.5,0,0.3,4.1,2.1,0,8.7,0.6,8,2.5,2,0.2,0,0,0,0.1,0,0,0,0.2,2.2,46,1.9,0.6,1.3,0,0,0.6,10.4,2,0,6,6,6,4,0,1.6,0.23,0.11,2.3,4.2,0.11,3,0.6,25,17,0.6,793,517,13,1.1,9,0.04,190,2,A026B#F04.A04GP$F07.A073G
3.318,"Grillpølse, kalkun og kylling",Kjøtt og fjørfe,Kjøtt og fjørfe,729,175,70,10.9,3.4,0,0.1,2.6,0.7,0,5.2,0.6,4.5,2.3,2.1,0.2,0,0,0,0.1,0,0,0,0.2,2.2,69,7.2,6.3,0.9,0,0,0.6,11.7,1.8,0,28,30,26,29,0,2.4,0.06,0.12,4.1,6.2,0.13,8,1.2,32,44,1.1,700,515,16,1.1,9,0.04,205,8,A026B#F04.A04DS$F04.A04EC$F07.A072Y
3.199,"Grillpølse, mager",Kjøtt og fjørfe,Kjøtt og fjørfe,686,165,71,10.1,4,0,0.2,2.4,1.4,0,4.9,0.3,4.5,1.4,1.1,0.1,0,0,0,0.1,0,0,0,0.1,1.2,45,5.3,4.9,0.4,0,0,0.6,12.8,1.7,0,3,3,3,3,0,0.6,0.31,0.11,2.6,4.9,0.15,2,0.8,39,8,0.8,680,480,14,1.6,11,0.05,180,1,A026B#F07.A072X$F10.A077C
3.357,"Grillpølse, med ost",Kjøtt og fjørfe,Kjøtt og fjørfe,1047,252,60,19.1,7.7,0.1,0.5,4.2,2.3,0.2,8,0.5,7.3,1.9,1.6,0.2,0,0,0,0,0,0,0,0.2,1.7,41,7.5,6.7,0.9,0.8,0.8,0.8,12.2,1.8,0,29,31,26,31,0.2,0.8,0.16,0.07,2.4,4.5,0.13,10,0.6,0,93,1.7,720,197,20,2.3,8,0.05,133,3,A026B#F02.A06AV$F04.A02QE$F28.A07KY$F28.A0BA1$F28.A0CRH
10.16,"Gulasj, hjemmelaget",Kjøtt og fjørfe,Kjøtt og fjørfe,315,75,85,3.6,1.3,0,0.1,0.7,0.4,0.1,1.5,0.1,1.4,0.4,0.3,0.1,0,0,0,0,0,0,0,0.1,0.3,19,4,2,2,0.1,0.1,1,6.1,0.7,0,33,59,5,327,0.1,0.7,0.05,0.05,1.2,2.9,0.1,13,0.3,14,11,1,279,215,14,1.6,1,0.06,59,4,A03VX#F02.A06GH$F04.A0EYH
3.234,"Gås, kjøtt med skinn, ovnsstekt",Kjøtt og fjørfe,Kjøtt og fjørfe,1853,446,30,32.8,9.5,0,0.2,6.8,2.3,0,17.3,1,16.3,3.7,3.3,0.2,0,0,0,0,0,0,0,0.2,3.3,195,0,0,0,0,0,0,37.6,0.4,0,17,17,17,0,0,0.5,0.13,0.55,7,15.9,0.62,5,0.6,0,29,5.8,151,676,37,4.2,35,0.56,485,11,A01SS#F20.A07QQ$F28.A07GY
3.002,"Gås, kjøtt med skinn, rå",Kjøtt og fjørfe,Kjøtt og fjørfe,1514,366,51,33.6,9.8,0,0.2,7,2.3,0,17.8,1,16.7,3.8,3.3,0.2,0,0,0,0,0,0,0,0.2,3.3,80,0,0,0,0,0,0,15.9,0.2,0,17,17,17,0,0,0.5,0.09,0.25,3.6,6.5,0.39,4,0.3,0,12,2.5,73,308,18,1.7,14,0.27,234,4,A01SS#F20.A07QQ
3.245,"Gås, kjøtt uten skinn, ovnsstekt",Kjøtt og fjørfe,Kjøtt og fjørfe,963,230,58,12.7,5,0.1,0.1,2.6,1.6,0,3.3,0.5,2.8,1.6,1.4,0.2,0,0,0,0,0,0,0,0.4,3.1,374,0,0,0,0,0,0,29,1.8,0,21,21,21,0,0,0.5,0.82,3.31,33.2,82,4.02,150,3.3,0,126,23.6,715,3653,197,22.6,162,2.55,2563,9,A01SS#F20.A07QR$F28.A07GY
3.305,"Gås, kjøtt uten skinn, rå",Kjøtt og fjørfe,Kjøtt og fjørfe,651,155,70,7.1,2.8,0,0,1.5,0.9,0,1.9,0.3,1.6,0.9,0.8,0.1,0,0,0,0,0,0,0,0.1,0.8,84,0,0,0,0,0,0,22.8,0.2,0,12,12,12,0,0,0.3,0.13,0.38,4.3,8.5,0.64,31,0.5,0,13,2.6,87,420,24,2.3,17,0.31,312,1,A01SS#F20.A07QR
3.31,"Hamburger, dobbel, med brød, dressing mv, kjøpt",Kjøtt og fjørfe,Kjøtt og fjørfe,868,207,59,9.5,3.1,0.1,0.3,1.8,0.9,0.1,4.4,0.2,4,1.6,1.1,0.4,0,0,0,0,0,0,0,0.4,1.1,39,16.6,14.1,2.5,2.3,2.3,1,13.2,0.7,0,40,51,27,148,0.1,1.3,0.08,0.09,2.1,5,0.1,18,1,1,52,1.3,292,203,20,2.7,5,0.06,123,3,A03ZL#F04.A045K
3.311,"Hamburger, ekstra kjøtt, med brød, dressing mv, kjøpt",Kjøtt og fjørfe,Kjøtt og fjørfe,912,218,58,10.4,4.7,0.1,0.6,2.7,1.4,0.2,4.1,0.3,3.4,0.9,0.6,0.2,0,0,0,0,0,0,0,0.2,0.6,47,13.1,10.1,3,2.7,2.7,1,17.4,0.7,0,56,60,51,58,0.1,0.9,0.07,0.11,2.5,6.4,0.13,15,1.4,0,95,1.6,297,217,25,3.6,6,0.07,169,5,A03ZL#F04.A045K
3.308,"Hamburger, enkel, med brød, dressing mv, kjøpt",Kjøtt og fjørfe,Kjøtt og fjørfe,1002,238,50,8.1,2.2,0,0.1,1.5,0.9,0,4.1,0.2,3.6,1.5,1.1,0.3,0,0,0,0,0,0,0,0.3,1.1,34,25.2,22.6,2.7,2.6,2.6,2,15.4,0.4,0,6,7,5,17,0.1,1.2,0.12,0.08,2.7,6,0.12,19,1,0,10,1.6,174,213,22,3.2,5,0.08,123,1,A03ZL#F04.A045K
3.132,"Hamburger, rå",Kjøtt og fjørfe,Kjøtt og fjørfe,669,160,71,8.9,4.2,0,0.2,2.2,1.4,0.1,4.1,0.4,3.3,0.4,0.2,0.1,0,0,0,0,0,0,0,0.1,0.2,60,0,0,0,0,0,0,20.1,0.1,0,14,17,11,37,0.1,0.4,0.04,0.09,4.4,8.1,0.2,5,2.4,0,5,2.1,60,318,20,4.9,8,0.04,158,2,A03XF
3.113,"Hare, kjøtt, rå",Kjøtt og fjørfe,Kjøtt og fjørfe,544,129,74,5,0.7,0,0.1,0.5,0.1,0,0.6,0.1,0.5,0.3,0.3,0.1,0,0,0,0,0,0,0,0.1,0.3,52,0,0,0,0,0,0,21.1,0.1,0,8,8,8,0,0,0.8,0.09,0.19,4.4,8.3,0.36,10,1,0,13,1.8,50,310,23,1.7,4,0.24,210,2,A01SJ
3.118,"Hjerte, rå",Kjøtt og fjørfe,Kjøtt og fjørfe,450,107,78,3.9,1.9,0,0.1,0.5,0.4,0.1,0.9,0.1,0.8,0.1,0.6,0.1,0.1,0,0,0.2,0,0,0,0.1,0.9,150,0,0,0,0,0,0,18,0.2,0,6,6,6,0,1,0.3,0.34,0.75,7.5,10.8,0.26,20,10,2,6,5.4,95,240,17,1.3,9,0.31,160,2,A0F3M
3.114,"Hjort, stek, rå",Kjøtt og fjørfe,Kjøtt og fjørfe,417,99,77,1.3,1.1,0,0.1,0.4,0.3,0,0.4,0.1,0.3,0.3,0.2,0,0,0,0,0,0,0,0,0.1,0.2,62,0,0,0,0,0,0,21.7,0.2,0,8,8,8,0,0.4,0.8,0.17,0.48,4.6,8.6,0.5,3,3.7,0,8,3.1,66,330,26,4.1,10,0.18,212,4,A01SA
3.033,"Hval, kjøtt, rå",Kjøtt og fjørfe,Kjøtt og fjørfe,506,120,73,2.1,0.5,0,0.1,0.2,0.1,0,0.8,0.6,0.7,0.5,0,0,0,0,0,0,0,0,0,0.1,0,57,0,0,0,0,0,0,25.2,0.2,0,90,90,90,0,3.8,0.3,0.1,0.22,1.8,6.4,0.05,4,2.6,0,4,6.8,60,220,28,1.1,21,0.07,242,35,A02KN
3.465,"Hyrdepai, med kjøttdeig, grønnsaker og potetmos",Kjøtt og fjørfe,Kjøtt og fjørfe,535,128,75,6,3,0.2,0.4,1.5,0.8,0.1,2.2,0.1,1.9,0.4,0.3,0.1,0,0,0,0,0,0,0,0.1,0.2,22,10.8,8,2.8,0,0,2,6.7,0.7,0,70,107,33,448,0.3,0.5,0.06,0.08,1.5,3.5,0.12,14,0.5,5,38,1,278,347,26,1.5,2,0.08,86,4,A03VE#F02.A06GF$F04.A00ZT$F04.A02QE$F04.A07XJ$F04.A0EYH
3.224,"Høne, bryst, filet, uten skinn, rå",Kjøtt og fjørfe,Kjøtt og fjørfe,451,106,74,0.7,0.2,0,0,0.1,0.1,0,0.3,0,0.2,0.1,0.1,0,0,0,0,0,0,0,0,0,0.1,63,0,0,0,0,0,0,25,0.1,0,9,9,9,0,0.1,0.3,0.09,0.17,6.5,11.1,0.6,7,0.5,0,8,0.9,52,220,23,1.4,11,0.14,192,0,A01SP#F20.A07QR
3.236,"Høne, filet, kokt",Kjøtt og fjørfe,Kjøtt og fjørfe,575,135,67,0.6,0.1,0,0,0.1,0,0,0.3,0,0.2,0.1,0.1,0,0,0,0,0,0,0,0,0,0.1,91,0,0,0,0,0,0,32.6,0.1,0,7,7,7,0,0.1,0.2,0.07,0.23,5.7,16.1,0.52,5,0.4,0,10,1,30,128,23,2,16,0.1,195,0,A01SP#F28.A07GG
3.206,"Høne, kjøtt med skinn, kokt",Kjøtt og fjørfe,Kjøtt og fjørfe,1034,248,59,16.7,4.4,0,0.2,3.4,1.1,0,8.2,0.8,6.3,2.8,2.7,0.2,0,0,0,0.1,0,0,0.1,0.3,2.8,103,0,0,0,0,0,0,24.4,0.1,0,30,30,30,0,0.2,0.4,0.09,0.23,5.5,14.1,0.29,4,0.2,0,21,1.9,30,108,17,1.7,14,0.1,171,6,A01SP#F20.A07QQ$F28.A07GG
3.003,"Høne, kjøtt med skinn, rå",Kjøtt og fjørfe,Kjøtt og fjørfe,1094,264,60,21,5.5,0,0.2,4.2,1.3,0,10.3,1,7.9,3.5,3.3,0.2,0,0,0,0.1,0.1,0.1,0.1,0.4,3.5,71,0,0,0,0,0,0,18.7,0.1,0,38,38,38,0,0.2,0.5,0.11,0.17,6.3,9.7,0.33,6,0.3,0,17,1.6,51,187,17,1.2,10,0.14,169,4,A01SP#F20.A07QQ
3.237,"Høne, kjøtt uten skinn, rå",Kjøtt og fjørfe,Kjøtt og fjørfe,590,141,73,6.3,1.4,0,0.1,1.1,0.5,0,2.7,0.2,1.7,0.9,0.8,0.1,0,0,0,0.1,0.1,0.1,0.2,0.3,1,63,0,0,0,0,0,0,21,0.1,0,9,9,9,0,0.1,0.3,0.09,0.17,6.5,10.4,0.6,7,0.5,0,8,0.9,52,220,23,1.4,11,0.14,192,1,A01SP#F20.A07QR
3.466,"Hønsefrikassé, hjemmelaget",Kjøtt og fjørfe,Kjøtt og fjørfe,371,89,83,5,2.6,0.1,0.4,1.3,0.5,0.1,1.4,0.1,1.1,0.3,0.2,0,0,0,0,0,0,0,0,0.1,0.2,30,3.2,1.5,1.7,0,0,1,7.3,0.6,0,83,135,32,618,0.2,0.2,0.03,0.09,1.5,3.9,0.17,10,0.1,3,19,0.4,246,135,12,0.5,4,0.05,67,4,A03VY#F02.A06GH$F04.A01SP$F04.A02ML$F04.A07XJ$F22.A07SS$F28.A07GM
3.467,Innbakte pølser,Kjøtt og fjørfe,Kjøtt og fjørfe,1037,248,51,11.1,4.2,0.1,0.4,2.3,1,0,5,0.3,4.6,1.2,1.1,0.1,0,0,0,0,0,0,0,0.1,1.1,20,25.3,24.1,1.1,0.5,0.5,2,10.6,1.1,0,15,16,14,12,0,1,0.22,0.11,1.4,3.5,0.09,26,0.4,7,107,0.6,425,234,21,1.2,4,0.11,169,4,A03ZK#F02.A06GP$F04.A024F$F04.A02SV$F04.A0BY0$F28.A07GY
3.204,"Kalkun, bryst, filet, uten skinn, rå",Kjøtt og fjørfe,Kjøtt og fjørfe,484,114,73,1.4,0.5,0,0,0.3,0.1,0,0.5,0.1,0.4,0.3,0.2,0,0,0,0,0,0,0,0,0,0.2,49,0,0,0,0,0,0,25.3,0.2,0,7,7,7,0,0.3,0.2,0.16,0.22,11.4,16,0.81,9,3.6,0,3,0.5,64,329,30,0.9,6,0.05,261,0,A01SQ#F20.A07QR
3.241,"Kalkun, brystfilet, uten skinn, ovnsstekt",Kjøtt og fjørfe,Kjøtt og fjørfe,641,151,64,1.4,0.4,0,0,0.3,0.1,0,0.5,0.1,0.4,0.3,0.2,0,0,0,0,0,0,0,0,0,0.2,62,0,0,0,0,0,0,34.8,0.2,0,6,6,6,0,0.3,0.2,0.12,0.23,11.4,20,0.6,7,3,0,3,0.6,68,247,30,1.1,7,0.04,261,0,A01SQ#F20.A07QR$F28.A07GY
3.005,"Kalkun, kjøtt med skinn, ovnsstekt",Kjøtt og fjørfe,Kjøtt og fjørfe,685,163,65,4.9,1.6,0,0.1,1.1,0.5,0,1.8,0.2,1.5,1.1,0.8,0,0,0,0,0.1,0,0,0.1,0.1,0.8,98,0,0,0,0,0,0,29.7,0.2,0,7,7,7,0,0.4,0.5,0.05,0.21,7.5,14.3,0.41,12,0.8,0,7,0.7,74,240,23,2.3,15,0.02,210,8,A01SQ#F20.A07QQ$F28.A07GY
3.004,"Kalkun, kjøtt med skinn, rå",Kjøtt og fjørfe,Kjøtt og fjørfe,560,133,73,5.2,1.7,0,0.1,1.2,0.5,0,1.9,0.2,1.6,1.2,0.8,0,0,0,0,0.1,0,0,0.1,0.2,0.9,78,0,0,0,0,0,0,21.6,0.2,0,7,7,7,0,0.4,0.5,0.07,0.2,7.5,11.5,0.55,16,1,0,6,0.6,70,320,23,1.8,12,0.03,210,6,A01SQ#F20.A07QQ
3.24,"Kalkun, kjøtt uten skinn, ovnsstekt",Kjøtt og fjørfe,Kjøtt og fjørfe,584,138,67,1.5,0.5,0,0,0.3,0.1,0,0.6,0.1,0.5,0.4,0.2,0,0,0,0,0,0,0,0,0.1,0.3,88,0,0,0,0,0,0,31.1,0.2,0,7,7,7,0,0.3,0.2,0.05,0.23,8,15.2,0.46,13,1.6,0,6,0.7,72,255,25,2.4,16,0.02,220,0,A01SQ#F20.A07QR$F28.A07GY
3.239,"Kalkun, kjøtt uten skinn, rå",Kjøtt og fjørfe,Kjøtt og fjørfe,443,105,76,1.6,0.5,0,0,0.4,0.1,0,0.6,0.1,0.5,0.4,0.2,0,0,0,0,0,0,0,0,0.1,0.3,70,0,0,0,0,0,0,22.6,0.2,0,7,7,7,0,0.3,0.2,0.07,0.22,8,12.1,0.61,17,2,0,5,0.6,68,340,25,1.9,13,0.02,220,0,A01SQ#F20.A07QR$F28.A07GY
3.323,"Kalkunfilet, naturell/røkt",Kjøtt og fjørfe,Kjøtt og fjørfe,374,88,79,0.5,0.2,0,0,0.1,0,0,0.1,0,0.1,0.1,0.1,0,0,0,0,0,0,0,0,0,0.1,43,0,0,0,0,0,0,20.9,1.8,0,2,2,2,0,0,0.3,0.09,0.1,8.3,12.1,0.39,6,1.4,0,2,0.3,720,297,24,0.8,0,0.05,372,0,A023T#F03.A06JA
3.322,"Kalkunrull, krydderskinke",Kjøtt og fjørfe,Kjøtt og fjørfe,420,100,79,3.5,1,0,0,0.8,0.3,0,1.1,0.2,0.9,0.9,0.8,0.1,0,0,0,0.1,0,0,0,0.1,0.8,69,0,0,0,0,0,0,17.1,1.8,0,8,8,8,0,0,0.5,0.09,0.1,4.6,7.7,0.19,10,1.9,0,5,1,720,334,22,2.6,0,0.09,455,0,A023T#F03.A06JA$F07.A06ZY
3.039,"Kalv, koteletter, rå",Kjøtt og fjørfe,Kjøtt og fjørfe,494,117,75,3,1.3,0,0.1,0.7,0.5,0,1.1,0.1,0.9,0.1,0.1,0,0,0,0,0,0,0,0,0,0.1,38,0,0,0,0,0,0,22.5,0.2,0,2,2,2,0,0,0.2,0.09,0.22,5.1,9.2,0.4,5,1.3,0,12,1.7,68,320,20,4.3,6,0.11,198,2,A01QY
3.037,"Kalv, stek, rå",Kjøtt og fjørfe,Kjøtt og fjørfe,453,107,76,2.4,1.1,0,0.1,0.6,0.4,0,0.9,0.1,0.8,0.1,0.1,0,0,0,0,0,0,0,0,0,0.1,38,0,0,0,0,0,0,21.4,0.1,0,1,1,1,0,0,0.2,0.11,0.22,5.4,9.3,0.4,5,1.3,0,13,2.2,55,460,20,3.4,6,0.11,268,2,A01QY
3.155,Kalverull,Kjøtt og fjørfe,Kjøtt og fjørfe,817,196,67,13.3,4.8,0,0.2,3,1.5,0,6.1,0.4,5.6,1.6,1.3,0.1,0,0,0,0,0,0,0,0.2,1.4,33,7.4,7.3,0.1,0,0,0.3,11.6,1.9,0,9,8,8,3,0.2,0.4,0.15,0.08,3.1,5.1,0.21,2,0.6,0,10,0.9,760,239,15,1.6,5,0.06,128,0,A0B9G#F02.A06AP$F03.A06JA$F27.A01QV$F28.A0BA1
3.044,"Kanin, kjøtt, rå",Kjøtt og fjørfe,Kjøtt og fjørfe,522,124,74,4,1.7,0,0.1,1.1,0.2,0,0.8,0.2,1.1,1.3,0.8,0.2,0,0,0,0,0,0,0,0.2,0.8,71,0,0,0,0,0,0,22,0.1,0,10,10,10,0,0.4,0.4,0.12,0.14,10,14,0.6,5,10,0,13,1.8,56,310,23,1.7,10,0.15,210,2,A01RQ
3.139,"Karbonadedeig, stekt uten fett",Kjøtt og fjørfe,Kjøtt og fjørfe,665,158,67,4.9,2.1,0,0.1,1.1,0.6,0.1,2.2,0.2,1.8,0.2,0.1,0,0,0,0,0,0,0,0,0.1,0.1,78,0,0,0,0,0,0,28.5,0.2,0,5,5,4,7,0.1,0.3,0.02,0.05,5.3,12.2,0.08,8,2,0,4,3.1,65,370,27,7.4,12,0.12,210,3,A049S#F07.A070N$F28.A07GS
3.126,"Karbonadedeig, storfe, 4,5 % fett, rå",Kjøtt og fjørfe,Kjøtt og fjørfe,518,123,75,4.5,1.9,0,0.1,1,0.6,0.1,2,0.2,1.6,0.2,0.1,0,0,0,0,0,0,0,0,0.1,0.1,54,0,0,0,0,0,0,20.7,0.1,0,5,6,5,7,0.1,0.4,0.03,0.04,4.6,8.4,0.1,6,1.8,0,3,2.2,53,350,22,5.1,8,0.09,165,2,A049S#F01.A0F1V$F02.A0BYZ$F27.A049S$F28.A07KY
3.137,"Karbonader, kjøpt",Kjøtt og fjørfe,Kjøtt og fjørfe,812,195,68,13.8,4.8,0,0.2,2.9,1.7,0,6.5,0.4,6.2,1.7,1.3,0.2,0,0,0,0.1,0,0,0,0.3,1.4,41,5,3.9,1.1,0,0,0.7,12.5,1.9,0,7,7,7,0,0,0.5,0.22,0.13,3,5.2,0.12,6,1,1,22,1.1,745,240,15,2,7,0.05,143,3,A03XF#F02.A06GH$F04.A0EYH$F28.A07KY
3.136,"Karbonader, okse, rå",Kjøtt og fjørfe,Kjøtt og fjørfe,823,198,68,14,6.7,0,0.3,3.3,2.5,0.4,5.4,0.4,4.6,0.5,0.3,0.1,0,0,0,0,0,0,0,0.2,0.3,37,4.4,2.7,1.6,0,0,0.1,13.6,1.3,0,6,6,6,0,0.2,0.3,0.04,0.09,2.9,5.5,0.13,5,0.6,0,50,1.2,502,214,19,2.9,5,0.05,110,4,A03XF
3.508,Kebab durum,Kjøtt og fjørfe,Kjøtt og fjørfe,800,192,65,10.5,2.7,0,0.2,1.6,0.9,0.2,4,0.2,3.8,1.6,1.3,0.3,0,0,0,0,0,0,0,0.3,1.3,32,11.6,9.3,2.3,0,0,2,11.9,1.3,0,6,12,0,72,0.1,1,0.08,0.09,1.7,3.7,0.09,10,0.4,1,21,1.3,503,271,20,2.3,4,0.08,134,0,A03ZJ#F02.A06GP$F04.A006R$F04.A0EYH$F22.A07SK
3.497,"Kebabkjøtt, tilberedt, restaurant",Kjøtt og fjørfe,Kjøtt og fjørfe,1165,281,58,22.9,10.3,0,0.7,5.6,3.3,0.9,10.3,0.9,8.9,1.2,0.9,0.1,0,0,0,0,0,0,0,0.1,0.9,58,0,0,0,0,0,0,18.7,2.2,0,52,56,49,45,0,1.2,0.06,0.12,0.4,3.8,0.06,12,1.6,0,30,2.2,880,410,30,3,7,0.09,240,39,A0EYH#F02.A0BYZ$F22.A07SK$F27.A0EYH$F28.A0EJY
3.457,Kjøttboller,Kjøtt og fjørfe,Kjøtt og fjørfe,839,202,66,14.9,4.9,0,0.2,2.9,1.6,0,7.5,0.4,7,2.3,1.9,0.3,0,0,0,0.1,0,0,0,0.3,2,34,3.8,3.7,0.1,0,0,4,11.3,1.8,0,8,9,7,13,0,1.1,0.16,0.12,2.7,4.8,0.12,7,0.8,1,29,1,733,293,16,1.6,7,0.05,160,2,A03XG#F02.A06GH$F04.A0EYH$F07.A073C
3.177,"Kjøttboller, hermetisk",Kjøtt og fjørfe,Kjøtt og fjørfe,462,110,79,5.3,2.5,0,0.1,1.2,0.9,0.2,2.1,0.2,1.7,0.2,0.1,0,0,0,0,0,0,0,0,0.1,0.1,26,5.4,3.4,2,0.1,0.1,0.4,10.1,1.8,0,4,3,3,2,0.1,0.2,0.03,0.09,1.3,4.5,0.06,5,0.4,0,79,1.1,711,151,14,2.5,5,0.05,96,5,A03XG#F04.A049S$F28.A0BYP
3.459,"Kjøttboller, kalkun og kylling",Kjøtt og fjørfe,Kjøtt og fjørfe,591,141,74,7.4,1.9,0,0.1,1.3,0.5,0,3.7,0.3,3.4,1.8,1.6,0.1,0,0,0,0.1,0,0,0,0.2,1.6,50,4.5,3.4,1.1,0.4,0.4,0.6,13.9,1.8,0,7,9,5,29,0,1.3,0.09,0.2,3.8,6.3,0.14,12,1.7,3,81,0.8,720,980,25,1.7,10,0.07,230,5,A03XG#F02.A06GH$F04.A04DS$F04.A04EC$F07.A071M
3.458,"Kjøttboller, kylling",Kjøtt og fjørfe,Kjøtt og fjørfe,878,211,67,16.2,4.6,0,0.2,3.2,1.2,0,8.4,0.6,7.7,3.7,3.2,0.5,0,0,0,0.1,0,0,0,0.5,3.2,55,4.5,3.4,1.1,0.2,0.2,0.6,11.6,2.1,0,26,28,24,29,0,1.4,0.07,0.08,4.5,6.6,0.15,10,0.3,1,34,0.9,840,230,17,0.8,7,0.03,140,0,A03XG#F02.A06GH$F04.A04DS$F07.A073D
3.506,"Kjøttboller, svenske",Kjøtt og fjørfe,Kjøtt og fjørfe,866,209,66,15.9,5.1,0,0.2,3.2,1.7,0,7.8,0.4,7.6,2.4,2,0.3,0,0,0,0.1,0,0,0,0.3,2.2,33,3.6,3.4,0.2,0,0,3,11.3,2.1,0,8,9,7,12,0,1.2,0.15,0.14,2.9,4.9,0.12,6,0.9,1,36,0.9,820,275,16,1.6,7,0.06,150,2,A03XG#F02.A06GH$F04.A0EYH
3.366,"Kjøttdeig, kylling, 8 % fett, rå",Kjøtt og fjørfe,Kjøtt og fjørfe,605,145,74,8.1,2.2,0,0.1,1.6,0.5,0,3.2,0.4,2.8,2,1.6,0.1,0,0,0,0.1,0,0,0,0.2,1.8,52,0,0,0,0,0,0,18,0.2,0,21,21,21,0,0,1.1,0.2,0.2,5.1,8.4,0.35,12,0.3,2,23,0.7,66,327,26,1.5,13,0.05,215,0,A04DS
3.478,"Kjøttdeig, kylling, stekt uten fett",Kjøtt og fjørfe,Kjøtt og fjørfe,731,174,67,8.6,2.4,0,0.1,2.2,0.7,0,3.5,0.4,3,2.1,1.7,0.2,0,0,0,0.1,0,0,0,0.2,1.9,71,0,0,0,0,0,0,24.2,0.2,0,23,23,23,0,0,1.2,0.19,0.24,5.7,11.5,0.31,12,0.3,2,31,0.9,77,345,30,2,17,0.07,250,0,A04DS#F01.A057Z$F02.A0BYZ$F27.A04DS$F28.A07GS$F28.A07KY
3.479,"Kjøttdeig, lam, 14 % fett, rå",Kjøtt og fjørfe,Kjøtt og fjørfe,829,199,67,13.7,6.7,0.1,0.8,2.6,2.2,0.6,4.9,0.4,4,0.6,0.3,0.2,0,0,0,0,0,0,0,0.3,0.3,68,0.1,0,0.1,0,0,0,19,0.2,0,18,18,18,0,0.1,0.4,0.03,0.04,4.8,8.3,0.12,1,1.8,0,9,1.1,78,320,20,2.7,4,0.06,160,0,A04AL#F01.A057G$F02.A0BYZ$F27.A04AL$F28.A07KY
3.48,"Kjøttdeig, lam, stekt uten fett",Kjøtt og fjørfe,Kjøtt og fjørfe,1016,244,59,15.6,7.6,0.1,0.9,3,2.5,0.7,5.6,0.4,4.6,0.7,0.3,0.2,0,0,0,0,0,0,0,0.3,0.3,96,0.1,0,0.1,0,0,0,25.7,0.2,0,20,20,20,0,0.1,0.5,0.03,0.04,5.1,11.8,0.1,1,2,0,12,1.5,95,379,24,3.9,5,0.08,194,0,A04AL#F01.A057G$F02.A0BYZ$F27.A04AL$F28.A07GS$F28.A07KY
3.397,"Kjøttdeig, storfe, 13 % fett, uten salt og vann, rå",Kjøtt og fjørfe,Kjøtt og fjørfe,819,197,67,13.2,6.4,0,0.4,3.5,2.3,0.1,6.3,0.6,5,0.6,0.2,0.1,0,0,0,0,0,0,0,0.1,0.3,66,0,0,0,0,0,0,19.4,0.2,0,22,28,17,67,0.2,0.4,0.05,0.13,4.2,7.8,0.3,4,2.9,0,7,2.1,67,287,18,4.7,8,0,151,2,A049S#F10.A0CQE
3.127,"Kjøttdeig, storfe, 14 % fett, med salt og vann, rå",Kjøtt og fjørfe,Kjøtt og fjørfe,814,195,68,13.7,6.7,0,0.4,3.6,2.4,0.1,6.4,0.6,5.1,0.6,0.3,0.1,0,0,0,0,0,0,0,0.1,0.3,62,0,0,0,0,0,0,17.9,1.1,0,21,26,16,62,0.2,0.4,0.05,0.12,3.9,7.2,0.28,4,2.7,0,6,1.9,451,267,17,4.4,7,0,141,2,A049S
3.138,"Kjøttdeig, storfe, stekt uten fett",Kjøtt og fjørfe,Kjøtt og fjørfe,994,238,60,15.3,7.4,0,0.6,5.2,3.4,0.1,7.1,0.7,5.7,0.7,0.3,0.1,0,0,0,0.1,0,0,0,0.1,0.3,89,0,0,0,0,0,0,25.1,1.4,0,23,29,18,69,0.2,0.5,0.05,0.16,4.5,10.3,0.27,4,2.9,0,9,2.6,547,294,21,6.1,11,0,171,2,A049S#F28.A07GS
3.348,"Kjøttdeig, svin, 9 % fett, rå",Kjøtt og fjørfe,Kjøtt og fjørfe,675,162,71,9.1,3.1,0,0.1,1.9,0.9,0,4.5,0.3,4.1,1.1,0.8,0.1,0,0,0,0,0,0,0,0.1,0.9,67,0.1,0,0.1,0,0,0,19.9,0.2,0,8,8,8,0,0.2,0.6,0.81,0.06,5.2,8.8,0.31,1,0.4,0,4,0.8,63,360,23,2.6,10,0.07,195,1,A04AC#F01.A057F$F02.A0BYZ$F07.A072K$F27.A04AC$F28.A07KY
3.141,"Kjøttdeig, svin, stekt uten fett",Kjøtt og fjørfe,Kjøtt og fjørfe,810,193,64,9.9,3.3,0,0.1,2.7,1.3,0,4.9,0.3,4.5,1.2,0.9,0.1,0,0,0,0,0,0,0,0.1,1,92,0.1,0,0.1,0,0,0,25.9,0.2,0,9,9,9,0,0.2,0.7,0.67,0.07,5.6,12.1,0.27,2,0.5,0,5,1,75,360,28,3.5,13,0.1,235,2,A04AC#F28.A07GS
3.129,"Kjøttfarse, rå",Kjøtt og fjørfe,Kjøtt og fjørfe,655,157,73,9.9,4.7,0,0.2,2.3,1.7,0.3,3.9,0.3,3.3,0.4,0.2,0.1,0,0,0,0,0,0,0,0.1,0.2,31,4.8,2.9,1.9,0.2,0.2,0.3,12.1,1.5,0,6,6,6,2,0.2,0.3,0.03,0.1,2.6,4.9,0.12,6,0.6,0,68,1.2,589,229,16,2.8,5,0.05,121,5,A049S
9.135,"Kjøttkaker med ertestuing, ferdigmiddag, kjøpt",Kjøtt og fjørfe,Kjøtt og fjørfe,553,132,74,5.6,2.6,0,0.1,0.8,0.4,0,2.2,0.1,1.9,0.4,0.5,0.1,0,0,0,0,0,0,0,0.1,0.5,9,13.8,10.2,1.2,0.3,0.2,2,5.6,0.6,0,3,4,1,23,0,0.6,0.08,0.07,1.3,2.6,0.07,7,0.2,3,19,0.9,253,279,22,0.5,3,0.05,54,1,A03VK#F04.A00PX$F04.A043Z$F04.A049S$F18.A07NK$F19.A07PR$F22.A07SH$F28.A07HH
3.133,"Kjøttkaker, kjøpt",Kjøtt og fjørfe,Kjøtt og fjørfe,737,177,70,11.3,4.3,0,0.3,2.6,1.6,0,5.5,0.4,5.4,1.3,1,0.2,0,0,0,0.1,0,0,0,0.2,1.1,36,6.8,5,1.8,0,0,0.3,11.9,2.1,0,6,7,5,12,0,2.2,0.17,0.15,2.6,4.8,0.1,4,0.9,1,35,0.9,840,250,16,1.8,8,0.05,150,3,A03XG#F02.A06GH$F04.A0EYH$F22.A07SH
3.134,"Kjøttpudding, ovnsstekt",Kjøtt og fjørfe,Kjøtt og fjørfe,864,207,66,14.4,5.1,0,0.3,3.9,2,0,6.4,0.4,6.1,1.8,1.5,0.1,0,0,0,0,0,0,0,0.2,1.6,42,6.5,6.4,0.1,0,0,0.5,12.8,2.1,0,7,8,6,12,0.2,0.6,0.1,0.04,2.3,5.1,0.09,6,0.6,0,22,1.4,836,166,16,1.8,7,0.07,94,0,A03XA#F02.A06GH$F04.A0EYH$F28.A07GY
3.145,"Kjøttpølse, kjøpt",Kjøtt og fjørfe,Kjøtt og fjørfe,833,201,70,16.5,5.9,0,0.3,3.7,1.9,0,7.8,0.5,7.2,2.2,1.7,0.2,0,0,0,0.1,0,0,0,0.2,1.9,44,2.3,1.3,1,0,0,1,10.2,2.2,0,6,6,6,0,0,0.9,0.18,0.1,2.2,4,0.11,4,0.7,17,16,0.6,890,405,13,1,7,0.04,190,2,A026A#F04.A04GP
3.146,"Kjøttpølse, med mindre fett",Kjøtt og fjørfe,Kjøtt og fjørfe,588,141,75,7.9,3,0,0.1,1.8,0.9,0,3.7,0.2,3.4,0.9,0.7,0.1,0,0,0,0,0,0,0,0.1,0.7,34,5.5,5.4,0.1,0,0,0.3,11.7,1.7,0,7,7,7,5,0.2,0.3,0.11,0.03,2.6,4.7,0.14,4,0.5,0,8,1.1,699,221,15,1.9,3,0.05,101,0,A026A#F02.A06AV$F04.A04GP$F10.A077C$F28.A07KY$F28.A0BA1$F28.A0CRH
10.148,"Kjøttsuppe med grønnsaker og poteter, ferdigmiddag, kjøpt",Kjøtt og fjørfe,Kjøtt og fjørfe,177,42,90,1,0.4,0,0,0,0,0,0.4,0,0,0.1,0,0,0,0,0,0,0,0,0,0,0.1,5,4.8,3.1,1.7,0,0,1,3,1.2,0,56,110,1,658,0,0.3,0.05,0.06,1.3,1.8,0.1,21,0.2,8,22,0.6,497,268,17,0.7,1,0.05,50,1,A0BZA#F04.A00GV$F04.A00HC$F04.A00QH$F04.A00ZT$F18.A07NL$F19.A07PR$F22.A07SH$F28.A07HD
3.147,Knakkpølse,Kjøtt og fjørfe,Kjøtt og fjørfe,1003,242,65,20.1,9.1,0,0.5,5.9,3.4,0.2,8.6,0.6,8.3,1.7,1.7,0.2,0,0.1,0,0.1,0,0,0,0.2,1.9,45,5.1,3.5,1.6,0,0,0.1,10.2,2,0,10,10,9,6,0.2,0.3,0.08,0.08,1.8,4.3,0.06,3,0.5,0,54,0.8,819,191,14,1.6,8,0.04,103,6,A025G#F02.A06AV$F28.A07KY$F28.A0BA1$F28.A0CRH
3.106,Kokt skinke,Kjøtt og fjørfe,Kjøtt og fjørfe,399,95,80,2.8,1,0,0,0.6,0.3,0,1.2,0.1,1.2,0.5,0.4,0,0,0,0,0.1,0,0,0,0.1,0.5,40,0.7,0,0.7,0.7,0.7,0,16.7,2.4,0,1,1,1,0,0,0.2,1.4,0.15,5.6,8.6,0.25,2,0.4,38,6,0.6,953,707,24,1.4,14,0.06,430,4,A023K
3.511,"Kylling i smørsaus, butter chicken, kjøpt",Kjøtt og fjørfe,Kjøtt og fjørfe,776,187,69,13.2,5.6,1.4,0.9,1.8,0.9,0,2.7,0.1,2.6,1.5,1.3,0.2,0,0,0,0,0,0,0,0.2,1.3,47,5.2,0.3,4.9,0,0,0.9,11.3,1.2,0,52,60,44,101,0.3,1.9,0.05,0.14,3.9,5.8,0.09,13,0.2,1,39,1,470,300,27,0.6,7,0.11,130,11,A03VV#F02.A06GH$F04.A01SP$F04.A02NF$F04.A039C$F22.A07SK
3.418,"Kylling, filet, kokt",Kjøtt og fjørfe,Kjøtt og fjørfe,571,135,68,1.6,0.4,0,0,0.2,0.1,0,0.5,0,0.4,0.4,0.2,0,0,0,0,0,0,0,0,0.1,0.3,62,0,0,0,0,0,0,30,0.1,0,6,6,6,0,0,0.5,0.19,0.18,8.3,20,0.65,7,0.2,4,5,0.4,33,226,32,0.9,15,0.02,254,0,A01SP#F28.A07GL
3.242,"Kylling, filet, stekt i fett",Kjøtt og fjørfe,Kjøtt og fjørfe,646,153,68,4.7,1.3,0.1,0.1,0.6,0.3,0,1.9,0.1,1.8,1,0.8,0.1,0,0,0,0,0,0,0,0.2,0.8,54,0,0,0,0,0,0,27.7,0.2,0,16,16,16,5,0.3,0.7,0.2,0.16,9.4,17,0.5,6,0.2,4,5,0.4,70,432,31,0.8,12,0.03,261,0,A01SP#F20.A07QR$F28.A07GY
3.481,"Kylling, filet, stekt uten fett",Kjøtt og fjørfe,Kjøtt og fjørfe,568,134,69,2,0.5,0,0,0.3,0.1,0,0.6,0.1,0.5,0.4,0.3,0,0,0,0,0.1,0,0,0,0.1,0.4,54,0,0,0,0,0,0,29.1,0.1,0,7,7,7,0,0,0.7,0.18,0.15,9.7,17.5,0.57,7,0.2,3,5,0.4,59,346,31,0.8,13,0.03,253,0,A01SP#F01.A057Z$F02.A0BYZ$F27.A01SP$F28.A07GY
3.205,"Kylling, filet, uten skinn, rå",Kjøtt og fjørfe,Kjøtt og fjørfe,467,111,75,2.1,0.5,0,0,0.3,0.1,0,0.6,0.1,0.6,0.5,0.3,0,0,0,0,0.1,0,0,0,0.1,0.4,43,0,0,0,0,0,0,23,0.1,0,7,7,7,0,0,0.7,0.24,0.13,9.6,13.8,0.74,10,0.3,3,4,0.4,56,390,32,0.6,10,0.03,250,0,A01SP#F20.A07QR
3.391,"Kylling, hel, med skinn, landkylling, ovnsstekt",Kjøtt og fjørfe,Kjøtt og fjørfe,807,193,65,10.3,2.7,0,0,2.1,0.5,0,4.5,0.5,4,1.9,1.6,0.2,0,0,0,0.1,0,0,0,0.2,1.7,56,0,0,0,0,0,0,25,0.2,0,25,25,25,0,0,1,0.08,0.14,6.9,13.2,0.36,5,0.3,3,8,0.5,70,248,26,1.4,19,0.02,200,5,A01SP#F20.A07QQ$F28.A07GY
3.373,"Kylling, hel, med skinn, landkylling, rå",Kjøtt og fjørfe,Kjøtt og fjørfe,747,179,69,11,2.9,0,0.1,2.2,0.6,0,4.8,0.5,4.2,2,1.7,0.2,0,0,0,0.1,0,0,0,0.2,1.8,45,0,0,0,0,0,0,20,0.2,0,27,27,27,0,0,1,0.11,0.12,6.9,10.6,0.48,7,0.3,3,7,0.5,66,330,26,1.1,15,0.03,200,4,A01SP#F20.A07QQ
3.007,"Kylling, hel, med skinn, ovnsstekt",Kjøtt og fjørfe,Kjøtt og fjørfe,731,175,68,9.3,2.9,0,0.1,2.1,0.7,0,4.3,0.5,3.7,2.2,1.9,0.2,0,0,0,0.1,0,0,0,0.2,1.8,85,0,0,0,0,0,0,22.8,0.2,0,21,21,21,0,0.3,1.2,0.13,0.16,6.6,12.4,0.33,5,0.2,4,10,0.6,81,226,24,1.2,13,0.03,187,5,A01SP#F20.A07QQ$F28.A07GY
3.006,"Kylling, hel, med skinn, rå",Kjøtt og fjørfe,Kjøtt og fjørfe,676,162,72,9.9,3.1,0,0.1,2.3,0.7,0,4.6,0.5,4,2.4,2.1,0.2,0,0,0,0.1,0,0,0,0.2,1.9,68,0,0,0,0,0,0,18.3,0.2,0,23,23,23,0,0.4,1.2,0.17,0.14,6.6,10,0.44,6,0.3,4,9,0.5,76,302,24,1,11,0.04,187,4,A01SP#F20.A07QQ
3.246,"Kylling, hel, uten skinn, ovnsstekt",Kjøtt og fjørfe,Kjøtt og fjørfe,566,134,71,3.8,1.2,0,0,0.9,0.3,0,1.7,0.2,1.5,1.1,0.8,0.1,0,0,0,0.1,0,0,0,0.1,1,78,0,0,0,0,0,0,25,0.3,0,17,17,17,0,0,1.2,0.24,0.2,9.3,13.8,0.66,7,0.3,5,11,0.6,101,413,34,1.2,13,0.05,253,1,A01SP#F20.A07QR$F28.A07GY
3.292,"Kylling, hel, uten skinn, rå",Kjøtt og fjørfe,Kjøtt og fjørfe,452,107,76,3,1,0,0,0.7,0.2,0,1.4,0.1,1.2,0.8,0.7,0.1,0,0,0,0.1,0,0,0,0.1,0.8,62,0,0,0,0,0,0,20,0.2,0,14,14,14,0,0,0.9,0.19,0.16,7.4,11.1,0.53,6,0.2,4,9,0.5,81,330,27,1,11,0.04,203,1,A01SP#F20.A07QR
3.244,"Kylling, lår (overlår og lårklubbe), med skinn, ovnsstekt",Kjøtt og fjørfe,Kjøtt og fjørfe,781,187,68,11.4,3.4,0,0.1,2.5,0.8,0,5.1,0.6,4.4,2.7,2.3,0.2,0,0,0,0.1,0,0,0,0.2,1.8,79,0,0,0,0,0,0,21.1,0.2,0,23,23,23,0,0.2,1.4,0.13,0.21,4.2,9.1,0.22,6,0.2,3,11,0.8,98,208,22,1.9,15,0.04,173,2,A01SP#F20.A07QQ$F28.A07GY
3.225,"Kylling, lår (overlår og lårklubbe), med skinn, rå",Kjøtt og fjørfe,Kjøtt og fjørfe,737,177,71,12.1,3.6,0,0.1,2.7,0.9,0,5.4,0.6,4.7,2.9,2.5,0.2,0,0,0,0.1,0,0,0,0.2,1.9,64,0,0,0,0,0,0,16.9,0.2,0,25,25,25,0,0.3,1.4,0.17,0.19,4.2,7.3,0.29,8,0.2,3,9,0.6,92,278,22,1.5,12,0.05,173,1,A01SP#F20.A07QQ
3.392,"Kylling, lår (overlår og lårklubbe), uten skinn, ovnsstekt",Kjøtt og fjørfe,Kjøtt og fjørfe,612,146,71,6.2,1.8,0,0,1.3,0.4,0,2.7,0.3,2.3,1.5,1.3,0.1,0,0,0,0.1,0,0,0,0.1,0.6,76,0,0,0,0,0,0,22.5,0.3,0,18,18,18,0,0,1.2,0.14,0.23,4.4,9.6,0.24,6,0.2,3,11,0.8,104,225,23,2,15,0.04,184,1,A01SP#F20.A07QR$F28.A07GY
3.332,"Kylling, lår (overlår og lårklubbe), uten skinn, rå",Kjøtt og fjørfe,Kjøtt og fjørfe,550,131,75,6.6,1.9,0,0,1.4,0.4,0,2.8,0.3,2.4,1.6,1.4,0.1,0,0,0,0.1,0,0,0,0.1,0.6,60,0,0,0,0,0,0,18,0.2,0,19,19,19,0,0,1.2,0.19,0.21,4.4,7.7,0.32,8,0.2,3,9,0.7,98,300,23,1.6,12,0.06,184,1,A01SP#F20.A07QR
3.395,"Kylling, lårklubbe (underlår), med skinn, ovnsstekt",Kjøtt og fjørfe,Kjøtt og fjørfe,675,161,70,8.4,2.4,0,0.1,1.8,0.6,0,3.6,0.4,3.1,2,1.7,0.1,0,0,0,0.1,0,0,0,0.2,1.8,83,0,0,0,0,0,0,21.5,0.3,0,20,20,20,0,0.2,1.3,0.13,0.21,4.2,9.2,0.21,6,0.2,3,11,0.8,101,210,22,2.1,14,0.04,171,3,A01SP#F20.A07QQ$F28.A07GY
3.331,"Kylling, lårklubbe (underlår), med skinn, rå",Kjøtt og fjørfe,Kjøtt og fjørfe,623,149,74,9,2.5,0,0.1,1.9,0.6,0,3.8,0.5,3.3,2.2,1.8,0.1,0,0,0,0.1,0,0,0,0.2,1.9,67,0,0,0,0,0,0,17.2,0.2,0,21,21,21,0,0.2,1.3,0.17,0.19,4.2,7.4,0.28,8,0.2,3,9,0.6,95,279,22,1.7,11,0.05,171,2,A01SP#F20.A07QQ
3.396,"Kylling, lårklubbe (underlår), uten skinn, ovnsstekt",Kjøtt og fjørfe,Kjøtt og fjørfe,612,146,71,6.2,1.8,0,0,1.3,0.4,0,2.7,0.3,2.3,1.5,1.3,0.1,0,0,0,0.1,0,0,0,0.1,0.6,76,0,0,0,0,0,0,22.5,0.3,0,18,18,18,0,0,1.2,0.14,0.23,4.4,9.6,0.24,6,0.2,3,11,0.8,104,225,23,2,15,0.04,184,1,A01SP#F20.A07QR$F28.A07GY
3.334,"Kylling, lårklubbe (underlår), uten skinn, rå",Kjøtt og fjørfe,Kjøtt og fjørfe,481,115,77,4.7,1.2,0,0,0.9,0.3,0,1.8,0.2,1.6,1.2,0.9,0.1,0,0,0,0.1,0,0,0,0.1,1.1,63,0,0,0,0,0,0,18,0.3,0,16,16,16,0,0,1.2,0.18,0.2,4.2,7.5,0.31,8,0.2,3,10,0.6,100,292,23,1.8,12,0.06,177,1,A01SP#F20.A07QR
3.393,"Kylling, overlår (lår uten lårklubbe), med skinn, ovnsstekt",Kjøtt og fjørfe,Kjøtt og fjørfe,845,203,66,13.2,4,0,0.1,3,0.9,0,6,0.7,5.3,3.2,2.8,0.2,0,0,0,0.1,0,0,0,0.2,2.9,80,0,0,0,0,0,0,20.9,0.2,0,26,26,26,0,0.3,1.4,0.13,0.2,4.5,9.5,0.22,6,0.2,3,10,0.8,95,214,22,1.6,15,0.04,177,3,A01SP#F20.A07QQ$F28.A07GY
3.33,"Kylling, overlår (lår uten lårklubbe), med skinn, rå",Kjøtt og fjørfe,Kjøtt og fjørfe,807,194,69,14.1,4.3,0,0.1,3.2,1,0,6.4,0.8,5.6,3.4,3,0.2,0,0,0,0.1,0,0,0,0.3,3.1,64,0,0,0,0,0,0,16.7,0.2,0,28,28,28,0,0.3,1.4,0.17,0.18,4.5,7.6,0.3,8,0.3,3,9,0.7,89,285,22,1.3,12,0.05,177,2,A01SP#F20.A07QQ
3.394,"Kylling, overlår (lår uten lårklubbe), uten skinn, ovnsstekt",Kjøtt og fjørfe,Kjøtt og fjørfe,672,160,70,7.8,2.3,0,0.1,1.7,0.5,0,3.5,0.4,3,1.9,1.6,0.1,0,0,0,0.1,0,0,0,0.1,1.8,72,0,0,0,0,0,0,22.5,0.3,0,20,20,20,0,0,1.3,0.14,0.23,4.6,9.9,0.26,6,0.2,3,11,0.8,102,231,24,1.8,16,0.04,190,1,A01SP#F20.A07QR$F28.A07GY
3.333,"Kylling, overlår (lår uten lårklubbe), uten skinn, rå",Kjøtt og fjørfe,Kjøtt og fjørfe,615,147,74,8.3,2.5,0,0.1,1.8,0.6,0,3.7,0.5,3.2,2.1,1.8,0.1,0,0,0,0.1,0,0,0,0.2,1.9,58,0,0,0,0,0,0,18,0.2,0,21,21,21,0,0,1.3,0.19,0.21,4.6,7.9,0.34,8,0.2,3,9,0.7,96,307,24,1.4,13,0.06,190,1,A01SP#F20.A07QR
3.356,"Kylling- og kalkunpølse, med mindre fett",Kjøtt og fjørfe,Kjøtt og fjørfe,922,219,54,7.7,2.4,0,0.1,1.7,0.6,0,3.4,0.4,3,1.9,1.6,0.1,0,0,0,0.1,0,0,0,0.2,1.6,58,20.9,20.8,0.1,0,0,0.8,16.3,2,0,17,18,15,23,0.2,1.1,0.08,0.17,3.8,6.7,0.21,10,0.3,3,39,1.2,793,212,25,1.3,11,0.04,149,3,A026B#F02.A06AV$F04.A01SP$F04.A01SQ$F10.A077C$F28.A07KY$F28.A0BA1$F28.A0CRH
3.361,"Kylling- og kalkunpølse, med ost",Kjøtt og fjørfe,Kjøtt og fjørfe,962,230,57,12,4.5,0.1,0.3,2.8,1,0.1,4.9,0.5,4.4,2.1,1.8,0.2,0,0,0,0.1,0,0,0,0.2,1.6,55,15.4,15.2,0.2,0,0,0.5,14.8,2,0,37,39,35,24,0.2,1.1,0.08,0.17,2.7,5.5,0.15,8,0.3,2,78,0.8,801,170,21,1.5,11,0.04,162,4,A026B#F02.A06AV$F04.A01SP$F04.A02QE$F04.A04EC$F28.A07KY$F28.A0BA1$F28.A0CRH
3.312,"Kyllingburger, med brød, dressing, kjøpt",Kjøtt og fjørfe,Kjøtt og fjørfe,1164,278,47,13.9,1.2,0,0,0.8,0.3,0,7.5,0,7.3,4.5,3.5,0.9,0,0,0,0,0,0,0,0.9,3.5,11,28.7,25.6,3.1,2.8,2.8,2,8.5,1,0,5,7,2,33,0,4.4,0.13,0.07,2,3.5,0.13,21,0,1,16,0.7,383,159,22,0.6,3,0.07,92,0,A03ZL#F02.A06GP$F04.A045K$F04.A04DS$F04.A0BY0
3.302,"Kyllinggryte, med tomat, løk, sopp",Kjøtt og fjørfe,Kjøtt og fjørfe,287,68,86,2.7,0.8,0.1,0.1,0.4,0.2,0,1.1,0.1,1.1,0.6,0.5,0.1,0,0,0,0,0,0,0,0.1,0.6,25,2.3,0.8,1.5,0,0.1,1,8.1,0.8,0,21,29,13,100,0.1,0.9,0.07,0.13,2.4,5.3,0.18,10,0,5,12,0.5,328,179,14,0.6,5,0.12,78,3,A03VY#F04.A00HC$F04.A00TQ$F04.A01SP$F04.A0DMX
3.32,"Kyllingnuggets, fritert, dagligvare",Kjøtt og fjørfe,Kjøtt og fjørfe,884,211,58,9.2,2,0,0,1.4,0.5,0,4,0.3,3.6,2.9,2.5,0.3,0,0,0,0.1,0,0,0,0.3,2.1,49,15.9,14.3,1.6,1.2,1.2,2,15.4,1.4,0,16,18,13,31,0.1,2.7,0.11,0.19,3.1,5.9,0.2,13,0.1,4,42,1.3,573,211,28,1.5,10,0.06,141,1,A04DS#F01.A057Z$F02.A0BYZ$F22.A07SH$F27.A04DS$F28.A07GV$F28.A07KY
3.307,"Kyllingnuggets, fritert, fastfood",Kjøtt og fjørfe,Kjøtt og fjørfe,1094,261,48,11.6,1.3,0,0,0.8,0.3,0,4.9,0,4.8,4.8,4.3,0.4,0,0,0,0,0,0,0,0.5,4.3,24,22.1,21.6,0.4,0.1,0.1,2,16,1.2,0,5,7,3,27,0,5.1,0.15,0.1,4.8,7.6,0.3,11,0.1,2,21,0.9,482,237,33,0.7,6,0.07,162,0,A04DS#F01.A057Z$F02.A0BYZ$F22.A07SK$F27.A04DS$F28.A07GR$F28.A07KY
3.438,Kyllingpostei,Kjøtt og fjørfe,Kjøtt og fjørfe,561,134,76,7.9,1.7,0,0,1.3,0.5,0,3.7,0.2,3.6,2.1,1.7,0.3,0,0,0,0.1,0,0,0,0.4,1.9,106,5.8,4,1.9,0.5,0.5,0,10.1,1.5,0,2900,2900,2900,3,0,1.6,0.2,0.62,4.4,6.2,0.2,315,5.9,47,34,3.9,610,240,15,1.1,20,0.11,145,14,A026Q#F04.A01SN$F22.A07SH$F28.A0BA1
3.437,"Kyllingpostei, hermetisk",Kjøtt og fjørfe,Kjøtt og fjørfe,542,130,77,7.9,1.9,0,0.1,1.3,0.5,0,4,0.2,3.7,2.2,1.7,0.3,0,0,0,0.1,0,0,0,0.4,1.8,98,5.3,3.1,2.2,1,1,0,9.4,1.6,0,2651,2650,2650,5,0,1.7,0.14,0.58,3.6,5.3,0.16,290,5.1,27,42,3.7,620,260,14,1,18,0.11,140,13,A026Q#F04.A01SP$F18.A07NR$F19.A07PH$F22.A07SH$F28.A0BA1$F28.A0BYP
3.436,"Kyllingpostei, ovnsbakt",Kjøtt og fjørfe,Kjøtt og fjørfe,579,139,75,7.8,1.8,0,0,1.2,0.5,0,3.8,0.2,3.5,2.3,1.8,0.3,0,0,0,0.1,0,0,0.1,0.4,1.9,114,6.3,4.8,1.5,0,0,0,10.8,1.5,0,3150,3150,3150,0,0,1.5,0.25,0.66,5.1,7.1,0.24,340,6.6,67,25,4,600,220,16,1.3,22,0.11,150,14,A026Q#F04.A01SP$F04.A01SQ$F18.A07NX$F19.A07PH$F19.A07PR$F22.A07SH$F28.A07GY
3.39,"Kyllingskinn, rå",Kjøtt og fjørfe,Kjøtt og fjørfe,1582,383,51,37.4,11.5,0,0.3,8.6,2.5,0,17.2,1.9,15.1,8.7,7.7,0.7,0,0,0,0.1,0,0,0,0.7,8,88,0,0,0,0,0,0,11.7,0.2,0,56,56,56,0,1.7,2.1,0.08,0.08,3.8,5.9,0.11,8,0.4,2,7,0.6,61,195,14,0.9,11,0.03,127,22,A01SP#F20.A0F7Q
3.482,"Lam, bogstek, ovnsstekt",Kjøtt og fjørfe,Kjøtt og fjørfe,853,204,63,10.8,5.1,0.1,0.6,2.1,1.5,0.5,4.1,0.3,3.3,0.5,0.2,0.1,0,0,0,0,0,0,0,0.2,0.2,96,0.1,0,0.1,0,0,0,26.6,0.2,0,12,12,12,0,0,0.5,0.04,0.04,5.4,12.9,0.09,1,2.3,0,8,1.6,89,412,28,5.3,6,0.09,219,2,A01RK#F01.A057G$F02.A0BYZ$F27.A01RK$F28.A07GY$F31.A0C8X
3.215,"Lam, bogstek, rå",Kjøtt og fjørfe,Kjøtt og fjørfe,645,154,73,8.9,4.2,0.1,0.5,1.8,1.3,0.4,3.4,0.3,2.8,0.4,0.2,0.1,0,0,0,0,0,0,0,0.2,0.2,64,0.1,0,0.1,0,0,0,18.5,0.2,0,10,10,10,0,0,0.4,0.04,0.03,5.1,8.5,0.09,1,2.2,0,6,1.1,69,340,22,3.5,4,0.07,170,1,A01RK#F01.A057G$F02.A0BYZ$F27.A01RK$F31.A0C8X
3.211,"Lam, flatbiff, rå",Kjøtt og fjørfe,Kjøtt og fjørfe,510,121,75,4.3,2,0,0.2,0.8,0.6,0.2,1.6,0.1,1.3,0.2,0.1,0.1,0,0,0,0,0,0,0,0.1,0.1,62,0.2,0,0.2,0,0,0,20.5,0.1,0,5,5,5,0,0,0.5,0.05,0.05,6.3,10.1,0.16,1,1.5,0,8,1.4,52,380,26,2.6,4,0.09,200,0,A01RK#F01.A057G$F02.A0BYZ$F27.A01RK$F31.A0C8X
3.483,"Lam, flatbiff, stekt uten fett",Kjøtt og fjørfe,Kjøtt og fjørfe,698,166,65,5.2,2.4,0,0.3,1,0.7,0.2,1.9,0.1,1.5,0.2,0.1,0.1,0,0,0,0,0,0,0,0.1,0.1,93,0.2,0,0.2,0,0,0,29.5,0.2,0,5,5,5,0,0,0.6,0.05,0.06,7.2,15.2,0.15,1,1.7,0,12,2,66,478,33,3.9,6,0.13,258,0,A01RK#F01.A057G$F02.A0BYZ$F27.A01RK$F28.A07GY$F31.A0C8X
3.218,"Lam, fårikålkjøtt, rå",Kjøtt og fjørfe,Kjøtt og fjørfe,809,194,68,13.4,6.4,0.1,0.8,2.6,2,0.6,4.9,0.4,4,0.7,0.3,0.2,0,0,0,0,0,0,0,0.3,0.3,65,0.1,0,0.1,0,0,0,18.4,0.2,0,15,15,15,0,0.1,0.5,0.04,0.03,4.9,8.3,0.1,1,2.3,0,9,1,69,330,21,3.2,4,0.06,175,0,A01RK#F01.A057G$F02.A0BYZ$F27.A01RK$F31.A0C8X
3.213,"Lam, indrefilet, rå",Kjøtt og fjørfe,Kjøtt og fjørfe,461,109,76,2.4,1.1,0,0.1,0.5,0.4,0.1,0.9,0.1,0.7,0.2,0.1,0.1,0,0,0,0,0,0,0,0.1,0.1,65,0.1,0,0.1,0,0,0,21.8,0.1,0,2,2,2,0,0,0.4,0.06,0.05,7.1,11.1,0.15,1,2,0,7,1.5,57,430,28,2.2,2,0.09,220,0,A01RK#F01.A057G$F02.A0BYZ$F27.A01RK$F31.A0C8X
3.484,"Lam, indrefilet, stekt uten fett",Kjøtt og fjørfe,Kjøtt og fjørfe,644,152,66,2.9,1.3,0,0.1,0.6,0.4,0.1,1,0.1,0.9,0.2,0.1,0.1,0,0,0,0,0,0,0,0.1,0.1,98,0.2,0,0.2,0,0,0,31.4,0.2,0,2,2,2,0,0,0.5,0.05,0.06,8.1,16.8,0.14,1,2.3,0,10,2.2,73,541,36,3.3,4,0.13,283,1,A01RK#F01.A057G$F02.A0BYZ$F27.A01RK$F28.A07GY$F31.A0C8X
3.266,"Lam, kotelett, rå",Kjøtt og fjørfe,Kjøtt og fjørfe,766,184,69,11.7,5.6,0.1,0.7,2.2,1.8,0.6,4.2,0.3,3.4,0.6,0.3,0.2,0,0,0,0,0,0,0,0.2,0.3,62,0.1,0,0.1,0,0,0,19.5,0.2,0,17,17,17,0,0,0.3,0.04,0.03,6.6,10.2,0.15,2,1.2,0,20,1.1,66,345,23,2.1,4,0.07,180,0,A01RK#F01.A057G$F02.A0BYZ$F27.A01RK$F31.A0C8X
3.267,"Lam, kotelett, stekt uten fett",Kjøtt og fjørfe,Kjøtt og fjørfe,1205,289,49,17,8.1,0.1,0.9,3.2,2.6,0.8,6,0.5,5,0.8,0.4,0.2,0,0,0,0,0,0,0,0.3,0.4,113,0.2,0,0.2,0,0,0,33.7,0.3,0,24,24,24,0,0.1,0.4,0.05,0.05,9,18.5,0.17,2,1.6,0,35,1.9,101,521,35,3.8,7,0.11,278,0,A01RK#F28.A07GS
3.014,"Lam, lår, stek, rå",Kjøtt og fjørfe,Kjøtt og fjørfe,567,135,74,6.1,2.8,0,0.3,1.2,0.8,0.3,2.3,0.2,1.8,0.3,0.1,0.1,0,0,0,0,0,0,0,0.1,0.2,64,0.1,0,0.1,0,0,0,20,0.2,0,7,7,7,0,0,0.2,0.06,0.04,5.6,9.3,0.12,1,2,0,7,1.2,63,370,23,3.1,4,0.08,195,1,A01RK#F01.A057G$F02.A0BYZ$F27.A01RK$F31.A0C8X
3.265,"Lam, lårstek, ovnsstekt",Kjøtt og fjørfe,Kjøtt og fjørfe,901,214,57,8.7,3.9,0.1,0.5,1.7,1.1,0.4,3.2,0.3,2.6,0.4,0.2,0.1,0,0,0,0,0,0,0,0.1,0.3,114,0.2,0,0.2,0,0,0,33.8,0.2,0,10,10,10,0,0,0.3,0.06,0.05,7,16.5,0.13,1,2.5,0,11,2,95,529,35,5.5,7,0.13,296,2,A01RK#F01.A057G$F02.A0BYZ$F27.A01RK$F28.A07GY$F31.A0C8X
3.485,"Lam, mørbrad, rå",Kjøtt og fjørfe,Kjøtt og fjørfe,617,147,72,7.3,3.5,0.1,0.4,1.4,1.1,0.3,2.6,0.2,2.1,0.4,0.2,0.1,0,0,0,0,0,0,0,0.2,0.2,66,0.1,0,0.1,0,0,0,20.3,0.2,0,9,9,9,0,0,0.4,0.05,0.04,6.7,10.4,0.14,1,1.9,0,6,1.4,62,375,23,2.5,4,0.09,195,1,A01RK#F01.A057G$F02.A0BYZ$F27.A01RK$F31.A0C8X
3.486,"Lam, mørbrad, stekt uten fett",Kjøtt og fjørfe,Kjøtt og fjørfe,826,197,62,8.8,4.2,0.1,0.5,1.7,1.3,0.4,3.2,0.3,2.6,0.5,0.2,0.1,0,0,0,0,0,0,0,0.2,0.2,100,0.2,0,0.2,0,0,0,29.1,0.2,0,11,11,11,0,0,0.5,0.05,0.05,7.6,15.8,0.14,1,2.1,0,9,1.9,80,472,29,3.8,6,0.12,251,2,A01RK#F01.A057G$F02.A0BYZ$F27.A01RK$F28.A07GY$F31.A0C8X
3.487,"Lam, pinnekjøtt, rå",Kjøtt og fjørfe,Kjøtt og fjørfe,951,229,65,17.5,8.5,0.1,1,3.3,2.8,0,6.1,0.5,4.9,0.7,0.3,0.2,0,0,0,0,0,0,0,0.3,0.3,68,0.1,0,0.1,0,0,0,17.8,0.2,0,10,10,10,0,0.1,0.5,0.04,0.03,5.2,8.5,0.15,1,1.5,0,9,0.9,67,310,20,2.7,2,0.06,170,1,A01RK#F01.A057G$F02.A0BYZ$F27.A01RK$F31.A0C8X
3.212,"Lam, ytrefilet, rå",Kjøtt og fjørfe,Kjøtt og fjørfe,449,106,76,2.1,0.9,0,0.1,0.4,0.3,0.1,0.8,0.1,0.6,0.2,0.1,0.1,0,0,0,0,0,0,0,0.1,0.1,68,0.1,0,0.1,0,0,0,21.7,0.1,0,3,3,3,0,0,0.5,0.06,0.05,8,12,0.17,1,1.6,0,8,1.4,53,360,26,1.8,3,0.1,215,1,A01RK#F01.A057G$F02.A0BYZ$F27.A01RK$F31.A0C8X
3.488,"Lam, ytrefilet, stekt uten fett",Kjøtt og fjørfe,Kjøtt og fjørfe,629,149,66,2.5,1.1,0,0.1,0.5,0.3,0.1,0.9,0.1,0.8,0.2,0.1,0.1,0,0,0,0,0,0,0,0.1,0.1,103,0.2,0,0.2,0,0,0,31.2,0.2,0,3,3,3,0,0,0.6,0.06,0.06,9.1,18.1,0.16,1,1.8,0,12,2,68,453,33,2.7,5,0.13,277,1,A01RK#F01.A057G$F02.A0BYZ$F27.A01RK$F28.A07GY$F31.A0C8X
3.257,Lammefrikassé,Kjøtt og fjørfe,Kjøtt og fjørfe,388,93,82,4.2,1.7,0.1,0.2,0.7,0.5,0.1,1.6,0.1,1.5,0.4,0.3,0.1,0,0,0,0,0,0,0,0.1,0.3,36,2.3,1.3,1,0,0,0.6,11.1,0.5,0,41,72,11,369,0.1,0.5,0.02,0.03,1.8,5.5,0.05,6,0.7,2,12,0.8,186,152,12,1.8,2,0.06,100,0,A03VY#F04.A01RK$F04.A07XJ$F28.A07GM
3.214,Lammerull,Kjøtt og fjørfe,Kjøtt og fjørfe,745,178,68,10.2,4.9,0.1,0.6,2,1.5,0.5,3.7,0.3,3,0.5,0.2,0.1,0,0,0,0,0,0,0,0.2,0.3,65,0.3,0,0.2,0,0,0.1,21.3,2.4,0,13,14,13,6,0,0.3,0.03,0.04,4.5,10,0.09,3,1.3,0,21,1.1,960,292,22,2.6,4,0.14,156,0,A023Z#F02.A06AP$F03.A06JA$F28.A0BA1
3.288,"Lapskaus, lys, storfekjøtt",Kjøtt og fjørfe,Kjøtt og fjørfe,253,60,87,1.8,0.8,0,0.1,0.4,0.3,0.1,0.8,0.1,0.6,0.1,0,0,0,0,0,0,0,0,0,0,0.1,15,5.3,3.8,1.5,0,0,0.9,5.1,0.3,0,36,70,1,414,0,0.2,0.03,0.02,0.9,2.4,0.06,7,0.3,4,9,0.9,126,210,12,1.8,1,0.05,50,0,A03VY#F04.A00ZT$F04.A01QX$F04.A07XJ$F10.A0F2Z$F28.A07GM
3.254,"Lasagne, med kjøttdeig",Kjøtt og fjørfe,Kjøtt og fjørfe,612,146,73,8.1,4,0.2,0.5,1.8,0.9,0.1,2.7,0.2,2.4,0.7,0.5,0.1,0,0,0,0,0,0,0,0.1,0.5,19,9.4,6.5,2.8,0,0,1,8.5,0.7,0,43,49,36,81,0.4,0.7,0.05,0.12,0.8,2.8,0.07,9,0.7,2,157,0.6,300,198,17,1.4,3,0.06,155,12,A040P#F04.A049S
3.315,"Lasagne, med kjøttdeig, fryst, kjøpt",Kjøtt og fjørfe,Kjøtt og fjørfe,512,122,75,5.4,2.2,0.1,0.3,1.2,0.6,0.4,2,0.2,1.8,0.4,0.3,0,0,0,0,0,0,0,0,0.1,0.3,25,11.5,8.6,2.9,0,0,3,5.3,1,0,44,74,14,360,0.4,0.9,0.06,0.1,0.8,1.7,0.11,11,0.3,1,78,0.6,385,183,14,0.8,2,0.08,119,5,A040P#F04.A049S$F22.A07SH$F28.A07KQ
3.259,"Lever, kylling, rå",Kjøtt og fjørfe,Kjøtt og fjørfe,561,133,72,4.1,1.2,0,0,0.6,0.5,0,0.7,0.1,0.8,1,0.3,0,0,0,0,0.2,0,0,0,0,0.6,380,5,5,0,0,0,0,19.1,0.2,0,9373,9374,9371,21,0.2,0.6,0.48,2.16,10.6,14.1,0.82,995,35,28,8,9.2,76,260,19,3.7,0,0.5,280,2,A01XZ
3.12,"Lever, lam, rå",Kjøtt og fjørfe,Kjøtt og fjørfe,538,128,73,4.1,1.3,0,0,0.4,0.8,0.1,0.6,0,0.6,1,0.2,0.1,0,0,0,0.2,0.1,0.2,0.2,0.6,0.4,320,2,2,0,0,0,0,20.7,0.2,0,32760,32760,32760,0,0.5,1.5,0.39,3.5,14,17.8,0.53,281,114,20,5,9.6,69,295,18,3.9,24,8.7,444,2,A01XK
3.121,"Lever, rein, rå",Kjøtt og fjørfe,Kjøtt og fjørfe,483,115,76,4.1,1.3,0,0,0.4,0.8,0,0.7,0,0.5,0.9,0.2,0.1,0,0,0,0.2,0.1,0.2,0.2,0.5,0.4,182,0,0,0,0,0,0,19.5,0.2,0,20000,20000,20000,0,0.1,0.8,0.59,6.15,19.6,23.2,0.62,220,128,11,6,17,69,290,20,2.4,37,7.2,435,3,A01XT#F01.A056Q
3.122,"Lever, storfe, rå",Kjøtt og fjørfe,Kjøtt og fjørfe,523,124,73,3.2,1.1,0,0,0.3,0.6,0,0.4,0,0.4,0.7,0.1,0,0,0.1,0,0.1,0.1,0.1,0.1,0.4,0.4,230,3.5,3.5,0,0,0,0,20.3,0.2,0,23220,23220,23220,0,1.1,1.3,0.3,2.8,10,13.7,0.74,529,200,25,4,7.4,68,321,18,3.8,15,4.1,406,3,A01XF
3.123,"Lever, svin, rå",Kjøtt og fjørfe,Kjøtt og fjørfe,503,119,74,3.4,1,0,0,0.4,0.6,0,0.5,0,0.5,1,0.5,0,0,0,0,0.4,0,0.1,0.1,0.2,0.8,310,0.8,0.8,0,0,0,0,21.4,0.2,0,8642,8642,8642,0,1.1,1.4,0.43,2.9,11,14.9,0.64,813,30,15,5,18,94,287,20,8.7,46,0.64,411,3,A01XJ
3.471,"Leverpostei, fersk",Kjøtt og fjørfe,Kjøtt og fjørfe,981,237,66,20,5.9,0,0.2,3.6,1.9,0,9.6,0.4,9,3.7,2.8,0.5,0,0,0,0,0,0.1,0,0.6,3.1,90,4.3,2.8,1.5,0.4,0.4,0,9.9,1.8,0,2428,2428,2428,0,0,1.7,0.29,0.99,4.8,6.6,0.12,190,7.3,20,6,5.7,700,150,10,2.8,19,0.3,140,2,A026M#F02.A06AX$F04.A01XD
3.469,"Leverpostei, grov, dansk",Kjøtt og fjørfe,Kjøtt og fjørfe,1025,247,60,18,1.8,0,0,1,0.6,0,8.2,0,7.9,7.5,6.5,0.8,0,0,0,0.1,0,0,0,0.9,6.6,94,9.8,6.6,3.2,0,0,2,10.4,1.5,0,3144,3144,3144,5,4.6,2.3,0.14,0.93,4.3,6.2,0.14,224,6.8,35,10,7,590,147,11,2.8,20,0.3,141,4,A026M#F02.A06AX$F03.A06JE$F04.A01XD
3.434,"Leverpostei, hermetisk",Kjøtt og fjørfe,Kjøtt og fjørfe,981,237,66,20,5.9,0,0.2,3.6,1.9,0,9.6,0.4,9,3.7,2.8,0.5,0,0,0,0.2,0,0.1,0,0.6,3.1,90,4.3,2.8,1.5,0.8,0.8,0,9.9,1.8,0,3198,3198,3198,0,0,1.7,0.29,0.99,4.8,6.6,0.12,190,7.3,20,7,5.7,700,150,10,2.8,19,0.3,140,2,A026M#F02.A06AX$F04.A01RG$F04.A01XJ$F18.A07NR$F19.A07PH
3.157,"Leverpostei, ovnsbakt",Kjøtt og fjørfe,Kjøtt og fjørfe,940,227,66,18.1,3.1,0,0.1,1.9,1,0,9.1,0.2,8.5,5.4,4,1,0,0,0,0.1,0,0,0,1,4.2,96,5.7,3.7,2,0.9,0.7,1,9.6,1.5,0,3718,3719,3718,6,0,2.7,0.11,0.92,4.4,6.2,0.15,235,7.3,43,12,7.2,597,149,12,2.8,20,0.31,144,5,A026M#F26.A07XD$F28.A07GY
3.47,"Leverpostei, uspesifisert",Kjøtt og fjørfe,Kjøtt og fjørfe,968,233,65,18.7,3.8,0,0.1,2.3,1.2,0,9.1,0.2,8.6,5.2,4,0.8,0,0,0,0.1,0,0,0,0.8,4.2,94,5.9,3.9,2,0.6,0.6,0.8,9.9,1.6,0,3040,3040,3040,4,0.8,2.3,0.17,0.95,4.5,6.3,0.14,218,7.2,34,10,6.7,630,149,11,2.8,20,0.31,142,4,A026M#F02.A06AX$F04.A01XD$F26.A07XD
3.171,"Lungemos, kjøpt",Kjøtt og fjørfe,Kjøtt og fjørfe,389,93,82,4.2,1.9,0,0.1,0.9,0.7,0.1,1.6,0.1,1.4,0.2,0.2,0,0,0,0,0.1,0,0,0,0,0.3,64,0.3,0.1,0.2,0,0,0.2,13.4,2.2,0,3,3,3,2,0,0.1,0.06,0.15,2,6.3,0.07,2,1.3,0,7,1.7,882,96,11,1.3,4,0.03,40,3,A03XB#F04.A01ZP$F04.A021C$F28.A07KY$F28.A0BA1
3.128,"Medisterdeig, rå",Kjøtt og fjørfe,Kjøtt og fjørfe,707,169,71,10.7,3.9,0,0.2,2.4,1.3,0.1,4.9,0.3,4.5,1.3,1,0.1,0,0,0,0,0,0,0,0.2,1.1,56,0.1,0,0.1,0,0,0,18.3,1.1,0,12,12,12,2,0.2,0.6,0.4,0.04,3.9,7.3,0.21,4,0.8,0,4,1.3,443,328,21,2.7,9,0.07,167,0,A04GP
3.135,"Medisterkaker, stekt",Kjøtt og fjørfe,Kjøtt og fjørfe,1159,280,59,22.9,8.4,0,0.4,6.1,3.2,0.1,10.1,0.6,9.5,2.7,2.3,0.2,0,0,0,0.1,0,0,0,0.3,2.5,46,6.2,4.5,1.7,0,0,0.1,12,1.8,0,11,11,11,3,0.3,0.5,0.14,0.11,1.8,4.3,0.08,2,0.6,0,68,1,720,196,19,1.9,10,0.05,123,7,A03XG#F04.A01RG$F22.A07SH$F28.A07GR
3.148,"Medisterpølse, røkt/urøkt, kokt",Kjøtt og fjørfe,Kjøtt og fjørfe,1003,242,65,20.5,9.1,0,0.4,4.8,2.8,0.1,8.9,0.6,8.5,1.8,1.7,0.2,0,0.1,0,0.1,0,0,0,0.3,1.9,47,4.5,3.2,1.3,0,0,0.1,9.7,1.7,0,11,11,11,5,0.3,0.4,0.09,0.07,1.2,4.1,0.05,2,0.4,0,45,0.7,680,152,12,1.3,8,0.04,87,5,A026A#F02.A06AV$F04.A01VA$F04.A04AC$F28.A07KY$F28.A0BA1$F28.A0CRH
3.159,Morrpølse,Kjøtt og fjørfe,Kjøtt og fjørfe,1728,417,39,34.5,15.7,0,0.9,7.3,6.9,1.1,12.9,0.8,11.9,1.8,1.2,0.3,0,0,0,0.2,0,0.1,0,0.4,1.4,142,0.1,0,0.1,0,0.1,0,26.5,5,0,9,9,9,0,0.3,1.9,0.45,0.81,7.2,12.1,0.38,16,7.1,0,12,4.7,2000,400,28,2.7,25,0.37,300,4,A025E#F04.A01RH$F04.A01TN$F04.A020T$F04.A021C$F04.A021H
3.25,"Moussaka, med kjøttdeig",Kjøtt og fjørfe,Kjøtt og fjørfe,613,147,73,8.2,3,0.2,0.3,1.4,0.8,0.1,3.5,0.1,3.2,1.3,1,0.2,0,0,0,0,0,0,0,0.2,1,35,10.8,7.8,3,0,0,1,6.7,1,0,51,63,40,139,0.6,1.6,0.1,0.1,1.6,3.2,0.15,15,0.6,12,54,1.1,419,401,26,1.3,3,0.09,105,8,A03XE
3.161,Okserull,Kjøtt og fjørfe,Kjøtt og fjørfe,682,163,70,8.8,3.2,0,0.1,1.9,1,0.1,3.9,0.2,3.6,1,0.8,0.1,0,0,0,0,0,0,0,0.1,0.9,57,0.2,0.1,0.1,0,0,0.3,20.7,1.9,0,4,4,3,7,0.1,0.5,0.02,0.05,3.1,9.6,0.09,7,0.9,0,11,2,760,176,15,3.4,8,0.06,118,2,A0B9G#F02.A06AP$F03.A06JA$F27.A01QV$F28.A0BA1
3.321,"Panetter, med kylling og ost",Kjøtt og fjørfe,Kjøtt og fjørfe,1018,243,52,10.9,3.4,0.1,0.2,2.2,0.7,0.1,5.1,0.4,4,2.1,2.3,0.2,0,0,0,0,0,0,0,0.3,2.4,48,20.3,19.8,0.6,0,0,2,15.1,1.6,0,25,28,22,40,0.2,2.1,0.1,0.19,3.2,6,0.18,21,0.4,4,110,1.5,639,230,31,1.5,10,0.06,175,4,A03XF#F02.A06GH$F04.A01SP$F04.A02QE$F07.A072Z$F28.A07HL$F28.A07KY
3.463,Pasta bolognese,Kjøtt og fjørfe,Kjøtt og fjørfe,458,109,77,3.7,1.3,0,0.1,0.7,0.4,0,1.4,0.1,1.3,0.6,0.6,0.1,0,0,0,0,0,0,0,0.1,0.6,13,12.4,10.8,1.6,0.1,0.1,1,5.9,0.8,0,39,70,9,369,0.1,0.8,0.06,0.03,1.1,2.7,0.07,8,0.3,2,13,0.7,304,121,14,1.1,3,0.08,59,3,A040N#F02.A06GT$F04.A00ZC$F04.A0EYF$F28.A0BA1
10.226,Pasta carbonara,Kjøtt og fjørfe,Kjøtt og fjørfe,758,181,65,8.5,3.4,0.1,0.3,1.9,0.8,0.1,3.2,0.2,3,1.1,0.9,0.1,0,0,0,0,0,0,0,0.1,0.9,60,17.1,16.8,0.2,0,0,1,8.5,0.9,0,54,54,53,10,0.5,1,0.09,0.09,1.2,2.9,0.1,13,0.3,0,57,0.5,366,82,18,1,7,0.11,118,11,A040N#F02.A06GT$F04.A022S$F04.A02ZH$F04.A031G$F28.A0BA1
3.313,"Pasta med kalkun, ostesaus, fryst, kjøpt",Kjøtt og fjørfe,Kjøtt og fjørfe,423,101,78,3.3,1.7,0.1,0.3,0.8,0.3,0.1,0.8,0.1,0.7,0.2,0.1,0,0,0,0,0,0,0,0,0,0.1,10,12.6,10.3,2.3,0,0,2,4.4,1,0,73,120,27,560,0,0.4,0.07,0.1,1.1,1.8,0.14,24,0.4,9,61,0.4,406,137,14,0.4,3,0.06,99,16,A040N#F04.A01SQ$F04.A02QE$F22.A07SH$F28.A07KQ
3.314,"Pasta med kjøttsaus, bolognese, fryst, kjøpt",Kjøtt og fjørfe,Kjøtt og fjørfe,404,96,77,1.6,0.4,0,0,0.2,0.1,0,0.7,0,0.6,0.3,0.2,0.1,0,0,0,0,0,0,0,0.1,0.2,6,14.4,13.5,0.9,0,0,2,5.1,0.8,0,0,0,0,0,0,0.6,0.08,0.1,1.1,2,0.1,14,0.2,4,13,0.7,308,192,15,0.6,1,0.11,63,5,A040N#F04.A16BR$F22.A07SH$F28.A07KQ
3.475,Pepperoni,Kjøtt og fjørfe,Kjøtt og fjørfe,1877,453,35,39,12.6,0,0.5,7.8,4.1,0,17.2,0.9,15.9,5.1,4.2,0.5,0,0,0,0.2,0,0.1,0,0.5,4.4,0,1.2,0.8,0.4,0.4,0.4,0,24.3,2.4,0,12,12,12,0,0,1.9,0.7,0.3,7,11.5,0.42,5,0.8,0,243,1.4,957,303,34,2.3,17,0.11,257,0,A025B#F02.A06AV$F28.A07KD$F28.A07KY$F28.A0C6F$F28.A0CRH
3.51,"Pita med kebab, salat og dressing",Kjøtt og fjørfe,Kjøtt og fjørfe,747,179,67,9.6,1.9,0,0.1,1.2,0.6,0.1,3,0.1,2.9,2,1.6,0.3,0,0,0,0,0,0,0,0.3,1.6,25,12.2,9.8,2.3,0,0,2,10.2,1,0,6,11,0,66,0,1,0.08,0.09,1.3,3,0.08,13,0.4,0,25,1.1,388,227,17,1.7,2,0.07,108,5,A03ZG#F02.A06GP$F04.A004V$F04.A07XJ$F04.A0EZS$F22.A07SK
3.317,"Pytt i panne, stekte poteter med kjøtt og løk, fryst, kjøpt",Kjøtt og fjørfe,Kjøtt og fjørfe,586,140,71,5.5,1.1,0.1,0.1,0.6,0.3,0,2.8,0.1,2.7,1.3,0.9,0.3,0,0,0,0,0,0,0,0.3,0.9,9,17.2,12.9,4.3,1.1,1.1,2,4.4,1.6,0,12,11,11,5,0.2,1.2,0.17,0.05,1.7,2.5,0.15,13,0.1,10,10,0.8,628,498,26,0.6,1,0.1,82,25,A03VK#F02.A06GF$F04.A00HC$F04.A00ZT$F04.A0EYH$F28.A07GR
3.115,"Reinsdyr, bog, stek, rå",Kjøtt og fjørfe,Kjøtt og fjørfe,529,126,73,3.6,1.5,0,0,0.7,0.7,0,1.7,0,0.9,0.2,0.4,0,0,0,0,0.2,0,0.1,0,0.1,0.5,45,0,0,0,0,0,0,23.3,0.2,0,4,4,4,0,0,0.8,0.29,0.49,8.5,12.8,0.37,6,3.8,12,4,3.7,70,360,26,5.3,17,0.24,220,7,A01SF
3.5,"Reinsdyr, kjøtt, kaldrøkt",Kjøtt og fjørfe,Kjøtt og fjørfe,545,129,71,2.7,1,0,0.1,0.5,0.4,0,0.8,0,0.7,0.6,0.3,0,0,0,0,0.1,0,0.1,0,0.1,0.5,81,0,0,0,0,0,0,26.2,2.8,0,3,3,3,0,0,0.5,0.42,0.98,10.1,14.9,0.55,1,2.8,0,4,4.7,1100,400,30,3.4,24,0.31,270,6,A022R#F27.A01SF
3.26,"Reinsdyr, kjøtt, røkt",Kjøtt og fjørfe,Kjøtt og fjørfe,528,125,72,3,1.2,0,0.1,0.6,0.4,0,0.9,0.1,0.8,0.5,0.3,0,0,0,0,0.1,0,0.1,0,0.1,0.4,77,0,0,0,0,0,0,24.7,2.9,0,3,3,3,0,0,0.7,0.32,0.79,8.4,12.9,0.44,5,3.4,0,9,4.4,1150,370,27,4.4,22,0.28,260,6,A022R#F27.A01SF$F28.A07JV
3.352,"Reinsdyr, kjøtt, tørket, rå",Kjøtt og fjørfe,Kjøtt og fjørfe,1331,318,42,17.6,7.2,0,0.2,3.3,3.2,0,8.1,0.2,4.6,0.9,1.8,0.2,0,0.1,0,0.9,0.2,0.4,0,0.7,2.6,200,0,0,0,0,0,0,40,0.6,0,21,21,21,0,0.7,0.8,0.68,1.56,13.2,20.5,0.9,24,13.8,0,34,17.3,245,1140,85,12.4,40,0.25,605,10,A04MP#F27.A01SF
3.499,"Reinsdyr, kjøtt, varmrøkt",Kjøtt og fjørfe,Kjøtt og fjørfe,511,121,74,3.2,1.4,0,0.1,0.7,0.5,0,1,0.1,0.9,0.5,0.3,0,0,0,0,0.1,0,0,0,0.1,0.4,74,0,0,0,0,0,0,23.1,3,0,3,3,3,0,0,0.9,0.21,0.59,6.6,10.8,0.33,5,4,0,14,4.1,1200,340,24,5.5,19,0.25,250,6,A022R#F27.A01SF$F28.A16ET
3.498,"Reinsdyr, stek, rå",Kjøtt og fjørfe,Kjøtt og fjørfe,451,107,76,1.8,0.7,0,0.1,0.3,0.2,0,0.5,0,0.4,0.4,0.2,0,0,0,0,0.1,0,0,0,0.1,0.3,69,0,0,0,0,0,0,22.6,0.2,0,3,3,3,0,0,0.8,0.34,0.48,10.1,14.2,0.51,6,2.1,12,4,3.4,70,350,28,2.8,20,0.29,230,5,A01SF#F01.A056Q$F02.A0BYZ$F27.A01SF
3.181,"Reinsdyrkaker, hermetisk",Kjøtt og fjørfe,Kjøtt og fjørfe,537,128,75,5.8,2.5,0,0.1,1.2,0.9,0.1,2.5,0.2,2,0.4,0.4,0.1,0,0,0,0.1,0,0,0,0.1,0.4,33,4.9,3.8,1.1,0,0,0.1,14,2.8,0,3,3,3,1,0.1,0.3,0.05,0.14,2.2,7.1,0.08,3,1.1,4,38,1.9,1139,166,15,3.4,9,0.11,121,7,A03XG#F04.A01SF$F04.A049S$F28.A0BYP
3.162,Reinsdyrpølse,Kjøtt og fjørfe,Kjøtt og fjørfe,1628,393,43,33.2,12.2,0,0.4,6.7,4.2,0.1,14.7,0.7,12.7,3.6,3.5,0.3,0,0.1,0,0.5,0.1,0.2,0,0.7,4.1,128,1.1,0.2,0.9,0.7,0.7,0.4,22.3,4.5,0,816,817,815,12,0.5,1,0.39,1.01,7.8,11.7,0.48,23,12.2,3,33,9.3,1780,598,50,5.9,26,0.42,308,5,A024X#F02.A06AV$F04.A01SF$F28.A07KD$F28.A07KY$F28.A0C6F$F28.A0CRH
3.351,"Reinsdyrskav, fryst, rå",Kjøtt og fjørfe,Kjøtt og fjørfe,623,149,72,7.5,3.2,0,0.1,1.5,1.4,0.1,3.6,0.1,2,0.4,0.8,0.1,0,0.1,0,0.4,0.1,0.2,0,0.3,1.2,78,0,0,0,0,0,0,20.3,0.4,0,7,7,7,0,0.3,0.4,0.19,0.43,6.4,10.1,0.3,2,2.3,0,7,3.2,140,270,20,4.9,11,0.23,200,8,A01SF#F28.A07KQ$F28.A07KV
3.353,"Ribberull, skiver",Kjøtt og fjørfe,Kjøtt og fjørfe,806,194,69,13.5,4.9,0,0.2,3,1.6,0,5.6,0.3,5.2,2.2,1.9,0.1,0,0,0,0.1,0,0,0,0.2,0.2,48,0,0,0,0,0,0,18,2.1,0,6,6,6,0,0.3,0.8,0.7,0.13,5.7,9,0.28,12,1.4,0,7,0.9,840,400,20,1.8,8,0.08,310,0,A023N#F03.A06JA
3.354,"Roastbiff, skiver",Kjøtt og fjørfe,Kjøtt og fjørfe,529,125,72,2.7,1.2,0,0.1,0.7,0.3,0.1,1.2,0.1,0.9,0.1,0.1,0,0,0,0,0,0,0,0,0,0.1,57,0,0,0,0,0,0,25.1,2,0,2,2,2,3,0,0.1,0.01,0.03,5.5,11.7,0.11,6,0.7,0,6,2.6,800,251,22,4.4,7,0.08,160,2,A01QX#F01.A057E$F02.A0BYZ$F03.A06JA$F17.A07MT$F27.A01QX$F31.A0C8S
3.249,"Rype, kjøtt, ovnsstekt",Kjøtt og fjørfe,Kjøtt og fjørfe,562,133,69,2.1,0.5,0,0,0.4,0.1,0,0.9,0,0,0.3,0.3,0,0,0,0,0,0,0,0,0,0.3,90,0,0,0,0,0,0,28.6,0.2,0,0,0,0,0,0,0.7,0,0.54,6.4,14.6,0.48,26,0.7,0,46,9.1,96,400,39,1.9,17,0.48,316,10,A01TJ#F07.A071B$F20.A07QR$F28.A07GY
3.008,"Rype, kjøtt, rå",Kjøtt og fjørfe,Kjøtt og fjørfe,474,112,75,2,0.5,0,0,0.4,0.1,0,0.8,0,0,0.3,0.3,0,0,0,0,0,0,0,0,0,0.3,70,0,0,0,0,0,0,23.5,0.2,0,0,0,0,0,0,0.7,0,0.53,7.1,11.4,0.63,25,0.8,0,40,7.5,89,390,36,1.5,13,0.39,290,8,A01TJ#F20.A07QR
3.362,"Rådyr, kjøtt, rå",Kjøtt og fjørfe,Kjøtt og fjørfe,401,95,78,1.2,0.6,0,0,0.2,0.3,0,0.3,0,0.3,0.2,0.2,0,0,0,0,0,0,0,0,0,0.2,78,0,0,0,0,0,0,21,0.2,0,8,8,8,0,0.4,0.8,0.23,0.48,6.3,10.2,0.44,6,6.3,0,10,3,60,310,40,4.8,4,0.2,250,4,A01SG
3.163,Salami,Kjøtt og fjørfe,Kjøtt og fjørfe,1775,429,42,39.5,14.4,0,0.6,8.8,4.8,0,17.7,1,16.4,5.2,4.2,0.4,0,0,0,0.2,0,0.1,0,0.5,4.6,66,0.9,0.8,0.1,0,0,0,17.6,4.9,0,12,12,11,8,0,1.2,0.34,0.26,4.1,7.3,0.24,5,1.5,10,10,1.2,1945,283,20,2.8,10,0.08,185,2,A024X#F04.A01TN
3.426,"Salami, 22 % fett",Kjøtt og fjørfe,Kjøtt og fjørfe,1240,298,53,22,8.1,0,0.4,4.7,2.8,0,9.5,0.6,8.7,2.9,2.2,0.3,0,0,0,0.1,0,0,0,0.4,2.4,71,0.1,0,0.1,0,0,0,25,4.7,0,14,15,12,23,0,0.8,0.3,0.4,5.8,10.4,0.34,5,2.5,24,14,1.9,1880,440,31,5.2,11,0.09,270,2,A024X#F07.A073K$F18.A07NK$F19.A07PR
3.425,"Salami, 38 % fett",Kjøtt og fjørfe,Kjøtt og fjørfe,1713,414,44,38,14.5,0,0.5,8.8,4.9,0,16.8,1,15.5,4,3.2,0.3,0,0,0,0.1,0,0,0,0.3,3.5,71,0.1,0,0.1,0,0,0,18,5,0,8,8,8,0,0,1.1,0.32,0.22,4.4,7.7,0.29,4,1.1,1,7,1.4,2000,330,22,3.4,11,0.08,210,2,A024X#F07.A074D$F18.A07NK$F19.A07PR
3.507,"Salami, dansk",Kjøtt og fjørfe,Kjøtt og fjørfe,2074,502,36,49,17.6,0,0.7,10.9,5.8,0,22.2,1.2,20.6,7,5.8,0.6,0,0,0,0.2,0,0.1,0,0.7,6.2,61,1.7,1.7,0.1,0,0,0,13.7,4.9,0,12,12,12,0,0,1.3,0.38,0.22,3.1,5.6,0.17,5,1.2,7,9,0.8,1950,180,13,1.3,10,0.09,130,2,A024X#F02.A06AV$F07.A074R$F18.A07NK$F19.A07PR$F28.A07KD$F28.A07KY$F28.A0C6F$F28.A0CRH
3.428,"Salami, mager",Kjøtt og fjørfe,Kjøtt og fjørfe,701,167,66,6.5,2.8,0,0.2,1.5,1,0,2.9,0.2,2.6,0.5,0.3,0.1,0,0,0,0.1,0,0,0,0.1,0.4,60,0.1,0,0.1,0,0,0,27,4.8,0,7,9,5,26,0,0.6,0.36,0.28,6.8,11.8,0.4,7,2.1,22,11,2,1920,480,35,5,12,0.09,300,2,A024X#F07.A071G$F10.A077C$F10.A0CRG$F18.A07NK$F19.A07PR
3.364,"Salsiccia, italiensk pølse",Kjøtt og fjørfe,Kjøtt og fjørfe,1127,271,55,18.3,6.4,0,0.2,3.9,2.2,0,8.7,0.4,7.9,2.2,1.8,0.2,0,0,0,0.1,0,0,0,0.2,1.8,61,4.7,4.7,0,0,0,0,21.8,2.7,0,14,13,13,2,0.4,0.1,0.83,0.24,6,10,0.47,12,0.7,74,11,1.1,1079,368,24,3.4,14,0,189,2,A025B
3.031,"Sau, fårekjøtt, lettsaltet, rå",Kjøtt og fjørfe,Kjøtt og fjørfe,1533,371,51,35,15.7,0.1,1.4,7,6.3,1.2,12.6,0.6,11.5,2.1,0.9,0.5,0,0,0,0.2,0.1,0.1,0.1,1,1.1,52,0,0,0,0,0,0,14,4,0,24,24,24,0,0.1,0.3,0.15,0.19,4.7,7.3,0.12,2,1.3,0,25,2.4,1600,310,20,2.8,3,0.06,140,3,A01RJ#F01.A057G$F02.A0BYZ$F10.A0CJK$F27.A01RJ$F31.A0C8S
3.513,Schwarzwaldskinke,Kjøtt og fjørfe,Kjøtt og fjørfe,987,237,59,14.6,4.1,0,0.1,2.6,1.3,0,5.2,0.3,4.9,0.9,0.9,0,0,0,0,0,0,0,0,0,0.9,78,0.8,0,0.8,0.8,0.8,0,25.5,3.6,0,0,0,0,0,0.6,0.7,0.76,0.22,6.9,11.5,0.41,0,0.5,0,5,0.8,1450,490,29,2.2,17,0.07,250,0,A022T#F02.A06AP$F27.A01RG$F28.A07KD
3.512,Serranoskinke,Kjøtt og fjørfe,Kjøtt og fjørfe,1092,262,54,15.1,4.3,0,0.1,2.8,1.3,0,5.7,0.3,5.4,1.5,1.6,0,0,0,0,0,0,0,0,0,1.6,97,0.3,0,0.3,0.3,0.3,0,31.1,4.6,0,0,0,0,0,0.6,0.4,0.52,0.29,8,13.7,0.46,0,0.6,0,16,1,1850,580,33,2.3,22,0.08,540,0,A022T#F02.A06AP$F27.A01RG$F28.A07KD
3.164,Servelat,Kjøtt og fjørfe,Kjøtt og fjørfe,824,198,69,14.5,5.4,0,0.3,3.3,1.7,0,7,0.5,6.4,1.9,1.5,0.2,0,0,0,0.1,0,0,0,0.2,1.6,33,7.1,6,1.1,0.9,0.9,0,9.9,2.4,0,7,7,7,0,0,0.3,0.28,0.11,2.5,4.3,0.12,4,0.6,37,11,0.7,960,510,12,1.4,6,0.05,193,2,A025R#F04.A01TN$F26.A07XD
3.202,"Servelat, mager",Kjøtt og fjørfe,Kjøtt og fjørfe,603,145,75,9,3.2,0,0.2,1.8,1.1,0,3.4,0.3,3,0.6,0.5,0.1,0,0,0,0,0,0,0,0.1,0.5,30,4.5,4.3,0.2,0,0,0,11.4,1.9,0,6,6,6,0,0,0.4,0.31,0.16,3.2,5.3,0.14,3,0.9,26,15,1.1,760,620,15,1.9,8,0.05,150,5,A025R#F18.A07NK$F19.A07PR$F22.A07SH
3.109,"Skinkerull, Westfalerskinke",Kjøtt og fjørfe,Kjøtt og fjørfe,1192,286,53,20,6.6,0,0.3,4.5,2.2,0.2,9.4,0.6,8.6,2.8,1.9,0.2,0,0,0,0.2,0,0,0,0.3,2.2,90,0,0,0,0,0,0,26.6,8.7,0,4,4,4,0,0,0.3,0.67,0.2,7.3,12.2,0.16,2,0.4,0,15,1.3,3460,260,17,1.6,13,0.07,210,2,A022T#F07.A073H$F20.A0F4T$F28.A07JV
3.326,"Sodd, med kjøttboller, hermetisk",Kjøtt og fjørfe,Kjøtt og fjørfe,225,54,88,1.7,0.7,0,0,0.4,0.3,0,0.7,0.1,0.6,0.1,0.1,0,0,0,0,0,0,0,0,0,0.1,6,5.8,3.4,2.5,0,0,2,2.9,1.1,0,52,103,1,612,0,0.2,0.03,0.05,0.8,1.3,0.09,13,0.1,3,28,0.5,439,188,13,0.5,1,0.05,49,1,A0BZA#F02.A06GY$F04.A03XG$F04.A0EYH$F10.A07VP$F19.A07PG$F28.A0BYP
3.516,"Sommerrull, med kylling, nudler og grønnsaker",Kjøtt og fjørfe,Kjøtt og fjørfe,355,84,80,1.1,0.2,0,0,0.1,0.1,0,0.5,0,0.5,0.3,0.2,0,0,0,0,0,0,0,0,0,0.2,10,10.9,7.2,3.7,0.1,0.1,1,6.8,0.1,0,50,98,1,585,0,0.5,0.06,0.06,2.2,3.4,0.19,24,0,14,22,0.5,47,250,19,0.4,3,0.07,81,2,A040F#F02.A06GR$F04.A01SP$F04.A04LF$F04.A07XJ
3.149,"Sosisser, små pølser",Kjøtt og fjørfe,Kjøtt og fjørfe,982,237,65,19.3,8.7,0,0.5,5.7,3.2,0.1,8.4,0.5,8,1.7,1.7,0.2,0,0.1,0,0.1,0,0,0,0.2,1.8,46,5,3.5,1.5,0,0,0.1,10.6,1.7,0,10,11,10,6,0.2,0.4,0.11,0.08,1.8,4.3,0.07,3,0.5,0,52,0.7,680,193,14,1.7,8,0.04,107,6,A026B#F02.A06AV$F04.A04GP$F07.A073G$F28.A07KY$F28.A0BA1$F28.A0CRH
3.111,Spekeskinke,Kjøtt og fjørfe,Kjøtt og fjørfe,850,203,61,9.2,3,0,0.1,1.9,0.9,0,4.3,0.2,4,1.5,1.2,0.1,0,0,0,0.1,0,0,0,0.1,1.4,84,0,0,0,0,0,0,30,7.6,0,3,3,3,0,0,0.5,1.16,0.34,10,15.5,0.46,4,0.7,0,14,0.9,3050,435,39,2.4,20,0.09,300,1,A022T#F20.A0F4T
3.166,Stabburpølse,Kjøtt og fjørfe,Kjøtt og fjørfe,1934,467,35,41.3,14.7,0.1,0.5,9,4.3,0.1,17.9,1.1,16.9,5.8,4.4,0.8,0.1,0,0,0.2,0,0.1,0,0.9,4.8,82,2.7,0.2,2.5,2.5,2.5,0.2,21.2,4.5,0,25,26,23,23,0.3,0.9,0.07,0.13,3.8,6.9,0.33,8,2.3,0,12,4.9,1800,311,26,3,19,0.13,191,2,A024X#F04.A01RN$F04.A01TN
3.051,"Storfe, bankekjøtt, rå",Kjøtt og fjørfe,Kjøtt og fjørfe,546,130,73,4.7,1.9,0,0.1,1.1,0.5,0.1,2.3,0.3,1.7,0.2,0.1,0,0,0,0,0,0,0,0,0,0.1,55,0,0,0,0,0,0,21.9,0.1,0,4,4,4,5,0.1,0.4,0.03,0.04,5,9,0.3,7,1.2,0,4,1.8,45,345,22,2.9,6,0.06,165,2,A01QX
3.221,"Storfe, bogstek, rå",Kjøtt og fjørfe,Kjøtt og fjørfe,590,141,73,6.3,2.5,0,0.2,1.4,0.7,0.2,3,0.4,2.3,0.2,0.1,0,0,0,0,0,0,0,0,0.1,0.1,56,0,0,0,0,0,0,21,0.1,0,5,5,4,6,0.1,0.3,0.03,0.04,4.5,8.4,0.1,7,1.7,0,4,2.4,49,360,23,3.9,8,0.08,165,2,A01QX
3.054,"Storfe, entrecôte, rå",Kjøtt og fjørfe,Kjøtt og fjørfe,776,186,68,11.5,5.6,0,0.3,2.6,2.1,0.4,4.5,0.4,3.7,0.3,0.2,0.1,0,0,0,0,0,0,0,0.1,0.2,54,0,0,0,0,0,0,20.6,0.1,0,6,6,6,0,0.2,0.3,0.02,0.07,4.9,8.7,0.2,6,0.9,0,5,2,40,305,19,5,8,0.07,155,2,A01QX
3.268,"Storfe, entrecôte, stekt uten fett",Kjøtt og fjørfe,Kjøtt og fjørfe,847,202,63,11.2,5.5,0,0.3,2.5,2,0.4,4.4,0.4,3.6,0.3,0.2,0.1,0,0,0,0,0,0,0,0.1,0.2,69,0,0,0,0,0,0,25.4,0.1,0,5,5,5,0,0.1,0.2,0.02,0.08,5.1,11.3,0.14,7,0.9,0,6,2.5,44,289,20,6.5,11,0.09,177,2,A01QX#F17.A07MX$F28.A07GY
3.345,"Storfe, fett fra storfekjøtt, rå",Kjøtt og fjørfe,Kjøtt og fjørfe,3011,732,17,80,37.4,0,2,19.8,13.6,1.2,31.2,2.2,27.6,3.4,1.7,0.5,0,0.1,0,0.3,0.1,0.2,0,1.1,2.2,69,0,0,0,0,0,0,3,0,0,25,25,25,0,0.6,1.3,0.01,0.02,1.1,1.7,0.11,1,0.7,0,2,0.9,19,132,6,1,5,0.02,58,0,A01TY
3.056,"Storfe, flatbiff, rå",Kjøtt og fjørfe,Kjøtt og fjørfe,480,114,75,2.5,1,0,0.1,0.6,0.3,0.1,1.1,0.1,0.9,0.2,0.1,0,0,0,0,0,0,0,0,0,0.1,51,0,0,0,0,0,0,22.8,0.1,0,2,2,2,3,0,0.3,0.04,0.05,5.6,9.8,0.2,9,1.5,0,4,1.7,40,340,21,3.4,6,0.06,160,2,A01QX
3.057,"Storfe, høyrygg, rå",Kjøtt og fjørfe,Kjøtt og fjørfe,724,173,69,10,4.6,0,0.3,2.3,1.6,0.3,4.3,0.5,3.5,0.3,0.1,0.1,0,0,0,0,0,0,0,0.1,0.2,63,0,0,0,0,0,0,20.8,0.1,0,8,9,7,12,0.2,0.4,0.03,0.05,3.7,7.5,0.16,6,2.2,0,5,2.6,56,330,20,7,3,0.06,155,2,A01QX
3.058,"Storfe, indrefilet, rå",Kjøtt og fjørfe,Kjøtt og fjørfe,563,134,73,5.2,2.5,0,0.1,1.2,0.8,0.2,2,0.2,1.6,0.2,0.1,0.1,0,0,0,0,0,0,0,0.1,0.1,55,0,0,0,0,0,0,21.8,0.1,0,4,4,3,6,0.1,0.4,0.04,0.05,5.5,9.5,0.2,6,1.5,0,3,1.8,44,370,23,1.8,3,0.09,180,2,A01QX
3.28,"Storfe, kjøtt, kokt",Kjøtt og fjørfe,Kjøtt og fjørfe,668,159,67,5.1,2.4,0,0.1,1.2,0.8,0.2,2.1,0.2,1.7,0.2,0.1,0,0,0,0,0,0,0,0,0,0.1,73,0,0,0,0,0,0,28.3,0.1,0,4,4,4,5,0.1,0.3,0.02,0.05,3.8,13.3,0.11,7,1.1,0,5,2.9,28,248,18,5.4,10,0.1,153,3,A01QX#F28.A07GG
3.476,"Storfe, kjøtt, rå",Kjøtt og fjørfe,Kjøtt og fjørfe,549,131,73,4.7,2.2,0,0.1,1.1,0.7,0.2,2,0.2,1.6,0.2,0.1,0,0,0,0,0,0,0,0,0,0.1,51,0,0,0,0,0,0,22,0.1,0,4,3,3,4,0.1,0.3,0.03,0.04,5.3,9.3,0.2,7,1.2,0,4,2.1,44,347,21,3.8,7,0.07,165,2,A01QX#F01.A057E$F02.A0BYZ$F26.A07XD$F27.A01QX$F31.A0C8S
3.064,"Storfe, mørbrad, rå",Kjøtt og fjørfe,Kjøtt og fjørfe,474,112,75,2.8,1.3,0,0.1,0.6,0.5,0.1,1.1,0.1,1,0.2,0.1,0,0,0,0,0,0,0,0,0,0.1,50,0,0,0,0,0,0,21.8,0.1,0,3,3,3,5,0,0.4,0.04,0.04,4.8,8.8,0.2,8,1.3,0,5,2.1,42,365,24,3.6,12,0.09,180,2,A01QX
3.219,"Storfe, rundstek, rå",Kjøtt og fjørfe,Kjøtt og fjørfe,496,118,75,3.3,1.5,0,0.1,0.8,0.5,0.1,1.4,0.1,1.2,0.2,0.1,0,0,0,0,0,0,0,0,0,0.1,54,0,0,0,0,0,0,22,0.1,0,3,3,3,4,0.1,0.3,0.03,0.05,4.1,8.1,0.2,11,1.1,0,4,2.8,48,390,23,4.3,3,0.08,175,2,A01QX
3.281,"Storfe, stek, roastbiff, rosa stekt uten fett",Kjøtt og fjørfe,Kjøtt og fjørfe,668,159,68,6.1,2.4,0,0.2,1.4,0.6,0.2,2.9,0.4,2.3,0.2,0.1,0,0,0,0,0,0,0,0,0.1,0.1,72,0,0,0,0,0,0,25.9,0.1,0,3,3,3,4,0.1,0.2,0.02,0.04,4.7,10.8,0.06,7,1.6,0,5,3,54,281,25,5.1,10,0.11,182,2,A01QX#F07.A070D$F17.A07MV
3.066,"Storfe, ytrefilet, rå",Kjøtt og fjørfe,Kjøtt og fjørfe,497,118,74,3.1,1.4,0,0.1,0.7,0.4,0.1,1.4,0.1,1.1,0.1,0.1,0,0,0,0,0,0,0,0,0,0.1,49,0,0,0,0,0,0,22.5,0.1,0,3,3,3,5,0,0.2,0.03,0.03,5.8,9.9,0.2,6,0.9,0,5,2.3,48,355,22,3.7,6,0.07,160,2,A01QX
3.271,"Storfe, ytrefilet, stekt uten fett",Kjøtt og fjørfe,Kjøtt og fjørfe,583,138,69,2.5,1,0,0.1,0.6,0.3,0.1,1.1,0.1,0.9,0.2,0.1,0,0,0,0,0,0,0,0,0,0.1,68,0,0,0,0,0,0,28.9,0.1,0,2,2,2,3,0,0.2,0.03,0.06,6,13,0.14,10,1.5,0,4,2.2,45,331,24,4.5,8,0.08,188,2,A01QX#F17.A07MX$F28.A07GY
3.509,"Svin, bacon, flesk, stekt",Kjøtt og fjørfe,Kjøtt og fjørfe,2154,520,26,44.3,16.1,0.1,0.7,10.2,4.8,0,21.1,1.3,19.3,5.1,4.2,0.5,0.1,0,0,0.1,0,0,0,0.6,4.5,123,0.2,0,0.2,0,0,0,30,0.2,0,39,39,39,0,1,1.3,0.4,0.05,7.1,12.6,0.31,2,0.8,0,7,0,99,320,30,3.2,14,0.08,237,0,A022X#F02.A06AP$F27.A01RG$F28.A07GS$F28.A07KD
3.49,"Svin, bankekjøtt, kokt",Kjøtt og fjørfe,Kjøtt og fjørfe,692,164,64,3.6,1.2,0,0.1,0.8,0.3,0,1.8,0.1,1.7,0.5,0.3,0,0,0,0,0,0,0,0,0,0.4,95,0.3,0,0.3,0,0,0,32.6,0.1,0,5,5,5,0,0.1,0.6,0.58,0.06,5.6,17.7,0.28,0,0.3,0,5,0.9,40,334,28,2.1,20,0.09,220,0,A01RG#F01.A057F$F02.A0BYZ$F27.A01RG$F28.A07GJ
3.491,"Svin, bankekjøtt, rå",Kjøtt og fjørfe,Kjøtt og fjørfe,492,117,74,2.8,0.9,0,0,0.6,0.3,0,1.4,0.1,1.3,0.4,0.2,0,0,0,0,0,0,0,0,0,0.3,62,0.2,0,0.2,0,0,0,22.8,0.1,0,4,4,4,0,0.1,0.5,0.84,0.05,7.3,11.5,0.41,0,0.4,0,4,0.6,53,395,28,1.7,13,0.06,220,0,A01RG#F01.A057F$F02.A0BYZ$F27.A01RG
3.208,"Svin, flatbiff, rå",Kjøtt og fjørfe,Kjøtt og fjørfe,483,115,75,2.8,1,0,0,0.6,0.3,0,1.4,0.1,1.2,0.3,0.2,0,0,0,0,0,0,0,0,0,0.2,62,0.2,0,0.2,0,0,0,22.3,0.1,0,5,5,5,0,0.1,0.4,0.87,0.04,7.4,11.5,0.43,1,0.5,0,4,0.6,55,390,27,1.5,15,0.05,215,0,A01RG
3.272,"Svin, flatbiff, stekt uten fett",Kjøtt og fjørfe,Kjøtt og fjørfe,592,140,69,2.9,1,0,0.1,0.8,0.4,0,1.4,0.1,1.3,0.3,0.2,0,0,0,0,0,0,0,0,0,0.3,82,0.2,0,0.2,0,0,0,28.2,0.2,0,5,5,5,0,0.1,0.5,0.69,0.05,7.7,15.3,0.36,1,0.5,0,5,0.7,64,380,32,2,20,0.07,252,0,A01RG#F28.A07GY
3.209,"Svin, indrefilet, rå",Kjøtt og fjørfe,Kjøtt og fjørfe,522,124,73,3.5,1.3,0,0.1,0.8,0.4,0,1.6,0.1,1.4,0.4,0.3,0,0,0,0,0,0,0,0,0.1,0.4,63,0.2,0,0.2,0,0,0,23,0.1,0,6,6,6,0,0.1,0.6,1.04,0.05,7.6,11.8,0.37,1,0.4,0,4,0.7,49,395,26,1.5,10,0.07,210,0,A01RG
3.492,"Svin, indrefilet, stekt uten fett",Kjøtt og fjørfe,Kjøtt og fjørfe,635,151,67,3.7,1.3,0,0.1,0.8,0.4,0,1.7,0.1,1.5,0.4,0.3,0,0,0,0,0,0,0,0,0.1,0.4,84,0.2,0,0.2,0,0,0,29.1,0.1,0,6,6,6,0,0.1,0.6,0.69,0.06,7.6,15.8,0.3,1,0.5,0,4,1,55,316,29,2,13,0.09,238,0,A01RG#F01.A057F$F02.A0BYZ$F27.A01RG$F28.A07GY
3.493,"Svin, lårtunge, rå",Kjøtt og fjørfe,Kjøtt og fjørfe,517,123,75,4.2,1.4,0,0.1,0.9,0.4,0,2.1,0.1,1.9,0.4,0.3,0,0,0,0,0,0,0,0,0.1,0.4,65,0.2,0,0.2,0,0,0,21,0.1,0,7,7,7,0,0.1,0.5,0.83,0.05,6.9,10.8,0.36,1,0.4,0,3,0.8,54,365,24,1.9,9,0.06,200,0,A01RG#F01.A057F$F02.A0BYZ$F27.A01RG
3.494,"Svin, mørbrad, kokt",Kjøtt og fjørfe,Kjøtt og fjørfe,666,157,64,2.6,0.9,0,0,0.6,0.3,0,1.3,0.1,1.1,0.3,0.2,0,0,0,0,0,0,0,0,0,0.3,91,0.4,0,0.4,0,0,0,33.1,0.1,0,3,3,3,0,0.1,0.5,0.62,0.05,6.5,19.4,0.3,1,0.3,0,8,1.2,40,347,30,1.8,20,0.08,230,0,A01RG#F01.A057F$F02.A0BYZ$F27.A01RG$F28.A07GJ
3.086,"Svin, mørbrad, rå",Kjøtt og fjørfe,Kjøtt og fjørfe,472,112,75,2,0.7,0,0,0.4,0.2,0,1,0.1,0.9,0.2,0.2,0,0,0,0,0,0,0,0,0,0.2,59,0.3,0,0.3,0,0,0,23.1,0.1,0,2,2,2,0,0,0.4,0.89,0.04,8.4,12.6,0.44,1,0.4,0,6,0.8,52,410,30,1.5,13,0.05,230,0,A01RG
3.495,"Svin, mørbrad, stekt uten fett",Kjøtt og fjørfe,Kjøtt og fjørfe,582,138,68,2.1,0.7,0,0,0.5,0.2,0,1.1,0.1,0.9,0.2,0.2,0,0,0,0,0,0,0,0,0,0.2,79,0.4,0,0.4,0,0,0,29.3,0.1,0,3,3,3,0,0,0.5,0.59,0.04,8.4,16.8,0.35,1,0.4,0,7,1.1,59,328,33,1.9,17,0.07,261,0,A01RG#F01.A057F$F02.A0BYZ$F27.A01RG$F28.A07GY
3.083,"Svin, nakkekoteletter, rå",Kjøtt og fjørfe,Kjøtt og fjørfe,857,206,67,14.8,5.3,0,0.2,3.2,1.7,0,6.9,0.4,6.3,1.9,1.5,0.2,0,0,0,0,0,0,0,0.2,1.6,66,0.1,0,0.1,0,0,0,18.3,0.1,0,17,17,17,0,0.3,0.9,0.67,0.05,3.7,7.1,0.23,2,0.6,0,5,1.1,59,345,21,2.6,9,0.07,180,0,A01RG
3.274,"Svin, nakkekoteletter, stekt uten fett",Kjøtt og fjørfe,Kjøtt og fjørfe,1127,271,55,18.2,6.5,0,0.3,4.9,2.6,0,8.5,0.5,7.8,2.3,1.8,0.2,0,0,0,0.1,0,0,0,0.3,2,101,0.1,0,0.1,0,0,0,26.7,0.2,0,20,20,20,0,0.4,1.1,0.61,0.07,4.4,10.9,0.23,2,0.8,0,6,1.5,79,387,29,4,14,0.11,244,0,A01RG#F28.A07GS
3.09,"Svin, ribbe, sideflesk, rå",Kjøtt og fjørfe,Kjøtt og fjørfe,1373,332,54,29.4,10.7,0.1,0.5,6.8,3.2,0,14,0.8,12.8,3.4,2.8,0.3,0.1,0,0,0.1,0,0,0,0.4,3,65,0.1,0,0.1,0,0,0,16.7,0.2,0,26,26,26,0,0.6,0.8,0.42,0.03,5,8.1,0.28,1,0.5,0,4,0,62,283,19,1.7,8,0.04,148,0,A01RG
3.21,"Svin, ytrefilet, rå",Kjøtt og fjørfe,Kjøtt og fjørfe,507,120,74,2.9,1,0,0,0.7,0.3,0,1.4,0.1,1.2,0.3,0.2,0,0,0,0,0,0,0,0,0,0.2,54,0.3,0,0.3,0,0,0,23.4,0.1,0,4,4,4,0,0.1,0.4,0.75,0.03,8.4,12.7,0.43,0,0,0,4,0.7,50,420,29,1.3,9,0.04,225,0,A01RG
3.496,"Svin, ytrefilet, stekt uten fett",Kjøtt og fjørfe,Kjøtt og fjørfe,621,147,67,3,1.1,0,0,0.7,0.3,0,1.5,0.1,1.3,0.3,0.2,0,0,0,0,0,0,0,0,0,0.3,72,0.3,0,0.3,0,0,0,29.6,0.1,0,4,4,4,0,0.1,0.5,0.5,0.03,8.4,16.9,0.35,1,0,0,5,0.9,57,336,32,1.7,13,0.05,255,0,A01RG#F01.A057F$F02.A0BYZ$F27.A01RG$F28.A07GY
3.105,"Svinekam, røkt",Kjøtt og fjørfe,Kjøtt og fjørfe,872,210,68,16.6,5.9,0,0.2,3.6,1.9,0,7.6,0.4,7.1,2.1,1.7,0.2,0,0,0,0,0,0,0,0.2,1.9,57,1,0,1,0.9,0.9,0,14.1,1.8,0,13,13,13,0,0.3,0.7,0.27,0.04,2.3,4.8,0.11,1,0.4,0,4,1,716,170,16,2.1,9,0.06,124,0,A023K#F02.A06AP$F27.A01RG$F28.A07JP$F28.A07JV$F28.A0BA1
9.137,"Svinestek med surkål og poteter, ferdigmiddag, kjøpt",Kjøtt og fjørfe,Kjøtt og fjørfe,354,84,80,1.3,0.3,0,0,0.3,0.1,0,0.8,0,0.8,0.2,0.1,0,0,0,0,0,0,0,0,0,0.1,19,9.6,7.4,2.2,1.3,1.3,1,7.8,0.4,0,1,1,1,5,0,0.2,0.19,0.04,2.5,4.7,0.17,10,0.1,6,19,0.8,163,310,23,0.6,5,0.07,87,0,A03VK#F04.A00FX$F04.A01RG$F04.A043Z$F18.A07NK$F19.A07PR$F22.A07SH$F28.A07HH
3.167,Sylte,Kjøtt og fjørfe,Kjøtt og fjørfe,1259,303,55,24.4,8.8,0,0.4,5.3,2.8,0,11.1,0.6,10.3,3,2.4,0.2,0,0,0,0.1,0,0,0,0.3,2.6,84,0.2,0.2,0.1,0,0,0.1,20.7,2.1,0,14,13,13,2,0.3,0.7,0.21,0.1,2.6,8.6,0.14,2,0.6,0,10,1.6,840,207,18,2.7,13,0.1,162,0,A023H#F02.A06AP$F28.A0BA1
3.365,"Villsvin, kjøtt, rå",Kjøtt og fjørfe,Kjøtt og fjørfe,446,105,76,1.5,0.5,0,0,0.3,0.1,0,0.5,0,0.5,0.3,0.2,0,0,0,0,0,0,0,0,0.1,0.2,65,0,0,0,0,0,0,23,0.2,0,2,2,2,0,0,0.6,1.48,0.39,6.6,10.8,0.54,2,1.4,0,4,1.8,66,367,26,2.7,13,0,220,3,A01SH
3.15,Wienerpølse,Kjøtt og fjørfe,Kjøtt og fjørfe,874,211,69,17.4,6.5,0,0.3,4,2.1,0,8.6,0.6,7.9,2.4,1.9,0.2,0,0,0,0.1,0,0,0,0.3,2.1,42,2.3,0.6,1.7,0,0,0.6,10.9,2,0,9,11,7,25,0,1.2,0.18,0.09,2.6,4.6,0.1,2,0.7,29,13,0.8,813,667,13,1.3,9,0.04,203,0,A026D
3.451,"Wienerpølse, kalkun og kylling",Kjøtt og fjørfe,Kjøtt og fjørfe,599,144,75,8.9,2.7,0,0.1,2,0.6,0,4,0.5,3.5,2.4,2,0.2,0,0,0,0.1,0,0,0,0.2,2.1,60,5.5,4.8,0.7,0,0,0.6,10.1,1.7,0,14,14,14,0,0,1.3,0.06,0.14,3.2,5.1,0.13,13,1.8,36,43,0.9,680,510,16,1.2,11,0.04,200,14,A026D#F02.A06AV$F04.A04DS$F04.A04EC$F07.A072K$F28.A07KY$F28.A0BA1$F28.A0CRH
3.198,"Wienerpølse, mager",Kjøtt og fjørfe,Kjøtt og fjørfe,566,135,75,6.9,2.7,0,0.1,1.6,0.9,0,3.1,0.2,2.9,1.1,0.8,0.1,0,0,0,0.1,0,0,0,0.1,0.9,45,5.5,4.9,0.6,0,0,0.6,12.5,1.7,0,9,9,9,3,0,1,0.31,0.11,3.4,5.7,0.14,4,0.9,35,11,0.7,680,510,16,1.4,11,0.05,200,2,A026D#F07.A072Y$F10.A077C
3.252,"Wienersnitzel, rå",Kjøtt og fjørfe,Kjøtt og fjørfe,1156,276,47,13.4,1.8,0,0,1.1,0.5,0,5.8,0.1,5.6,5.2,4.7,0.4,0,0,0,0,0,0,0,0.5,4.7,35,24.9,24.7,0.2,0,0,0.8,13.7,1.4,0,4,4,4,0,0.1,5.3,0.5,0.04,4,6.5,0.22,4,0.2,0,7,0.7,578,245,21,1.2,5,0.06,141,0,A04AC#F01.A057F$F02.A0BYZ$F27.A04AC$F28.A07HK$F28.A07KY
4.208,"Akkar, tiarmet blekksprut, innbakt, forfritert, fryst ",Fisk og skalldyr,Fisk og skalldyr,829,197,58,6.6,0.8,0,0,0.5,0.2,0,1.7,0,1.7,3.7,3.4,0,0,0,0,0,0.1,0,0.2,0.3,3.4,93,24.3,23.1,1.1,1,1,1,9.6,1.9,0,6,6,6,0,0,4,0.11,0.06,1.7,3.4,0.31,10,1.2,0,34,0.5,773,166,22,0.7,27,0.44,283,20,A02JH#F01.A055T$F02.A0EME$F27.A02JH$F28.A07GR$F28.A07HL$F28.A07KQ
4.313,"Akkar, tiarmet blekksprut, innbakt, forfritert, stekt i fett",Fisk og skalldyr,Fisk og skalldyr,1260,301,43,15.6,3.3,0.3,0.3,1.4,0.8,0,5.6,0.1,5.5,5.8,5.2,0.3,0,0,0,0,0.1,0,0.2,0.6,5.2,113,28.8,27.4,1.4,1.2,1.2,1,10.8,2,0,33,34,32,13,0.7,4.7,0.1,0.07,1.8,4.1,0.3,9,1.3,0,41,0.5,809,167,24,0.9,33,0.5,302,25,A02JH#F28.A07GR$F28.A07HL
4.302,"Akkar, tiarmet blekksprut, kokt",Fisk og skalldyr,Fisk og skalldyr,492,117,75,2.9,0.7,0,0.1,0.5,0.1,0,0.3,0,0.1,1,0,0,0,0,0,0,0.3,0,0.7,1,0,441,0,0,0,0,0,0,22.6,0.5,0,24,24,24,0,0,2.1,0.15,0.16,4.7,12.2,0.95,18,4.7,0,25,0.8,183,412,47,2.2,116,1.73,317,88,A02JH#F28.A07GJ
4.262,"Akkar, tiarmet blekksprut, rå",Fisk og skalldyr,Fisk og skalldyr,325,77,83,1.7,0.4,0,0,0.3,0.1,0,0.2,0,0.1,0.6,0,0,0,0,0,0,0.2,0,0.4,0.6,0,225,0,0,0,0,0,0,15.4,0.3,0,15,15,15,0,0,1.2,0.1,0.12,3.4,6.2,0.69,13,3,0,13,0.5,110,280,28,1.1,66,0.98,190,50,A02JH
4.341,"Alaska pollock, rå",Fisk og skalldyr,Fisk og skalldyr,305,72,83,0.7,0.1,0,0,0.1,0,0,0.2,0,0.1,0.2,0,0,0,0,0,0,0.1,0,0.2,0.3,0,49,0,0,0,0,0,0,16.4,0.2,0,0,0,0,0,0,0.6,0.03,0.09,2.6,5.6,0.04,5,2,0,12,0.2,68,216,30,0.4,27,0.03,120,56,A0FAP
4.075,"Ansjos, hermetisk",Fisk og skalldyr,Fisk og skalldyr,903,216,62,13.1,3,0,0.6,1.8,0.4,0,5.5,0.5,2.5,3.4,2.3,0.1,0,0,0.1,0,0.6,0.1,0.9,1.9,2.4,90,12.1,0,12.1,12,12,0,12.5,6.9,0,54,54,54,0,0.2,0.6,0.02,0.16,2.2,4.5,0.45,5,10,0,99,1.3,2750,145,13,1.8,20,0.16,141,16,A0FCA#F06.A06XX
4.001,"Blåkveite, rå/kaldrøkt",Fisk og skalldyr,Fisk og skalldyr,645,155,75,11,1.7,0,0.3,1,0.2,0,6.9,1.3,2.7,1,0.1,0,0,0,0,0.1,0.3,0.1,0.3,0.8,0.1,74,0,0,0,0,0,0,14,0.2,0,10,10,10,0,9.1,3.3,0.02,0.06,1.1,3.7,0.07,5,0.7,0,6,0.1,86,352,20,0.3,60,0.02,158,7,A0EYS#F27.A02BA
4.115,"Blålange, rå",Fisk og skalldyr,Fisk og skalldyr,271,64,84,0.1,0,0,0,0,0,0,0,0,0,0,0,0,0,0,0,0,0,0,0,0,0,0,0,0,0,0,0,0,15.7,0.3,0,2,2,2,0,3.4,0.2,0.05,0.12,2.5,5.4,0.3,7,2,0,9,0.1,104,312,23,0.4,40,0,160,279,A02CC
4.388,"Blåskjell, dampet",Fisk og skalldyr,Fisk og skalldyr,323,77,84,2.7,0.3,0,0.1,0.2,0,0,0.3,0.2,0.1,0.9,0,0,0,0,0,0,0.3,0,0.3,0.8,0.1,47,0,0,0,0,0,0,13.1,0.9,0,14,14,14,0,0.5,2.8,0,0.25,1.4,3.8,0.11,61,25,0,63,2,356,225,60,1.6,62,0.22,194,145,A0FCY#F01.A0AXQ$F02.A0EME$F27.A0FCY$F28.A07GP
4.389,"Blåskjell, fryst",Fisk og skalldyr,Fisk og skalldyr,361,86,82,2.9,0.3,0,0.1,0.2,0.1,0,0.4,0.2,0.1,0.8,0,0,0,0,0,0,0.3,0,0,0.7,0.1,46,0,0,0,0,0,0,14.9,0.8,0,14,14,14,0,0.5,2.3,0,0.19,0.8,3.5,0.1,35,25.3,0,53,8,308,109,40,2.6,63,0.22,230,240,A0FCY#F01.A0AXQ$F02.A0EME$F27.A0FCY$F28.A07KQ
4.076,"Blåskjell, i lake, avrent",Fisk og skalldyr,Fisk og skalldyr,346,82,83,3,0.4,0,0.1,0.2,0.1,0,0.4,0.3,0.1,0.9,0,0,0,0,0,0,0.4,0,0.2,0.8,0.1,51,0,0,0,0,0,0,13.8,1.6,0,42,42,42,0,0.5,1.8,0,0.14,0.4,3,0.1,15,21.3,0,37,5.8,655,80,23,1.7,52,0.22,228,180,A0BZ5#F27.A0FCY
4.053,"Blåskjell, rå",Fisk og skalldyr,Fisk og skalldyr,309,73,84,2,0.4,0,0.1,0,0.1,0,0.3,0.2,0.1,0.8,0,0,0,0,0,0,0.2,0,0.3,0.7,0.1,45,0,0,0,0,0,0,13.8,0.8,0,14,14,14,0,0.5,1.5,0,0.3,1.6,4.1,0.28,52,30,0,63,2,337,267,55,1.6,62,0.22,222,150,A0FCY
4.25,"Breiflabb, filet, kokt",Fisk og skalldyr,Fisk og skalldyr,341,80,80,0.2,0,0,0,0,0,0,0,0,0,0,0,0,0,0,0,0,0,0,0,0.1,0,42,0,0,0,0,0,0,19.8,0.3,0,120,120,120,0,1.5,0.8,0.03,0.07,2.3,8.2,0.27,14,1.1,0,8,0,116,428,27,0.5,45,0,227,21,A02BJ#F28.A07GJ
4.211,"Breiflabb, rå",Fisk og skalldyr,Fisk og skalldyr,272,64,84,0.1,0,0,0,0,0,0,0,0,0,0,0,0,0,0,0,0,0,0,0,0,0,25,0,0,0,0,0,0,15.8,0.2,0,80,80,80,0,1,0.5,0.03,0.06,2,4.9,0.23,12,0.8,0,5,0,82,342,19,0.3,30,0,160,14,A02BJ
4.322,"Brisling, i olje, avrent, hermetisk",Fisk og skalldyr,Fisk og skalldyr,1085,261,61,20.9,4.7,0,0.9,3,0.6,0,10.3,0.8,4.1,4.9,4,0.1,0,0,0.1,0.1,1,0.1,1.5,3.3,4,92,0,0,0,0,0,0,18.3,0.9,0,29,29,28,6,8.9,1.9,0,0.29,5.1,8.5,0.16,8,7.8,0,293,1.7,341,263,42,1.8,19,0.09,422,9,A0FBY#F06.A06XL$F18.A07NS$F19.A07PH
4.321,"Brisling, i tomat, hermetisk",Fisk og skalldyr,Fisk og skalldyr,845,203,68,14.7,3.7,0,0.8,2.2,0.3,0,4.9,0.8,2.1,4.3,0.5,0.1,0,0,0.1,0.1,1,0.1,1.6,3.4,0.6,93,2.7,0,2.7,2,2,0,15,0.7,0,136,191,81,661,14.5,3,0,0.33,4.4,7.2,0.2,31,7.3,0,177,1.5,265,274,29,1.6,13,0.08,221,10,A0FBY#F06.A06XR$F18.A07NS$F19.A07PH
4.003,"Brisling, rå",Fisk og skalldyr,Fisk og skalldyr,862,208,70,17.6,4.4,0,0.8,3.3,0.4,0,6.8,0.9,4.7,4.1,0.5,0.4,0,0,0.1,0.1,0.9,0.1,1.6,3.4,0.8,57,0,0,0,0,0,0,12.4,0.2,0,150,150,150,0,18.7,1.2,0.08,0.15,4.7,7,0.2,9,7,0,47,0.8,68,209,16,0.9,10,0.05,120,6,A02DH
4.38,"Brosme, kokt",Fisk og skalldyr,Fisk og skalldyr,451,106,75,1.3,0.1,0,0,0.1,0,0,0.1,0,0.1,0.3,0,0,0,0,0,0,0,0,0.2,0.2,0,0,0,0,0,0,0,0,23.7,0.3,0,2,2,2,0,2.2,0.5,0.06,0.18,3.3,10.5,0.35,2,0.8,0,25,0.1,105,478,36,0.7,56,0.02,270,65,A02CD#F01.A0MTV$F02.A0EMD$F27.A02CD$F28.A07GJ
4.381,"Brosme, ovnsstekt",Fisk og skalldyr,Fisk og skalldyr,467,110,74,1.1,0.1,0,0,0.1,0,0,0.1,0,0.1,0.2,0,0,0,0,0,0,0,0,0.2,0.2,0,0,0,0,0,0,0,0,25.1,0.2,0,2,2,2,0,1.8,0.4,0.05,0.17,3.1,8.7,0.38,2,0.7,0,21,0.1,87,452,32,0.5,51,0.01,239,60,A02CD#F01.A0MTV$F02.A0EMD$F27.A02CD$F28.A07GY
4.004,"Brosme, rå",Fisk og skalldyr,Fisk og skalldyr,354,84,80,0.9,0.1,0,0,0.1,0,0,0.1,0,0,0.2,0,0,0,0,0,0,0,0,0.1,0.2,0,0,0,0,0,0,0,0,19,0.2,0,1,1,1,0,1.5,0.3,0.05,0.15,2.8,6.3,0.3,2,0.6,0,15,0.1,74,383,26,0.4,37,0.01,191,43,A02CD
4.385,"Ceviche, med laks, mango og avokado",Fisk og skalldyr,Fisk og skalldyr,606,146,77,11.2,1.8,0,0.1,1.3,0.2,0,6.5,0.4,6,2.4,1.4,0.3,0,0,0,0,0.1,0.1,0.2,0.8,1.5,24,3.8,0,3.8,0.3,0.6,2,6.7,0.4,0,19,30,8,136,2.1,1.5,0.07,0.08,3,4.2,0.26,21,1.6,9,14,0.3,147,362,19,0.3,6,0.11,91,3,A03XS#F02.A06GJ$F04.A01LB$F04.A01LF$F04.A028P$F04.A07XJ
4.386,"Ceviche, med torsk, mango og avokado",Fisk og skalldyr,Fisk og skalldyr,425,102,82,6.6,1.1,0,0,0.9,0.1,0,4.2,0.3,4,0.9,0.7,0.1,0,0,0,0,0,0,0.1,0.1,0.7,17,3.8,0,3.8,0.3,0.6,2,6,0.4,0,13,24,2,136,0.2,1.2,0.05,0.06,1.3,2.4,0.14,22,0.4,9,15,0.3,155,354,19,0.3,7,0.1,86,68,A03XS#F02.A06GJ$F04.A01LB$F04.A01LF$F04.A02BV$F04.A07XJ$F24.A07VT
4.079,"Fiskeboller, avrent, hermetisk",Fisk og skalldyr,Fisk og skalldyr,510,120,72,1.5,0.1,0,0,0.1,0,0,0.8,0,0.7,0.5,0.2,0.1,0,0,0,0,0,0,0.1,0.2,0.2,27,17,17,0,0,0,0.3,9.5,1.3,0,1,2,1,9,0.2,0.7,0.02,0.07,1.7,3.5,0.09,6,1.3,1,20,0.4,511,188,20,0.3,15,0.02,96,70,A02KD#F02.A06GJ$F28.A0BYP
4.21,"Fiskeboller, kjøpt",Fisk og skalldyr,Fisk og skalldyr,252,59,83,0.4,0.2,0,0,0.1,0,0,0.1,0,0.1,0,0,0,0,0,0,0,0,0,0,0,0,29,5.4,3.2,2.1,0,0,0.1,8.6,1.4,0,3,2,2,3,0.8,0.2,0.03,0.08,1.7,4.5,0.12,5,0.9,0,68,0.1,548,275,15,0.3,13,0.01,136,267,A02KD#F26.A07XD
4.36,"Fiskeburger, kjøpt",Fisk og skalldyr,Fisk og skalldyr,450,107,78,3.7,0.3,0,0,0.3,0.1,0,1.6,0,2.6,0.7,0.7,0.3,0,0,0,0,0,0,0.1,0.5,0.8,34,6.5,5.3,1.2,0.3,0.3,0.8,11.5,1.5,0,19,21,18,19,0,0.8,0.07,0.07,1.3,3.4,0.1,7,0.7,0,42,0.2,580,370,22,0.3,14,0.02,160,40,A03XT#F22.A07SH$F26.A07XD
4.272,"Fiskeburger, laks",Fisk og skalldyr,Fisk og skalldyr,871,209,66,14.9,2.8,0.2,0.4,1.4,0.6,0,7.1,0.3,6.2,4.2,2.1,0.8,0,0,0.1,0.1,0.3,0.1,0.5,1.9,2.4,69,2.4,1.4,1,0,0,0,16.5,0.7,0,32,33,32,8,5,1.1,0.08,0.11,5.5,9.3,0.34,5,4.1,0,34,0.2,292,356,20,0.3,16,0.03,195,7,A03XT#F04.A028P
4.062,"Fiskeburger, mager fisk",Fisk og skalldyr,Fisk og skalldyr,649,156,73,9.8,1.2,0,0,0.8,0.3,0,4.8,0,4.7,3.1,2.4,0.4,0,0,0,0,0,0,0.1,0.5,2.4,28,6,4.4,1.6,0,0,0.1,10.8,1.4,0,5,5,5,2,0.6,0.8,0.03,0.14,1.7,4.1,0.23,9,2.1,0,44,0.2,562,276,16,0.3,15,0.03,153,99,A03XT
4.271,"Fiskeburger, makrell",Fisk og skalldyr,Fisk og skalldyr,776,186,70,12.9,3.2,0.2,0.6,1.6,0.5,0,5.2,0.3,2.9,3.5,0.8,0.3,0,0,0.1,0,0.6,0.1,1.1,2.6,0.9,36,2.4,1.4,1,0,0,0,15.1,0.8,0,18,19,18,8,4.6,0.5,0.07,0.27,6.6,10.3,0.47,9,7.2,0,42,0.6,301,318,21,0.5,44,0.06,199,22,A03XT#F04.A02CT
4.323,"Fiskeburger, panert, med brød, ost, saus, kjøpt",Fisk og skalldyr,Fisk og skalldyr,1104,264,49,12.3,2.9,0.2,0.3,1.5,0.6,0.1,5.5,0.1,5.3,3,2.3,0.5,0,0,0,0,0,0,0.1,0.6,2.3,51,25.6,22,3.6,3.3,3.3,2,11.6,0.8,0,43,44,42,14,0.7,2.3,0.11,0.09,1.5,3.7,0.11,25,0.6,1,47,0.7,310,208,24,0.9,11,0.07,154,80,A03XJ#F02.A06GJ$F04.A02QE$F04.A03XT$F04.A043V$F04.A0BB2$F22.A07SK
4.268,"Fiskeburger, sei",Fisk og skalldyr,Fisk og skalldyr,647,155,73,9.7,1.1,0,0,0.8,0.3,0,4.8,0,4.7,3.1,2.4,0.4,0,0,0,0,0,0,0.1,0.5,2.4,28,6,4.4,1.6,0,0,0.1,10.8,1.4,0,5,5,5,2,0.6,0.8,0.03,0.14,1.7,4.1,0.24,10,2.1,0,45,0.2,562,276,18,0.3,15,0.04,152,99,A03XT#F04.A02CF
4.273,"Fiskeburger, sild",Fisk og skalldyr,Fisk og skalldyr,745,179,71,12.4,3,0.2,0.7,1.4,0.4,0,6.2,0.4,2.6,2.5,0.8,0.2,0,0,0,0,0.5,0.1,0.6,1.7,0.8,59,2.4,1.4,1,0,0,0,14.5,0.8,0,16,16,15,8,11,0.6,0.03,0.26,3,6.2,0.33,8,0.2,0,70,0.7,321,299,25,0.5,30,0.07,219,13,A03XT#F04.A02DF
4.27,"Fiskefarse, mager fisk, rå",Fisk og skalldyr,Fisk og skalldyr,273,64,85,0.7,0.3,0,0,0.1,0,0,0.1,0,0.1,0.1,0,0,0,0,0,0,0,0,0.1,0.1,0,26,4.1,1.9,2.3,0,0,0,10.4,1.5,0,4,4,4,2,0.7,0.2,0.04,0.13,1.9,3.9,0.2,8,1.6,0,73,0.1,600,312,16,0.3,13,0.01,157,186,A02KE
4.365,"Fiskegrateng, kjøpt",Fisk og skalldyr,Fisk og skalldyr,505,120,75,4.6,0.6,0,0,0.3,0.1,0,2.5,0,2.5,1.4,0.9,0.4,0,0,0,0,0,0,0.1,0.5,0.9,34,11.8,8.3,3.4,0.1,0.1,0.8,7.6,0.8,0,40,41,39,13,0,1,0.1,0.13,0.7,2,0.07,7,0.7,0,42,0.3,300,197,19,0.4,11,0.05,110,37,A03XL#F22.A07SH$F26.A07XD
4.292,"Fiskegrateng, med egg og makaroni, ovnsstekt",Fisk og skalldyr,Fisk og skalldyr,640,153,73,8.9,2.6,0.2,0.2,1.2,0.6,0,3.5,0.1,3.5,1.7,1.4,0.2,0,0,0,0.1,0,0,0.1,0.3,1.4,106,7.3,5.4,1.9,0,0,0.4,10.8,0.7,0,69,70,68,16,1.4,2.4,0.05,0.15,0.6,3.7,0.07,12,0.9,0,72,0.6,277,231,17,0.7,15,0.04,176,105,A03XL#F04.A007T$F04.A031G$F28.A07GY
4.291,"Fiskegrateng, med egg, ovnsstekt",Fisk og skalldyr,Fisk og skalldyr,620,148,74,8.8,2.6,0.2,0.2,1.2,0.6,0,3.5,0.1,3.4,1.7,1.3,0.2,0,0,0,0.1,0,0,0.1,0.4,1.4,118,4.2,2.4,1.8,0,0,0.2,13,0.7,0,69,70,68,16,1.4,2.5,0.05,0.16,0.7,4.5,0.08,13,1.1,0,73,0.6,263,284,19,0.7,20,0.03,203,147,A03XL#F04.A031E
4.293,"Fiskegrateng, ovnsstekt, kjøpt",Fisk og skalldyr,Fisk og skalldyr,560,133,73,5.1,0.6,0,0,0.3,0.1,0,2.6,0,2.5,1.4,0.9,0.4,0,0,0,0,0,0,0.1,0.5,0.9,38,13.2,9.4,3.9,0.1,0.1,0.9,8.1,0.7,0,41,42,40,13,0,1.1,0.08,0.11,0.6,2.3,0.07,7,0.7,0,48,0.3,287,188,19,0.4,13,0.05,111,42,A03XL#F04.A031E$F22.A07SH
4.295,"Fiskegryte, med sei, løk og paprikasaus",Fisk og skalldyr,Fisk og skalldyr,386,92,81,3.4,0.9,0.1,0.1,0.4,0.2,0,1.1,0,1.1,0.8,0.4,0.1,0,0,0,0,0.1,0,0.2,0.3,0.5,44,4.5,2.9,1.7,0,0,0.8,10.4,0.5,0,23,28,18,64,0.9,1,0.04,0.12,1.6,6.3,0.25,12,2.2,10,42,0.3,184,278,21,0.5,19,0.05,181,124,A03XS#F28.A07GG
4.296,"Fiskegryte, med torsk og tomat",Fisk og skalldyr,Fisk og skalldyr,280,67,86,2.4,0.5,0.1,0.1,0.2,0.1,0,0.8,0,0.8,0.6,0.3,0.1,0,0,0,0,0,0,0.1,0.2,0.3,50,1.7,0,1.7,0,0,0.7,9.2,1,0,31,48,12,220,0.5,1.6,0.05,0.02,1.2,5.1,0.1,14,0.8,5,17,0.4,418,342,22,0.4,18,0.08,148,158,A03XS#F28.A07GG
4.061,"Fiskekaker, kjøpt",Fisk og skalldyr,Fisk og skalldyr,462,110,78,4.2,0.7,0,0.1,0.4,0.1,0,2.9,0,2.7,1.2,0.7,0.3,0,0,0,0,0,0,0.1,0.5,0.8,35,6,4.9,1.1,0,0,0.5,11.8,1.5,0,9,9,9,3,0,0.8,0.07,0.06,1.5,3.6,0.11,5,1,0,34,0.2,608,343,20,0.3,14,0.02,153,48,A03XT#F26.A07XD
4.275,"Fiskepaté, laks",Fisk og skalldyr,Fisk og skalldyr,729,175,72,12.2,4.5,0.1,0.6,2.3,0.8,0.1,4.6,0.3,3.9,2.2,1.1,0.4,0,0,0,0.1,0.2,0.1,0.3,0.9,1.2,109,4.3,2.7,1.6,0,0,0,11.9,1.4,0,77,80,75,30,2.8,1.2,0.06,0.15,2.9,7.6,0.22,7,2.8,0,57,0.4,568,249,15,0.4,14,0.03,183,17,A03XV#F04.A028P
4.274,"Fiskepaté, mager fisk",Fisk og skalldyr,Fisk og skalldyr,583,139,74,7.4,3.7,0.1,0.5,1.8,0.7,0.1,1.8,0.2,1.6,0.6,0.3,0,0,0,0,0,0,0,0.1,0.2,0.3,107,4.3,2.7,1.6,0,0,0,13.9,1.5,0,72,75,70,30,0.7,1.3,0.04,0.13,0.9,5.2,0.08,10,1.2,0,62,0.4,593,307,19,0.5,22,0.03,216,185,A03XV
4.319,"Fiskepinner, forfritert, stekt i fett",Fisk og skalldyr,Fisk og skalldyr,900,215,59,10.5,1.2,0.1,0.1,0.7,0.3,0,5.8,0,5.6,2.6,1.8,0.6,0,0,0,0,0.1,0,0.1,0.8,1.8,38,17.5,15.8,1.7,0,0,2,11.9,0.6,0,14,13,13,3,0.2,2,0.09,0.05,0.9,3.3,0.06,7,0.8,0,23,0.4,237,201,31,0.3,12,0.05,122,106,A02KC#F28.A07GS
4.352,"Fiskepinner, kjøpt",Fisk og skalldyr,Fisk og skalldyr,756,180,64,7.9,0.6,0,0,0.4,0.1,0,4.6,0,4.4,2,1.4,0.5,0,0,0,0,0.1,0,0.1,0.7,1.4,33,15.5,14,1.5,0,0,1,11.1,0.6,0,8,8,8,0,0,1.8,0.1,0.05,0.9,2.9,0.06,8,0.8,0,20,0.4,240,210,31,0.3,11,0.04,120,94,A02KC
4.063,Fiskepudding,Fisk og skalldyr,Fisk og skalldyr,297,70,83,0.6,0.3,0,0.1,0.2,0.1,0,0.1,0,0.1,0,0,0,0,0,0,0,0,0,0,0,0,24,7.4,4.9,2.5,0,0,0.1,8.7,1,0,4,3,3,4,0.5,0.2,0.01,0.1,1.5,3.7,0.12,4,0.9,0,78,0.1,392,272,10,0.1,11,0.01,135,236,A03XJ#F04.A02LT$F26.A07XD$F28.A07KY
4.269,"Fiskepudding, fløtepudding",Fisk og skalldyr,Fisk og skalldyr,424,101,80,4.2,2.6,0.1,0.4,1.2,0.4,0.1,1,0.1,0.8,0.1,0.1,0,0,0,0,0,0,0,0,0,0,32,7.2,4.9,2.3,0,0,0.1,8.6,1.5,0,38,40,36,26,0.5,0.2,0.01,0.1,1.5,3.6,0.11,3,0.9,0,72,0.1,585,254,11,0.1,11,0.01,132,234,A03XJ#F04.A02ML$F28.A07KY
10.195,"Fiskesuppe, hjemmelaget",Fisk og skalldyr,Fisk og skalldyr,369,89,86,7,3.6,0.2,0.6,1.7,0.6,0.2,2.1,0.2,1.8,0.5,0.2,0.1,0,0,0,0,0,0,0.1,0.2,0.2,33,1.9,0.4,1.5,0,0.1,0.7,4.3,1,0,84,112,57,330,0.7,0.5,0.03,0.06,0.8,2.1,0.1,7,0.7,3,26,0.2,386,138,10,0.2,6,0.03,68,25,A041X#F02.A06GY$F04.A026V$F04.A07XJ$F10.A07VP$F22.A07SS
4.298,"Fiskesuppe, med hvit fisk, hjemmelaget",Fisk og skalldyr,Fisk og skalldyr,333,80,87,6.1,3.5,0.2,0.5,1.6,0.6,0.2,1.6,0.1,1.4,0.3,0.1,0,0,0,0,0,0,0,0,0.1,0.1,31,1.9,0.4,1.5,0,0.1,0.7,4.2,1,0,83,110,55,330,0.3,0.5,0.02,0.06,0.5,1.6,0.09,8,0.5,3,27,0.2,388,137,10,0.2,7,0.03,67,40,A041X#F02.A06GY$F04.A026V$F10.A07VP$F22.A07SS
10.194,"Fiskesuppe, med laks, hjemmelaget",Fisk og skalldyr,Fisk og skalldyr,415,100,85,8.1,3.8,0.2,0.6,1.8,0.6,0.2,2.7,0.2,2.3,0.9,0.4,0.2,0,0,0,0,0.1,0,0.1,0.4,0.4,36,1.9,0.4,1.5,0,0.1,0.7,4.5,1,0,85,113,58,330,1.2,0.5,0.03,0.06,1.2,2.7,0.12,7,1,3,26,0.2,382,141,10,0.2,5,0.03,68,7,A041X#F02.A06GY$F04.A028P$F04.A07XJ$F10.A07VP$F22.A07SS
4.086,"Gaffelbiter, sild, hermetisk",Fisk og skalldyr,Fisk og skalldyr,851,203,61,10,2.8,0.5,0.5,1.3,0.3,0,4.1,0.3,2.3,2.2,1.5,0.1,0,0,0,0,0.4,0,0.6,1.2,1.5,54,19.9,0.5,19.4,19.1,19.1,1,8,6.5,0,35,37,32,32,0.1,0.8,0.02,0.14,1.5,3,0.3,9,6,2,100,1.7,2590,149,20,1.2,12,0.12,93,10,A0FCA#F02.A0EMS$F18.A07NS$F19.A07PH$F27.A02DD$F28.A0BYP
4.006,"Gjedde, rå",Fisk og skalldyr,Fisk og skalldyr,353,83,80,0.2,0,0,0,0,0,0,0,0,0,0.1,0,0,0,0,0,0,0,0,0.1,0.1,0,0,0,0,0,0,0,0,20.3,0.1,0,0,0,0,0,5.3,0.5,0.05,0.05,3,6.7,0.3,10,1.8,0,47,0.2,43,463,29,0.8,20,0.02,239,12,A027X
4.12,"Havål, rå",Fisk og skalldyr,Fisk og skalldyr,498,119,77,5.2,1.2,0,0.3,0.6,0.1,0,2.4,0.2,0.6,1,0.1,0.1,0,0,0.1,0,0.4,0.1,0.6,1.4,0.1,142,0,0,0,0,0,0,18,0.1,0,600,600,600,0,30,2.8,0.09,0.04,3.5,6.8,0.25,12,3,1,13,0.1,56,408,22,1.4,90,0.2,215,43,A02AL
4.008,"Horngjel, rå",Fisk og skalldyr,Fisk og skalldyr,450,107,77,3.2,0.7,0,0.1,0.5,0.1,0,0.9,0.2,0.6,1.1,0.1,0,0,0,0,0,0.1,0.1,0.7,0.9,0.1,85,0,0,0,0,0,0,19.5,0.2,0,3,3,3,0,5.2,0.8,0,0.11,7.1,10.7,0.41,1,7.7,0,79,0.6,62,301,23,2.7,30,0.06,213,19,A02BS
4.054,"Hummer, kokt",Fisk og skalldyr,Fisk og skalldyr,390,92,79,1.6,0.1,0,0,0.1,0,0,0.2,0,0.1,0.3,0,0,0,0,0,0,0.1,0,0.1,0.3,0.1,116,0,0,0,0,0,0,19.4,1.3,0,0,0,0,0,0.5,4.1,0.1,0.05,1.3,4.9,0.64,12,2.4,0,108,0.6,516,236,46,3.2,74,2.2,197,507,A02FP#F28.A07GL
4.395,"Hummer, ovnsstekt",Fisk og skalldyr,Fisk og skalldyr,410,97,77,0.7,0.1,0,0,0.1,0,0,0.2,0,0.1,0.3,0,0,0,0,0,0,0.1,0,0.1,0.3,0.1,104,0,0,0,0,0,0,22.5,1.3,0,0,0,0,0,0.7,4.2,0,0.05,2.4,6.5,0.38,29,2,0,115,0.2,534,360,58,3.3,96,0,260,387,A02FP#F01.A0A8N$F02.A0EMF$F27.A02FP$F28.A07GY
4.394,"Hummer, rå",Fisk og skalldyr,Fisk og skalldyr,324,76,82,0.6,0.1,0,0,0.1,0,0,0.1,0,0.1,0.3,0,0,0,0,0,0,0.1,0,0.1,0.2,0.1,78,0,0,0,0,0,0,17.8,1.2,0,0,0,0,0,0.6,3.4,0,0.05,2.2,5.4,0.32,28,1.7,0,86,0.2,471,318,48,2.5,72,0,217,290,A02FP#F01.A0A8N$F02.A0EMF$F27.A02FP
4.009,"Hvitting, rå",Fisk og skalldyr,Fisk og skalldyr,333,79,81,0.6,0.1,0,0,0.1,0,0,0.2,0,0.1,0.2,0,0,0,0,0,0,0.1,0,0.2,0.3,0,50,0,0,0,0,0,0,18.3,0.1,0,3,3,3,0,0.7,0.2,0.05,0.05,2,5.4,0.18,12,0.8,0,50,0.3,50,370,24,0.5,25,0,183,278,A02CG
4.218,"Hyse, kolje, kokt",Fisk og skalldyr,Fisk og skalldyr,412,97,76,0,0,0,0,0,0,0,0,0,0,0,0,0,0,0,0,0,0,0,0,0,0,101,0,0,0,0,0,0,24.2,0.2,0,0,0,0,0,2.2,0.7,0.06,0.06,5.8,14.3,0.4,13,2.3,0,11,0.1,65,654,36,0.5,45,0,282,915,A02CA#F28.A07GJ
4.11,"Hyse, kolje, rå",Fisk og skalldyr,Fisk og skalldyr,329,78,81,0,0,0,0,0,0,0,0,0,0,0,0,0,0,0,0,0,0,0,0,0,0,61,0,0,0,0,0,0,19.4,0.1,0,0,0,0,0,1.5,0.4,0.05,0.05,5,8.6,0.34,12,1.7,0,7,0.1,46,523,26,0.3,30,0,199,610,A02CA
4.221,"Hyse, kolje, røkt, skiver, kokt",Fisk og skalldyr,Fisk og skalldyr,452,107,75,0.9,0.2,0,0,0.1,0,0,0.2,0,0.1,0.3,0,0,0,0,0,0,0.1,0,0.2,0.3,0,98,0,0,0,0,0,0,24.6,1.5,0,0,0,0,0,0,1.2,0.13,0.15,6.7,15.5,0.23,8,2.8,0,37,0.2,595,300,33,0.7,57,0.03,210,915,A0EYS#F27.A02CA$F28.A07GJ
4.011,"Hyse, kolje, røkt, skiver, rå",Fisk og skalldyr,Fisk og skalldyr,357,84,80,0.6,0.1,0,0,0.1,0,0,0.1,0,0.1,0.2,0,0,0,0,0,0,0.1,0,0.1,0.2,0,59,0,0,0,0,0,0,19.7,1.1,0,0,0,0,0,0,0.7,0.1,0.13,5.7,9.3,0.2,7,2.1,0,22,0.2,420,240,23,0.4,38,0.02,148,610,A0EYS#F27.A02CA
4.116,"Håbrann, rå",Fisk og skalldyr,Fisk og skalldyr,360,85,79,0.4,0.1,0,0,0.1,0,0,0.1,0,0.1,0.2,0,0,0,0,0,0,0,0,0.1,0.1,0,52,0,0,0,0,0,0,20.3,0.4,0,0,0,0,0,0.3,0.6,0.08,0.1,7,10.7,0.6,3,3,0,9,0.5,160,242,19,0.4,30,0,200,42,A02DL
4.297,"Kabaret, med fiskepudding og reker",Fisk og skalldyr,Fisk og skalldyr,174,41,91,1.3,0.6,0,0.1,0.3,0.1,0,0.3,0,0.2,0.1,0.1,0,0,0,0,0,0,0,0,0.1,0.1,32,2.1,1.1,1,0.2,0.2,0.5,5.2,2.2,0,9,11,6,33,0.2,0.7,0.01,0.05,0.5,1.5,0.19,9,0.5,1,29,0.2,870,130,15,0.3,7,0.05,57,57,A03XJ#F04.A031G$F04.A07XJ$F04.A0F5E$F28.A0C0G
4.114,"Kamskjell, rå",Fisk og skalldyr,Fisk og skalldyr,149,35,92,0.4,0,0,0,0,0,0,0,0,0,0.1,0,0,0,0,0,0,0,0,0,0,0,18,0,0,0,0,0,0,7.8,1.3,0,4,4,4,0,0.5,0.8,0,0.01,0.4,1.8,0.05,7,0.8,0,4,0.2,508,100,16,0.6,7,0.1,413,3,A02HN
4.264,"Kamskjell, stekt",Fisk og skalldyr,Fisk og skalldyr,177,42,90,0.5,0,0,0,0,0,0,0,0,0,0.1,0,0,0,0,0,0,0,0,0,0,0,22,0,0,0,0,0,0,9.3,1.3,0,4,4,4,0,0.5,0.9,0,0.01,0.5,2.3,0.05,7,0.9,0,5,0.2,539,106,18,0.8,9,0.12,464,4,A02HN#F28.A07GJ
4.087,"Kaviar, av lodderogn",Fisk og skalldyr,Fisk og skalldyr,457,109,80,5.5,1.1,0,0.1,1.1,0.1,0,1.4,0.3,1,2.6,0,0,0,0,0.1,0.1,0.9,0.1,1.2,2.2,0.1,300,0,0,0,0,0,0,14.9,5.4,0,9,9,9,0,3.8,7.5,0.33,0.46,0.5,3.2,0.1,6,12,0,20,0.5,2158,77,4,1.2,52,0.04,125,195,A02EM#F01.A050E
4.089,"Kaviar, av torskerogn",Fisk og skalldyr,Fisk og skalldyr,1811,438,39,39,3,0,0,1.6,0.6,0,23,0.1,22,10,6.9,3.3,0,0,0,0.1,0,0,0,3.3,0,101,13.7,0,13.7,13.7,13.7,0,8,5.5,0,0,0,0,0,0,5.8,0.22,0.27,0.6,2.1,0.05,21,6.7,0,20,0.1,2200,117,7,2.6,41,0.05,166,85,A02EM#F18.A07PB$F19.A07PH
4.373,"Kaviar, polarkaviar",Fisk og skalldyr,Fisk og skalldyr,1859,450,41,43,3,0,0.3,2.3,0.7,0,25,0.8,21.3,12,6.5,3.1,0,0,0.1,0.1,0.7,0.1,1,5,6.5,101,7.8,0,7.8,7,7,0,8,4.3,0,0,0,0,0,9.5,5.8,0.22,0.27,0.6,2.1,0.05,21,6.7,0,20,0.1,1720,117,7,2.6,41,0.05,166,85,A02EM#F01.A0BXL$F02.A069Z$F18.A07PB$F19.A07PH$F27.A02EM
4.307,Kaviarmix,Fisk og skalldyr,Fisk og skalldyr,2158,523,34,51.9,7.5,0,0,5.6,1.7,0,12.1,0.1,12.2,29.6,25.8,2.8,0,0,0,0,0.1,0,0.2,3.1,25.5,108,8,0,8,8,8,0,6,4,0,24,24,24,0,1.5,5.9,0.18,0.17,0.3,1.4,0.07,11,4.7,4,8,0.4,1603,72,7,1.2,26,0.04,114,53,A02KB#F02.A0EMQ$F04.A02EP$F04.A044X$F18.A07PB$F19.A07PH
4.253,"Klippfisk, saltet og tørket",Fisk og skalldyr,Fisk og skalldyr,1136,268,35,1.1,0.2,0,0,0.2,0.1,0,0.2,0,0.1,0.7,0,0,0,0,0,0,0.1,0,0.3,0,0,125,0,0,0,0,0,0,64.3,17,0,0,0,0,0,0.3,0.1,0.01,0.2,6.1,17.9,0.02,0,8.2,0,140,2.6,6809,0,13,0.3,20,0.17,779,130,A0EYT#F02.A0EMV$F04.A042P$F28.A07JP$F28.A07KG
9.136,"Kokt laks med urtesaus, gulrot og poteter, ferdigmiddag, kjøpt",Fisk og skalldyr,Fisk og skalldyr,443,105,78,4.2,0.7,0,0.1,0.4,0.1,0,2,0.1,1.7,1.3,0.6,0.2,0,0,0,0,0.1,0.1,0.2,0.6,0.7,30,9.6,7.2,2.4,0,0,1,6.8,0.2,0,71,135,8,763,1.8,0.5,0.07,0.07,2.5,5.1,0.19,11,1.6,4,42,0.4,97,360,24,0.3,6,0.07,118,5,A03XQ#F04.A00QH$F04.A028P$F04.A0F1N$F18.A07NK$F19.A07PR$F22.A07SH$F28.A07HH
4.393,"Kongekrabbe, rød, kokt",Fisk og skalldyr,Fisk og skalldyr,315,75,83,1.4,0.1,0,0.1,0,0.1,0,0.2,0,0.1,0.4,0,0,0,0,0,0.1,0,0,0.1,0.3,0,53,0,0,0,0,0,0,15.5,1,0,0,0,0,0,0.5,3,0,0.06,1.2,4,0.14,12,5.8,0,110,0.4,400,234,55,3.9,32,0,155,64,A0FCR#F01.A0ZNR$F02.A0EMF$F27.A0FCR$F28.A07GL
4.34,"Kongereke, rå",Fisk og skalldyr,Fisk og skalldyr,325,77,82,0.7,0.2,0,0,0.1,0,0,0.1,0,0.1,0.2,0,0,0,0,0,0,0.1,0,0.1,0.2,0,150,0,0,0,0,0,0,17.6,0.5,0,0,0,0,0,0,1.8,0,0.05,0.1,3.3,0.11,11,1,0,44,0.7,215,126,28,1.2,34,0.21,155,5,A02FX
4.091,"Krabbe, naturell, hermetisk",Fisk og skalldyr,Fisk og skalldyr,456,108,75,1.8,0.4,0,0,0.2,0.1,0,0.3,0.1,0.2,0.6,0,0,0,0,0,0.1,0.2,0,0.1,0.4,0.1,72,0,0,0,0,0,0,22.9,1.4,0,0,0,0,0,0,1.2,0.05,0.4,1.1,5.3,0.3,10,13.5,0,120,2.8,550,100,32,5.7,50,0.42,140,268,A0BZ5#F27.A02FD
4.265,"Krabbepinner, crabsticks, fryst",Fisk og skalldyr,Fisk og skalldyr,531,125,71,1.6,0.2,0,0,0.1,0,0,0.4,0,0.3,0.6,0.2,0,0,0,0,0,0.1,0,0.2,0.3,0.2,44,13.9,10.3,3.5,3.5,3.5,0.3,13.6,2,0,6,6,6,0,0.8,0.7,0.05,0.14,2.2,6.4,0.32,12,2.7,0,16,0.4,809,328,25,0.5,22,0.05,192,137,A02KE
4.398,Krabbeskjell,Fisk og skalldyr,Fisk og skalldyr,360,85,80,1.3,0.1,0,0,0.1,0,0,0.2,0,0.1,0.3,0,0,0,0,0,0,0.1,0,0.1,0.2,0.1,56,0,0,0,0,0,0,18.4,1.2,0,2,2,2,0,0.4,3.1,0.06,0.28,1.3,4.6,0.8,10,15.9,1,51,1.5,489,321,63,6.9,8,1.69,202,15,A02FL#F01.A0ZPK$F02.A0EMF$F27.A02FL
4.121,"Kreps, kokt",Fisk og skalldyr,Fisk og skalldyr,400,95,78,1.4,0.2,0,0,0.1,0.1,0,0.2,0.1,0.2,0.4,0.1,0,0,0,0,0.1,0.1,0,0,0.2,0.2,119,0,0,0,0,0,0,20.5,2.6,0,0,0,0,0,0.5,2.1,0.14,0.15,1.8,5.6,1.5,22,5.6,0,165,0.8,1040,165,43,2,26,1.9,185,130,A02FG#F01.A053Z$F02.A0EMF$F27.A02FG$F28.A07GL
4.374,"Krepsehale, i lake, avrent",Fisk og skalldyr,Fisk og skalldyr,296,70,83,0.4,0.1,0,0,0.1,0,0,0.1,0,0.1,0.1,0,0,0,0,0,0,0,0,0,0.1,0.1,149,0.8,0.8,0,0,0,0,15.6,2.1,0,0,0,0,0,0,1.4,0.01,0.04,0.5,3.4,0,4,2.5,0,32,0.5,829,72,10,1.2,22,0,88,12,A02FG#F01.A053Z$F02.A0EMF$F06.A06YG$F27.A02FG
4.223,"Kveite, filet, melpanert, stekt i fett",Fisk og skalldyr,Fisk og skalldyr,714,171,69,9.7,2.2,0.2,0.3,1,0.4,0,4.6,0.5,3.2,1.9,0.8,0.2,0,0,0,0.1,0.3,0.1,0.4,1,0.9,55,3.1,3.1,0,0,0,0.2,17.7,0.2,0,44,44,42,14,8.6,2.5,0.07,0.05,4.5,8.4,0.46,7,0.7,0,6,0.2,73,397,22,0.5,64,0.04,200,22,A02AZ#F01.A04ZN$F02.A0EMD$F27.A02AZ$F28.A07GS$F28.A07HK
4.324,"Kveite, hellefisk, oppdrett, rå",Fisk og skalldyr,Fisk og skalldyr,429,102,78,2.4,0.5,0,0.1,0.3,0.1,0,0.6,0.1,0.3,0.9,0.1,0,0,0,0,0,0.2,0,0.3,0.7,0.1,81,0,0,0,0,0,0,20,0.1,0,3,3,3,0,2.7,0.9,0.07,0.14,8.2,11.9,0.39,16,1.8,0,6,0.1,45,484,27,0.4,30,0.03,229,6,A02AZ#F21.A07RV
4.014,"Kveite, hellefisk, rå",Fisk og skalldyr,Fisk og skalldyr,515,123,77,6.1,1,0,0.2,0.6,0.1,0,3.1,0.5,1.4,1.2,0.1,0,0,0,0,0.1,0.3,0.1,0.5,1,0.1,50,0,0,0,0,0,0,17,0.2,0,17,17,17,0,9.7,1.8,0.06,0.05,4.7,7.8,0.48,7,0.7,0,4,0.2,63,431,21,0.4,60,0.03,204,21,A02AZ
4.309,"Kveite, hellefisk, skiver, røkt, rå",Fisk og skalldyr,Fisk og skalldyr,877,211,66,14.8,2.1,0,0.4,1.5,0.4,0,9.9,1.3,3.5,1.2,0.1,0.1,0,0,0.1,0.2,0.8,0.2,1.2,2.5,0.3,62,0,0,0,0,0,0,19.4,1,0,33,33,33,0,5,0.9,0.06,0.04,6,9.6,0.5,11,1.4,0,13,0.9,410,280,23,0.5,40,0,300,14,A0EYS#F27.A02AZ
4.325,"Kveite, hellefisk, uspesifisert, rå",Fisk og skalldyr,Fisk og skalldyr,474,113,77,4.3,0.8,0,0.1,0.5,0.1,0,1.9,0.3,0.8,1.1,0.1,0,0,0,0,0.1,0.3,0.1,0.4,0.8,0.1,66,0,0,0,0,0,0,18.5,0.1,0,10,10,10,0,6.2,1.3,0.07,0.1,6.5,9.9,0.44,12,1.3,0,5,0.2,54,458,24,0.4,45,0.03,217,21,A02AZ#F26.A07XD
4.222,"Kveite, skiver, kokt",Fisk og skalldyr,Fisk og skalldyr,625,149,72,7.1,1.2,0,0.2,0.7,0.2,0,3.6,0.6,1.6,1.4,0.1,0,0,0,0,0.1,0.4,0.1,0.6,1.2,0.2,83,0,0,0,0,0,0,21.3,0.2,0,20,20,20,0,11.3,2.1,0.08,0.06,5.5,13,0.56,8,1,0,7,0.2,89,539,30,0.7,90,0.05,289,31,A02AZ#F01.A04ZN$F02.A0EMD$F27.A02AZ$F28.A07GJ
4.255,"Laks, filet, gravet",Fisk og skalldyr,Fisk og skalldyr,748,179,67,9.2,1.3,0,0.2,0.8,0.2,0,4.5,0.2,3.8,3,1.3,0.6,0,0,0.1,0.1,0.3,0.1,0.4,1.5,1.5,70,2.8,0,2.8,2.8,2.8,0,21.2,4.8,0,30,30,30,0,12.5,2.2,0.18,0.08,6,9.9,0.78,26,5,0,26,0.4,1930,295,24,0.4,26,0.04,210,8,A02KF#F28.A07KD
4.342,"Laks, filet, ovnsstekt",Fisk og skalldyr,Fisk og skalldyr,861,207,66,13.8,2,0,0.3,1.2,0.3,0,6.8,0.3,5.7,4.5,1.9,0.8,0,0,0.1,0.1,0.4,0.2,0.6,2.2,2.2,87,0,0,0,0,0,0,20.6,0.1,0,23,23,23,0,6.1,1.2,0.1,0.11,7.1,11.9,0.5,6,5.2,0,8,0.2,43,417,25,0.4,21,0.04,222,5,A028P#F28.A07GY
4.343,"Laks, filet, stekt i panne",Fisk og skalldyr,Fisk og skalldyr,1133,272,56,19.4,3.3,0.1,0.4,1.8,0.6,0,9.4,0.4,8.1,5.8,2.8,1.1,0,0,0.1,0.1,0.4,0.2,0.7,2.7,3.1,88,3.2,3.2,0,0,0,0.2,21.1,0.1,0,35,36,35,6,6.4,1.4,0.12,0.11,7.2,12,0.45,7,5.2,0,9,0.3,57,424,27,0.5,21,0.05,227,5,A028P#F28.A07GS
4.22,"Laks, oppdrett, rå",Fisk og skalldyr,Fisk og skalldyr,927,223,64,15.9,2.3,0,0.3,1.4,0.4,0,7.8,0.4,6.5,5.2,2.2,0.9,0,0,0.1,0.1,0.5,0.2,0.7,2.6,2.5,80,0,0,0,0,0,0,19.9,0.1,0,26,26,26,0,7,1.4,0.12,0.11,7.3,10.9,0.51,7,5.3,0,7,0.3,46,451,26,0.4,19,0.04,227,4,A028P#F21.A07RV
4.225,"Laks, oppdrett, skiver, kokt",Fisk og skalldyr,Fisk og skalldyr,792,190,69,13.2,1.9,0,0.3,1.2,0.3,0,6.5,0.3,5.4,4.3,1.8,0.8,0,0,0.1,0.1,0.4,0.2,0.6,2.1,2.1,95,0,0,0,0,0,0,17.8,0.1,0,22,22,22,0,5.8,1.2,0.11,0.09,6.1,13,0.43,6,5.1,0,8,0.3,47,403,26,0.5,20,0.04,230,4,A028P#F21.A07RV$F28.A07GJ
4.226,"Laks, oppdrett, skiver, stekt i fett",Fisk og skalldyr,Fisk og skalldyr,1070,257,58,17.7,3.1,0.1,0.4,1.6,0.6,0,8.5,0.4,7.4,5.3,2.6,1,0,0,0.1,0.1,0.4,0.2,0.6,2.4,2.9,88,3.2,3.2,0,0,0,0.2,21.1,0.1,0,35,36,35,6,6.4,1.4,0.12,0.11,7.2,12,0.45,7,5.2,0,9,0.3,57,424,27,0.5,21,0.05,227,5,A028P#F21.A07RV$F28.A07GS
4.018,"Laks, røkt",Fisk og skalldyr,Fisk og skalldyr,938,225,62,14.7,2.1,0,0.3,1.3,0.4,0,7.3,0.4,6,4.8,2,0.9,0,0,0.1,0.1,0.4,0.2,0.6,2.4,2.4,63,0,0,0,0,0,0,23.2,3.1,0,9,9,9,0,7.5,3,0.3,0.12,8.3,12.6,0.5,10,4.6,0,16,0.4,1221,425,31,0.4,30,0.05,254,8,A02KF#F28.A07KD
4.224,"Laks, vill, kokt",Fisk og skalldyr,Fisk og skalldyr,654,157,73,9.6,1.5,0,0.3,0.9,0.2,0,3.7,0.3,1.7,1.6,0.4,0.1,0,0,0.1,0,0.5,0.2,0.7,1.8,0.6,60,0,0,0,0,0,0,17.6,0.2,0,0,0,0,0,6.7,1.1,0.18,0.13,5.8,12.6,0.5,11,6.6,0,10,0.4,64,430,30,0.5,54,0,265,21,A028P#F21.A07RY$F28.A07GJ
4.015,"Laks, vill, rå",Fisk og skalldyr,Fisk og skalldyr,760,182,69,11.5,1.8,0,0.3,1.1,0.2,0,4.4,0.4,2,1.9,0.5,0.2,0,0,0.1,0.1,0.6,0.3,0.8,2.1,0.7,50,0,0,0,0,0,0,19.7,0.2,0,0,0,0,0,8,1.3,0.2,0.15,7,10.6,0.6,13,6.9,0,8,0.4,63,482,30,0.4,50,0,262,20,A028P#F21.A07RY
4.33,"Laksepålegg, 70 % laks, i beger, kjøpt",Fisk og skalldyr,Fisk og skalldyr,884,213,67,16.2,2.1,0,0.3,1.3,0.4,0,8.3,0.3,7.2,5.1,2.4,1,0,0,0.1,0.1,0.4,0.2,0.6,2.4,2.7,67,0,0,0,0,0,0,16.7,0.1,0,22,22,22,0,5.8,2,0.1,0.09,6.1,9.1,0.43,6,4.5,0,6,0.2,38,377,22,0.3,16,0.03,190,3,A0FBS#F06.A06XL$F18.A07NS$F19.A07PH
4.375,"Laksepålegg, med vårløk og sitron",Fisk og skalldyr,Fisk og skalldyr,1072,259,64,23,2,0,0.1,1.5,0.5,0,13,0.2,12,6,4.2,1.6,0,0,0.1,0.1,0.2,0.1,0.3,2.6,4.3,51,1,0,1,1,1.1,0.1,12,1.3,0,20,22,18,26,3,6.2,0.13,0.11,3.4,5.8,0.23,18,2.2,2,46,0.4,500,229,17,0.4,15,0.03,157,13,A03XV#F02.A06GJ$F04.A00HH$F04.A028P$F04.A02QK$F04.A036V$F18.A07NN$F19.A07PF$F22.A07SH
4.019,"Lange, rå",Fisk og skalldyr,Fisk og skalldyr,305,72,82,0.2,0,0,0,0,0,0,0,0,0,0.1,0,0,0,0,0,0,0,0,0,0.1,0,46,0,0,0,0,0,0,17.5,0.2,0,2,2,2,0,3.4,0.3,0.05,0.08,2.3,5.5,0.3,7,0.5,0,28,0.2,72,360,24,0.4,30,0,200,66,A02CC
4.051,"Lever, torsk, rå",Fisk og skalldyr,Fisk og skalldyr,2276,553,36,59,9.4,0,2.1,7.1,1.7,0,27.4,2.8,11.2,15,0.9,0.5,0,0,0.4,0.2,4.7,0,6.2,13.7,1.3,245,0,0,0,0,0,0,5.5,0.1,0,4794,4794,4794,0,89.7,5.2,0.11,0.3,2.2,3.2,0.09,107,43,0,5,1.7,48,156,9,1.2,80,0.4,138,355,A02EL
4.113,"Lomre, rå",Fisk og skalldyr,Fisk og skalldyr,283,67,84,0.3,0,0,0,0,0,0,0.1,0,0,0.1,0,0,0,0,0,0,0,0,0,0.1,0,47,0,0,0,0,0,0,16,0.2,0,0,0,0,0,0,0.5,0.15,0.08,4.3,7.2,0.15,13,1,0,26,0.1,99,353,22,0.3,40,0,190,23,A02BF
4.314,"Lutefisk, kokt",Fisk og skalldyr,Fisk og skalldyr,209,49,88,0.2,0,0,0,0,0,0,0,0,0,0.1,0,0,0,0,0,0,0,0,0.1,0,0,30,0,0,0,0,0,0,11.8,0,0,0,0,0,0,0.1,0,0,0.03,1.1,4.4,0,0,1.6,0,32,0.4,6,0,1,0.1,5,0.03,162,28,A02JR#F28.A07GP$F28.A07LQ
4.02,"Lutefisk, utvannet ",Fisk og skalldyr,Fisk og skalldyr,194,46,89,0.2,0,0,0,0,0,0,0,0,0,0.1,0,0,0,0,0,0,0,0,0.1,0,0,21,0,0,0,0,0,0,11,0,0,0,0,0,0,0.1,0,0,0.03,1.1,3.1,0,0,1.4,0,22,0.4,5,0,1,0.1,4,0.03,133,22,A02JS#F02.A0EMT$F27.A02BV$F28.A07KG$F28.A07MS
4.021,"Lyr, rå",Fisk og skalldyr,Fisk og skalldyr,279,66,84,0.2,0,0,0,0,0,0,0,0,0,0.1,0,0,0,0,0,0,0,0,0,0.1,0,40,0,0,0,0,0,0,16,0.2,0,2,2,2,0,2.2,0.7,0.05,0.1,1.9,4.8,0.2,3,1,0,8,0.1,65,385,23,0.3,30,0,220,510,A0FAM
4.396,"Makrell i tomat, 60 % makrell, hermetisk",Fisk og skalldyr,Fisk og skalldyr,933,225,65,17.8,2.9,0,0.8,1.6,0.3,0,7.4,0.4,4,4.9,1,0.5,0,0,0.1,0.1,0.8,0.1,1.4,3,1.1,45,4.2,0,4.2,2.2,2.2,2,11.2,1.1,0,80,138,21,706,4.5,3.8,0.06,0.26,4.9,6.9,0.46,30,4.6,2,21,0.9,450,495,36,0.7,24,0.11,140,6,A0FBV#F02.A0EMS$F06.A06XR$F18.A07NL$F19.A07PH$F27.A02CT$F28.A0BYP
4.097,"Makrell i tomat, 70 % makrell, hermetisk",Fisk og skalldyr,Fisk og skalldyr,1065,257,62,21,3.8,0,1,2.2,0.4,0,8.5,0.6,4.1,6.1,0.9,0.5,0,0,0.2,0.1,1.2,0.2,2,4.1,1,54,3.2,0,3.2,0.7,0.7,1,13.2,0.9,0,73,101,44,347,4,3.3,0.06,0.29,5.8,8.2,0.43,30,6.5,3,19,0.9,340,490,38,0.8,28,0.11,160,9,A0FBV#F06.A06XR$F19.A07PH
4.378,"Makrell i tomat, hermetisk",Fisk og skalldyr,Fisk og skalldyr,1002,242,63,19.4,3.4,0,0.9,1.9,0.4,0,8.1,0.5,4.2,5.6,1,0.5,0,0,0.2,0.1,1,0.2,1.7,3.6,1.1,45,3.9,0,3.9,2.1,2.1,2,11.9,1,0,78,127,30,584,4.9,3.7,0.06,0.27,5.2,7.3,0.48,30,5.4,3,21,0.9,404,503,37,0.7,25,0.11,149,8,A0FBV#F02.A0EMS$F06.A06XR$F19.A07PH$F27.A02CT$F28.A0BYP
4.227,"Makrell, august - desember, kokt",Fisk og skalldyr,Fisk og skalldyr,1004,242,64,20,4,0,1.1,2.4,0.4,0,7.4,0.6,2.4,6.1,0.3,0.2,0,0,0.2,0.1,1.4,0.3,2.3,5.4,0.5,95,0,0,0,0,0,0,15.6,0.1,0,8,8,8,0,4.8,0.4,0.09,0.23,6.9,13.8,0.51,13,7.7,0,17,0.8,45,307,25,0.7,58,0.09,209,24,A02CV#F28.A07GJ
4.023,"Makrell, august - desember, rå",Fisk og skalldyr,Fisk og skalldyr,1184,286,59,24,4.7,0,1.4,2.9,0.5,0,8.9,0.7,2.9,7.3,0.3,0.3,0,0,0.2,0.1,1.7,0.3,2.8,6.5,0.5,80,0,0,0,0,0,0,17.5,0.1,0,9,9,9,0,5.7,0.4,0.1,0.28,8.3,11.6,0.61,15,8.1,0,14,0.8,45,344,25,0.6,54,0.08,206,22,A02CV
4.228,"Makrell, august - desember, stekt i fett",Fisk og skalldyr,Fisk og skalldyr,1286,310,53,24.7,5.3,0.1,1.3,2.9,0.7,0,9.4,0.7,4.3,7.1,1,0.4,0,0,0.2,0.1,1.5,0.3,2.4,5.8,1.1,88,3.2,3.2,0,0,0,0.2,18.5,0.1,0,21,21,20,6,5.3,0.5,0.1,0.28,8.1,12.7,0.53,14,7.8,0,16,0.8,55,325,26,0.7,58,0.09,207,24,A02CV#F28.A07GS
4.229,"Makrell, februar - juni, kokt",Fisk og skalldyr,Fisk og skalldyr,347,82,82,1.6,0.6,0,0.1,0.4,0.1,0,0.9,0.1,0.2,0.8,0.1,0,0,0,0,0,0.2,0,0.4,0.7,0.1,0,0,0,0,0,0,0,17,0.2,0,1,1,1,0,5.8,0.5,0.1,0.3,7.8,15.3,0.67,9,10.5,0,23,0.9,75,402,29,0.7,55,0.09,263,25,A02CV#F28.A07GJ
4.022,"Makrell, februar - juni, rå",Fisk og skalldyr,Fisk og skalldyr,393,93,79,1.9,0.8,0,0.1,0.5,0.1,0,1,0.1,0.3,0.9,0.1,0,0,0,0,0,0.2,0,0.5,0.8,0.1,0,0,0,0,0,0,0,19,0.2,0,1,1,1,0,7,0.6,0.11,0.36,9.4,12.9,0.8,11,11,0,19,0.9,74,450,29,0.6,51,0.08,260,23,A02CV
4.23,"Makrell, februar - juni, stekt i fett",Fisk og skalldyr,Fisk og skalldyr,613,146,71,5.8,1.9,0.1,0.2,0.9,0.3,0,2.7,0.1,2,1.7,0.7,0.2,0,0,0,0,0.2,0,0.5,1,0.8,2,3.2,3.2,0,0,0,0.2,20.1,0.2,0,14,14,13,6,6.4,0.7,0.11,0.35,9.2,14.1,0.7,10,10.7,0,22,0.9,83,423,30,0.7,55,0.09,259,25,A02CV#F28.A07GS
4.311,"Makrell, kaldrøkt",Fisk og skalldyr,Fisk og skalldyr,1005,242,63,18.8,3.8,0,1.3,2,0.3,0,7.3,0.1,1.8,5.4,0.3,0.3,0,0,0.2,0.1,1.2,0.2,2,5,0.4,51,0,0,0,0,0,0,18.2,5.3,0,21,21,21,0,4,0.7,0.1,0.4,4.7,8,0.28,5,8.8,0,27,0.4,2125,104,19,0.4,28,0.06,161,20,A16EM#F28.A16ES
4.024,"Makrell, varmrøkt",Fisk og skalldyr,Fisk og skalldyr,1223,295,56,24.1,4.9,0,1.6,2.7,0.5,0,9.4,0.7,2.6,6.8,0.3,0.4,0,0,0.3,0.1,1.5,0.3,2.7,6.3,0.5,64,0,0,0,0,0,0,19.5,2,0,13,13,13,0,4.5,0.8,0.18,0.47,8.5,12.1,0.28,6,11.9,0,15,0.6,807,266,28,0.6,35,0.09,226,20,A16EM#F28.A16ET
10.224,"Pad Thai, risnudler og reker, kjøpt",Fisk og skalldyr,Fisk og skalldyr,615,147,70,5.5,0.7,0,0,0.5,0.1,0,1.7,0,1.7,1.5,1.3,0.2,0,0,0,0,0,0,0,0.2,1.3,46,18.1,11.8,6.3,0,0,1,5.7,1.1,0,12,23,0,139,0.1,1,0.02,0.05,0.7,1.6,0.03,11,0.2,1,33,0.5,450,97,16,0.5,5,0.08,73,12,A03XJ#F02.A06GJ$F04.A008F$F04.A02GB$F22.A07SK
4.344,"Pangasius, rå",Fisk og skalldyr,Fisk og skalldyr,265,63,86,1.1,0.3,0,0,0.2,0.1,0,0.3,0,0.3,0.1,0.1,0,0,0,0,0,0,0,0,0,0.1,34,0,0,0,0,0,0,13.1,0.8,0,0,0,0,0,0,0.2,0.02,0.03,2,4.4,0.12,8,0.4,0,9,0.1,318,235,20,0.3,13,0.01,208,2,A0F8N
4.111,"Pigghå, håbrann, rå",Fisk og skalldyr,Fisk og skalldyr,541,129,76,6.4,1.2,0,0.1,0.8,0.1,0,2.2,0.2,1,2.1,0.1,0,0,0,0.1,0.1,0.4,0.1,0.9,1.6,0.2,76,0,0,0,0,0,0,17.9,0.3,0,0,0,0,0,9.1,2,0.17,0.14,5.2,8.5,0.5,3,2,0,6,0.3,100,289,18,0.3,20,0,220,42,A02DP
4.112,"Piggvar, rå",Fisk og skalldyr,Fisk og skalldyr,359,85,82,2.4,0.5,0,0.1,0.3,0.1,0,0.7,0.2,0.3,0.9,0,0,0,0,0,0,0.3,0.1,0.2,0.7,0.1,54,0,0,0,0,0,0,15.9,0.2,0,4,4,4,0,1.7,0.6,0.04,0.08,6.1,9,0.3,16,0.8,0,16,0.2,73,290,19,0.6,30,0,160,35,A02BG
4.379,Plukkfisk,Fisk og skalldyr,Fisk og skalldyr,405,97,82,5.2,3.1,0.1,0.5,1.4,0.5,0.1,1.2,0.1,1,0.2,0.1,0,0,0,0,0,0,0,0.1,0.1,0.1,36,5.8,3.4,2.4,0,0,1,6.1,0.7,0,62,81,41,245,0.7,0.5,0.04,0.07,0.7,3.2,0.08,10,0.5,2,48,0.3,299,248,18,0.4,9,0.05,118,83,A03XQ#F02.A06GJ$F04.A00ZT$F04.A02BX$F04.A07XJ$F28.A07GY
4.098,"Reker, i lake, avrent",Fisk og skalldyr,Fisk og skalldyr,303,72,84,1.4,0.2,0,0,0.1,0,0,0.2,0,0.1,0.3,0,0,0,0,0,0,0.2,0,0.1,0.3,0,131,0,0,0,0,0,0,14.8,2.7,0,0,0,0,0,0.5,3.1,0.01,0.02,0.4,3.1,0.45,7,1.5,0,33,0.1,1086,91,19,0.7,22,0.11,117,16,A02GB#F06.A06XT
4.207,"Reker, innbakt, forfritert, fryst",Fisk og skalldyr,Fisk og skalldyr,945,225,56,10,4.1,0,0,1.4,0.7,0,4.2,0.1,6.6,1.4,0.8,0.1,0,0,0,0,0,0,0,0.1,0.8,110,18.6,18.5,0.1,0,0.2,0.9,14.8,0.8,0,1,1,1,0,1.8,1.1,0.11,0.05,1.5,4.2,0.06,3,2,0,36,0.5,300,167,33,0.8,80,0.16,75,35,A02FX#F28.A07GR$F28.A07HL$F28.A07KQ$F28.A07MA
4.277,"Reker, innbakt, forfritert, stekt i fett",Fisk og skalldyr,Fisk og skalldyr,1127,270,52,16.4,4.4,0,0,1.9,0.8,0,7.7,0.1,9.8,3.7,2.8,0.4,0,0,0,0,0,0,0,0.4,2.8,102,17.2,17.1,0.1,0,0.2,0.8,13,0.6,0,1,1,1,0,1.5,1.4,0.08,0.04,1.2,3.9,0.04,2,1.7,0,33,0.4,236,131,27,0.7,74,0.14,62,32,A02FX#F28.A07GR$F28.A07HL
4.057,"Reker, kokt",Fisk og skalldyr,Fisk og skalldyr,350,83,82,1.8,0.2,0,0,0.1,0,0,0.3,0.1,0.2,0.4,0,0,0,0,0,0,0.2,0,0.1,0.4,0,157,0,0,0,0,0,0,16.6,1.1,0,0,0,0,0,0.4,4,0,0.03,0.7,4.6,0.96,12,2,0,80,0.2,447,166,45,1.2,31,0.2,170,34,A02GB#F01.A054K$F02.A0EMF$F27.A02GB$F28.A07GL
4.387,"Reker, rå",Fisk og skalldyr,Fisk og skalldyr,431,102,77,2,0.2,0,0,0.2,0,0,0.3,0.1,0.2,0.5,0,0,0,0,0,0,0.2,0,0.2,0.4,0,149,0,0,0,0,0,0,21,1.3,0,0,0,0,0,0.5,4.2,0,0.04,1,4.8,1.3,16,2.4,0,76,0.2,500,210,50,1.1,33,0.21,190,36,A02GB#F01.A054K$F02.A0EMF$F27.A02GB
4.318,"Rogn, torsk, hermetisk, stekt i fett",Fisk og skalldyr,Fisk og skalldyr,918,220,62,13.3,3.8,0.4,0.4,1.5,0.8,0.1,5.5,0.1,5.4,2.8,1.9,0.5,0,0,0,0,0.2,0,0.3,1,1.9,326,0,0,0,0,0,0,25.1,0.3,0,105,106,103,18,16.2,6.1,0.61,0.23,0.4,5.3,0.25,9,8.7,0,12,0.8,134,141,8,3.4,20,0.22,280,190,A0BZ5#F02.A0EMZ$F27.A02EM$F28.A07GR$F28.A0BYP
4.312,"Rogn, torsk, kokt",Fisk og skalldyr,Fisk og skalldyr,422,100,78,2.5,0.5,0,0,0.4,0.1,0,0.4,0.1,0.3,1.1,0,0,0,0,0,0.1,0.3,0,0.6,1,0.1,359,0,0,0,0,0,0,19.3,0.2,0,26,26,26,0,4.8,10.3,0.64,0.51,0.9,6.1,0.2,17,17.3,17,9,0.8,95,227,12,5,105,0.12,381,195,A02EM#F28.A07GG
4.1,"Rogn, torsk, presset, hermetisk",Fisk og skalldyr,Fisk og skalldyr,531,126,71,1.9,0.4,0,0,0.3,0,0,0.4,0.1,0.3,0.6,0,0,0,0,0,0,0.2,0,0.3,0.6,0,330,0,0,0,0,0,0,27.1,0.3,0,79,79,79,0,18,6.2,0.78,0.26,0.5,5.5,0.32,12,10,0,11,1,110,170,9,3.5,20,0.24,320,195,A0BZ5#F27.A02EM
4.052,"Rogn, torsk, rå",Fisk og skalldyr,Fisk og skalldyr,491,116,74,2.6,0.5,0,0,0.4,0.1,0,0.5,0.1,0.3,1.1,0,0,0,0,0,0.1,0.3,0,0.7,1,0.1,323,0,0,0,0,0,0,23.2,0.3,0,28,28,28,0,5.2,10.3,0.77,0.66,1.2,5.5,0.26,22,19.5,19,8,0.9,101,272,13,4.5,105,0.12,403,195,A02EP
4.101,Rognleverpostei,Fisk og skalldyr,Fisk og skalldyr,1685,408,45,38.6,6,0,1.2,3.7,0.9,0,15.7,1.9,7.6,12.5,3.6,0.7,0,0,0.2,0,2.5,0.3,4.1,8.8,3.7,228,2.1,1.1,1,1,1,2,12.4,1.8,0,2400,2400,2400,0,39.1,9.3,0.15,0.25,1.5,3.8,0.07,66,9.6,1,4,0.7,711,190,10,1.9,60,0.21,233,245,A0BZ5#F27.A02EL$F27.A02EP
4.068,"Rødspette, filet, kavringpanert, rå",Fisk og skalldyr,Fisk og skalldyr,622,148,67,4.2,0.9,0,0.1,0.6,0.2,0,1.4,0.1,1.1,1.1,0.5,0.1,0,0,0,0.1,0.1,0,0.3,0.5,0.6,86,10.9,10.3,0.6,0.4,0.4,2,15.6,0.6,0,35,35,35,2,4.6,1.7,0.17,0.15,2.9,5.8,0.2,30,1,0,23,0.9,223,355,32,1,24,0.07,203,17,A02BE#F28.A07HK
4.233,"Rødspette, filet, kavringpanert, stekt i fett",Fisk og skalldyr,Fisk og skalldyr,969,232,58,13.4,3.6,0.4,0.3,1.5,0.8,0,5.4,0.1,5.1,2.9,2,0.4,0,0,0,0.1,0.1,0,0.3,0.9,2,93,11.4,10.7,0.7,0.4,0.4,2,15.4,0.6,0,62,63,61,16,5,2.1,0.14,0.14,2.7,6.1,0.17,25,0.9,0,24,0.8,231,315,30,1,25,0.07,191,19,A02BE#F01.A04ZT$F02.A0EMD$F27.A02BE$F28.A07GR$F28.A07HL
4.231,"Rødspette, filet, kokt",Fisk og skalldyr,Fisk og skalldyr,358,85,82,2.8,0.5,0,0,0.4,0.1,0,0.9,0.1,0.4,0.8,0,0,0,0,0,0.1,0.2,0.1,0.4,0.7,0.1,81,0,0,0,0,0,0,15,0.2,0,13,13,13,0,6.4,1.4,0.08,0.08,2.6,7.4,0.18,8,1.1,0,13,0.2,96,337,20,0.5,32,0.02,186,15,A02BE#F28.A07GJ
4.232,"Rødspette, filet, melpanert, stekt i fett",Fisk og skalldyr,Fisk og skalldyr,591,141,73,6.5,1.6,0.1,0.2,0.8,0.3,0,2.5,0.1,2.1,1.6,0.7,0.2,0,0,0,0.1,0.2,0.1,0.4,0.8,0.8,74,3.1,3.1,0,0,0,0.2,17.5,0.2,0,24,24,23,6,6,1.4,0.09,0.1,3,6.7,0.18,9,1.1,0,13,0.2,100,348,21,0.5,32,0.03,181,15,A02BE#F01.A04ZT$F02.A0EMD$F27.A02BE$F28.A07GR$F28.A07HL
4.2,"Rødspette, fylt, forfritert, fryst",Fisk og skalldyr,Fisk og skalldyr,999,239,56,13.1,2.8,0.1,0.3,1.4,0.5,0.1,6.4,0.1,6,3,2,0.7,0,0,0,0,0.1,0,0.1,0.9,2,29,18.8,17.8,1,0.5,0.5,1,10.7,1.1,0,40,49,31,110,2,3.2,0.1,0.08,1.4,3.4,0.11,16,0.6,1,67,0.5,423,196,20,0.7,11,0.05,138,8,A02BE#F01.A04ZT$F02.A0EMD$F27.A02BE$F28.A07GR$F28.A07HL$F28.A07KQ$F28.A07MA
4.279,"Rødspette, panert, forfritert, fylt, stekt i fett",Fisk og skalldyr,Fisk og skalldyr,1298,312,47,20.6,5,0.4,0.6,2.3,1,0.1,9.8,0.2,9.3,4.5,3.3,1,0,0,0,0,0.1,0,0.1,1.2,3.2,34,20,18.9,1.1,0.5,0.5,1,10.9,1,0,61,69,51,113,2.5,3.5,0.09,0.08,1.3,3.6,0.09,14,0.5,1,72,0.4,409,178,19,0.8,12,0.05,132,9,A02BE#F01.A04ZT$F02.A0EMD$F27.A02BE$F28.A07GR$F28.A07HL$F28.A07MA
4.278,"Rødspette, panert, forfritert, fylt, stekt uten fett",Fisk og skalldyr,Fisk og skalldyr,1092,261,51,13.9,2.9,0.1,0.3,1.5,0.5,0.1,6.8,0.1,6.3,3.2,2.1,0.8,0,0,0,0,0.1,0,0.1,1,2.1,34,21.6,20.5,1.2,0.6,0.6,1,11.7,1,0,40,49,31,110,2,3.4,0.09,0.08,1.3,3.9,0.11,15,0.6,1,77,0.4,413,192,21,0.8,13,0.06,143,9,A02BE#F01.A04ZT$F02.A0EMD$F27.A02BE$F28.A07GR$F28.A07GY$F28.A07HL
4.005,"Rødspette, rå",Fisk og skalldyr,Fisk og skalldyr,382,91,81,2.6,0.5,0,0,0.3,0.1,0,0.8,0.1,0.4,0.8,0,0,0,0,0,0.1,0.2,0.1,0.4,0.7,0.1,68,0,0,0,0,0,0,16.8,0.2,0,12,12,12,0,6,1.2,0.09,0.1,3.1,6.2,0.21,10,1.2,0,11,0.2,95,377,20,0.5,30,0.02,184,14,A02BE
4.235,"Røye, melpanert, stekt i fett",Fisk og skalldyr,Fisk og skalldyr,701,168,70,9.8,2.1,0.1,0.3,1,0.3,0,4.4,0.4,2.8,1.8,0.9,0.2,0,0,0.1,0,0.3,0.1,0.6,1.4,1,66,3.1,3,0,0,0,0.2,16.8,0.1,0,38,38,37,6,6.2,1.3,0.09,0.02,5.9,9.7,0.51,23,9.5,0,18,0.2,57,387,25,0.5,32,0.08,260,21,A029G#F28.A07GS$F28.A07HK
4.117,"Røye, rå",Fisk og skalldyr,Fisk og skalldyr,536,128,77,7.1,1.2,0,0.2,0.7,0.1,0,3.2,0.4,1.4,1.2,0.3,0.1,0,0,0.1,0,0.4,0.1,0.7,1.5,0.4,61,0,0,0,0,0,0,16.1,0.1,0,30,30,30,0,6.9,1.3,0.09,0.02,6.1,9.1,0.6,26,10,0,16,0.2,48,420,25,0.4,30,0.07,267,20,A029G
4.234,"Røye, stekt uten fett",Fisk og skalldyr,Fisk og skalldyr,553,132,75,6.7,1.2,0,0.2,0.7,0.1,0,3,0.4,1.3,1.1,0.3,0.1,0,0,0.1,0,0.4,0.1,0.6,1.4,0.4,72,0,0,0,0,0,0,18,0.1,0,28,28,28,0,6.5,1.2,0.09,0.02,6.5,10.6,0.64,24,10.6,0,19,0.2,48,420,26,0.5,35,0.08,283,24,A029G#F28.A0EJY
4.332,"Sashimi, kveite",Fisk og skalldyr,Fisk og skalldyr,474,113,77,4.3,0.8,0,0.1,0.5,0.1,0,1.9,0.4,1,1.1,0,0,0,0,0,0.1,0.2,0.1,0.3,0.7,0.1,66,0,0,0,0,0,0,18.5,0.1,0,10,10,10,0,6.2,1.3,0.07,0.1,6.5,9.9,0.44,12,1.3,0,5,0.2,54,458,24,0.4,45,0.03,217,14,A02AZ#F24.A07VT$F28.A07KV
4.331,"Sashimi, laks",Fisk og skalldyr,Fisk og skalldyr,927,223,64,15.9,2.3,0,0.3,1.4,0.4,0,7.8,0.4,6.5,5.2,2.2,0.9,0,0,0.1,0.1,0.5,0.2,0.7,2.6,2.5,80,0,0,0,0,0,0,19.9,0.1,0,26,26,26,0,7,1.4,0.12,0.11,7.3,10.9,0.51,7,5.3,0,7,0.3,46,451,26,0.4,19,0.04,227,4,A0C75#F24.A07VT$F28.A07KV
4.333,"Sashimi, tunfisk",Fisk og skalldyr,Fisk og skalldyr,445,105,75,1,0.3,0,0,0.2,0.1,0,0.2,0,0.1,0.4,0,0,0,0,0,0,0,0,0.2,0.3,0.1,41,0,0,0,0,0,0,24,0.1,0,372,372,372,0,1.6,1.2,0.16,0.16,9.1,13.5,1,15,4.8,0,11,2.3,40,475,39,0.6,200,0.1,266,17,A02DX#F24.A07VT$F28.A07KV
4.069,"Sei, filet, kavringpanert, rå",Fisk og skalldyr,Fisk og skalldyr,606,144,67,3.3,0.7,0,0,0.4,0.2,0,1,0.1,0.9,0.9,0.5,0.1,0,0,0,0,0.1,0,0.2,0.3,0.6,73,10.9,10.3,0.6,0.4,0.4,2,16.6,0.5,0,31,31,31,2,1,1.3,0.14,0.22,3.1,6.3,0.41,35,2.8,0,25,1,212,404,37,1,22,0.09,239,127,A02CF#F28.A07HK
4.241,"Sei, filet, kavringpanert, stekt i fett",Fisk og skalldyr,Fisk og skalldyr,812,194,64,10.8,2.9,0.4,0.3,1.1,0.7,0,4.4,0.1,4.3,2.4,1.7,0.4,0,0,0,0,0.1,0,0.2,0.6,1.7,42,8.3,7.9,0.5,0.3,0.3,2,15.3,0.5,0,38,39,37,16,1.5,1,0.09,0.16,2.9,6.1,0.34,18,2.7,0,19,0.6,183,351,31,0.7,21,0.07,201,133,A02CF#F28.A07GS$F28.A07HL
4.32,"Sei, filet, melpanert, stekt i fett",Fisk og skalldyr,Fisk og skalldyr,678,162,68,6.4,1.5,0.2,0.2,0.6,0.3,0,2.3,0.1,2.2,1.6,0.8,0.2,0,0,0,0,0.1,0.1,0.3,0.6,0.9,65,3.1,3,0,0,0,0.2,22.9,0.3,0,23,24,23,7,1.5,1,0.06,0.23,4,8.9,0.52,19,4.4,0,21,0.5,104,498,33,0.6,35,0.07,278,219,A02CF#F28.A07GS$F28.A07HL
4.236,"Sei, kokt",Fisk og skalldyr,Fisk og skalldyr,461,109,75,2,0.2,0,0,0.1,0.1,0,0.2,0,0.1,0.7,0,0,0,0,0,0,0.1,0.1,0.4,0.5,0.1,82,0,0,0,0,0,0,22.8,0.3,0,11,11,11,0,1.4,1,0.06,0.23,4,11.3,0.58,21,5.1,0,25,0.5,113,559,38,0.8,41,0.08,333,255,A02CF#F28.A07GJ
4.351,"Sei, panert, fryst, kjøpt",Fisk og skalldyr,Fisk og skalldyr,765,182,63,7.6,0.7,0,0,0.4,0.1,0,4.9,0,4.7,2,1.3,0.4,0,0,0,0,0.1,0,0.2,0.7,1.3,40,13.5,11.8,1.7,1.1,1.1,1,14.6,0.6,0,1,1,1,0,0,1.5,0.09,0.11,1.8,4.4,0.14,12,2.1,0,16,0.5,225,305,27,0.5,19,0.06,185,79,A02CF#F22.A07SH$F26.A07XD$F28.A07HL$F28.A07KQ
4.029,"Sei, rå",Fisk og skalldyr,Fisk og skalldyr,359,85,80,1.3,0.1,0,0,0.1,0,0,0.2,0,0.1,0.5,0,0,0,0,0,0,0.1,0,0.2,0.3,0.1,49,0,0,0,0,0,0,18.3,0.2,0,7,7,7,0,1,0.6,0.05,0.2,3.4,6.8,0.5,18,3.8,0,15,0.4,80,447,27,0.5,27,0.05,235,170,A02CF
4.071,"Seibiff, melpanert, med forstekt løk, fryst, kjøpt",Fisk og skalldyr,Fisk og skalldyr,612,145,68,4.1,1.7,0.5,0.2,0.6,0.4,0,1.2,0,1.1,0.7,0.4,0.1,0,0,0,0,0.1,0,0.2,0.3,0.4,32,12.7,11.6,1.2,0.5,0.5,1,13.6,0.6,0,5,6,5,10,0.6,1.3,0.07,0.15,2.4,4.9,0.36,17,2.5,0,17,0.5,228,342,27,0.5,18,0.07,180,112,A02CF#F01.A050V$F02.A0EMD$F27.A02CF$F28.A07HL
4.28,"Seibiff, melpanert, med forstekt løk, kjøpt, stekt i fett",Fisk og skalldyr,Fisk og skalldyr,940,224,55,9.1,3.3,0.8,0.4,1.2,0.7,0,3.3,0,3.1,1.7,1.1,0.2,0,0,0,0,0.1,0,0.2,0.5,1.1,45,17.1,15.5,1.6,0.7,0.7,2,17.4,0.7,0,19,20,17,18,1.1,1.8,0.07,0.18,3,6.6,0.39,18,3,0,23,0.6,274,390,32,0.6,24,0.08,218,151,A03XJ#F02.A06GJ$F04.A00HC$F04.A02CF$F28.A07GS
4.286,"Seilaks, i olje, avrent",Fisk og skalldyr,Fisk og skalldyr,720,173,72,12.2,1.7,0,0,1.2,0.4,0,2.7,0,2.7,6.9,5.7,0.6,0,0,0,0,0.1,0,0.2,0.9,5.7,42,0,0,0,0,0,0,15.7,2.9,0,6,6,6,0,0.8,1.2,0.04,0.17,2.9,5.8,0.43,15,3.3,0,13,0.3,1169,387,25,0.4,23,0.05,202,146,A0EYR#F06.A06XJ$F27.A02CF
4.03,"Sik, rå",Fisk og skalldyr,Fisk og skalldyr,379,89,79,0.6,0.1,0,0,0.1,0,0,0.1,0,0.1,0.2,0,0,0,0,0,0,0,0,0.1,0.2,0,47,0,0,0,0,0,0,20.9,0.1,0,0,0,0,0,8,0.4,0.1,0.06,6.2,10,0.51,11,3.2,0,12,0.2,42,482,29,0.4,25,0.03,248,11,A029Q
4.383,"Sild, kokt",Fisk og skalldyr,Fisk og skalldyr,637,153,74,10.1,2.1,0,0.7,1.2,0.1,0,5.5,0.4,0.9,2.2,0.1,0.1,0,0,0,0,0.6,0.1,0.8,1.9,0.2,81,0,0,0,0,0,0,15.6,0.2,0,1,1,1,0,13.3,0.5,0.04,0.25,3.3,8.6,0.42,9,0.1,0,60,0.9,89,330,32,0.7,38,0.1,263,12,A02DF#F01.A052B$F02.A0EMD$F27.A02DF$F28.A07GJ
4.033,"Sild, kryddersild",Fisk og skalldyr,Fisk og skalldyr,784,187,65,9,2,0,0.6,0.9,0.1,0,5,0.4,0.9,1,0.1,0.1,0,0,0,0,0.4,0.1,0.5,1.3,0.2,50,16.4,0,16.4,0,0,0,10.1,2.8,0,6,6,6,0,12.7,0.6,0.04,0.3,4,5.9,0.5,9,5.3,0,38,1,1100,463,38,0.5,50,0.07,290,16,A0F0P#F27.A02DE
4.287,"Sild, marinert, i majones/rømme",Fisk og skalldyr,Fisk og skalldyr,1259,303,52,21.9,3.8,0.1,0.8,2.1,0.6,0.1,11.5,0.3,8.3,4.7,2.6,1,0,0,0,0,0.4,0,0.4,1.9,2.5,23,20.8,0,20.8,20.2,20.2,0,5.6,2.5,0,45,46,44,16,7.9,4,0.01,0.08,0.6,1.6,0.04,3,3.5,0,27,0.3,1005,57,7,0.1,9,0.05,46,13,A0F0P#F02.A0EMY$F27.A02DE$F28.A0C0P
4.288,"Sild, marinert, sennepssild",Fisk og skalldyr,Fisk og skalldyr,1042,249,55,13.6,1.9,0,0.5,1.1,0.2,0,7.1,0.3,3.8,3.3,1.7,0.4,0,0,0,0,0.4,0,0.4,1.4,1.6,10,25.6,0.9,24.7,24.6,24.6,0,6.1,2.8,0,3,3,3,0,7.7,2,0.02,0.1,0.5,1.6,0.03,1,3.3,0,31,0.6,1111,71,30,0.2,10,0.07,67,10,A0F0P#F02.A0EMY$F27.A02DE$F28.A0C0P
4.384,"Sild, melpanert, stekt i fett",Fisk og skalldyr,Fisk og skalldyr,900,216,64,14.3,3.3,0.1,0.9,1.6,0.3,0,7.4,0.5,2.6,3,0.8,0.2,0,0,0,0,0.6,0.1,0.8,2.1,0.8,76,3.1,3.1,0,0,0,0.2,18.5,0.2,0,13,14,13,6,14.2,0.7,0.05,0.3,4,8,0.44,10,0.1,0,56,1,95,350,33,0.7,38,0.1,260,12,A02DF#F28.A07GS$F28.A07HK
4.382,"Sild, rå",Fisk og skalldyr,Fisk og skalldyr,744,179,71,12.1,2.5,0,0.9,1.4,0.1,0,6.5,0.5,1.1,2.6,0.1,0.1,0,0,0.1,0,0.7,0.1,0.9,2.3,0.2,68,0,0,0,0,0,0,17.4,0.2,0,1,1,1,0,16,0.6,0.04,0.3,4,7.2,0.5,11,0.1,0,50,1,88,370,32,0.6,35,0.09,260,11,A02DF#F01.A052B$F02.A0EMD$F27.A02DF
4.123,"Sild, røkt, bøkling",Fisk og skalldyr,Fisk og skalldyr,834,200,66,12.8,3.8,0,0.7,1.2,0.1,0,3.9,0.4,0.9,3.9,0.1,0.1,0,0,0.1,0,0.6,0.1,0.9,2.2,0.2,93,0,0,0,0,0,0,21.2,2.1,0,55,55,55,0,9.6,0.3,0,0.27,4.3,8.2,0.27,19,13,0,38,1.2,845,375,29,1,19,0,181,16,A0EYT#F27.A02DE$F28.A16ET
4.29,"Sild, sursild, innlagt, avrent",Fisk og skalldyr,Fisk og skalldyr,575,137,74,7,1,0,0.5,0.8,0.1,0,3,0.3,0.6,2,0.1,0.1,0,0,0,0,0.4,0,0.6,1.4,0.2,41,11,0,11,10,10,0,7.6,3,0,4,4,4,1,7.1,0.4,0.03,0.18,2.4,3.8,0.31,7,5.3,1,27,0.7,1200,327,25,0.4,30,0.02,182,10,A0F0P#F02.A0EMY$F06.A06YE$F27.A02DF$F28.A0C0P
4.301,"Sildesalat, med potet",Fisk og skalldyr,Fisk og skalldyr,350,83,81,2,0.4,0,0.1,0.2,0,0,1,0.1,0.2,0.3,0.1,0,0,0,0,0,0.1,0,0.1,0.3,0.1,10,12.7,3.4,9.3,3.6,3.6,1,2.9,0.8,0,2,3,1,15,2.6,0.2,0.03,0.08,1.3,1.8,0.15,15,1.1,5,17,0.5,327,281,19,0.3,10,0.06,81,4,A03XN#F04.A02DE$F04.A02NB$F04.A07XJ
4.118,"Sjøtunge, rå",Fisk og skalldyr,Fisk og skalldyr,270,64,85,0.5,0.1,0,0,0.1,0,0,0.2,0.1,0.1,0.2,0,0,0,0,0,0,0.1,0,0.1,0.2,0,50,0,0,0,0,0,0,14.8,0.2,0,0,0,0,0,8,0.6,0.07,0.08,3.5,6.2,0.31,10,0.8,0,29,0.1,98,363,25,0.5,30,0.05,200,25,A02BF
10.206,Skalldyrsuppe,Fisk og skalldyr,Fisk og skalldyr,559,135,81,11.5,6.8,0.3,1.1,3.1,1.1,0.3,3,0.2,2.6,0.5,0.3,0.1,0,0,0,0,0,0,0,0.1,0.2,42,2.8,0.2,2.6,0,0,1,3.8,0.9,0.5,131,165,95,425,0.2,0.7,0.02,0.1,0.2,1.2,0.05,7,0.7,1,66,0.3,351,118,13,0.7,9,0.03,78,17,A0CDN#F02.A06GY$F04.A02FD$F04.A02HF$F04.A02ML$F04.A07XJ$F10.A07VP
4.119,"Skate, rå",Fisk og skalldyr,Fisk og skalldyr,245,58,86,0.2,0.1,0,0,0,0,0,0,0,0,0.1,0,0,0,0,0,0,0,0,0,0,0,50,0,0,0,0,0,0,14,0.3,0,0,0,0,0,0,0.7,0.12,0.2,2,4.6,0.37,11,6,0,83,0.2,118,232,18,0.3,40,0,150,20,A02DQ
4.258,"Snegler, hermetisk",Fisk og skalldyr,Fisk og skalldyr,326,77,83,1.4,0.2,0,0,0.1,0,0,0.3,0.1,0.1,0.4,0,0,0,0,0,0,0.2,0,0.1,0.3,0.1,50,0,0,0,0,0,0,16.1,0.2,0,90,90,90,0,1.1,0.8,0.13,0.18,1.9,4.9,0.05,20,5,0,170,3.5,73,121,250,2,50,1.7,200,0,A0BZ5#F27.A02LK
4.391,"Snøkrabbe, kokt",Fisk og skalldyr,Fisk og skalldyr,241,57,87,0.9,0.1,0,0,0.1,0,0,0.1,0,0.1,0.4,0,0,0,0,0,0,0.2,0,0.1,0.3,0,35,0,0,0,0,0,0,12.2,1.1,0,0,0,0,0,0.4,1.7,0,0.06,0,2.8,0.11,4,1.9,0,57,0.4,440,254,60,2.4,73,0,164,83,A0FCQ#F01.A100N$F02.A0EMF$F27.A0FCQ$F28.A07GL
4.392,"Snøkrabbe, ovnsstekt",Fisk og skalldyr,Fisk og skalldyr,381,90,79,1.2,0.1,0,0,0.1,0,0,0.1,0,0.1,0.5,0,0,0,0,0,0,0.3,0,0.1,0.4,0.1,45,0,0,0,0,0,0,19.8,1.4,0,0,0,0,0,0.6,2.2,0,0.09,0,3.6,0.18,7,2.8,0,73,0.5,564,369,81,3.1,104,0,222,117,A0FCQ#F01.A100N$F02.A0EMF$F27.A0FCQ$F28.A07GY
4.39,"Snøkrabbe, rå",Fisk og skalldyr,Fisk og skalldyr,302,71,83,1,0.1,0,0,0.1,0,0,0.1,0,0.1,0.4,0,0,0,0,0,0,0.2,0,0.1,0.3,0.1,34,0,0,0,0,0,0,15.6,1.2,0,0,0,0,0,0.5,1.8,0,0.08,0,2.9,0.15,6,2.3,0,55,0.4,497,325,67,2.3,78,0,185,88,A0FCQ#F01.A100N$F02.A0EMF$F27.A0FCQ
4.397,"Sommerrull, med reker, nudler og grønnsaker",Fisk og skalldyr,Fisk og skalldyr,304,72,83,1,0.2,0,0,0.1,0,0,0.4,0,0.4,0.2,0.1,0,0,0,0,0,0,0,0,0.1,0.1,30,10.4,6.9,3.5,0.1,0.1,1,4.6,0.7,0,46,92,0,556,0.1,1,0.03,0.03,0.4,1.2,0.18,23,0.3,12,28,0.4,285,195,17,0.4,6,0.09,58,5,A040F#F02.A06GR$F04.A02GB$F04.A04LF$F04.A07XJ
4.31,"Spekesild, utvannet",Fisk og skalldyr,Fisk og skalldyr,873,210,68,16,3.6,0,1.1,1.9,0.1,0,6.7,0,1,4.1,0.3,0.2,0,0,0.1,0.1,1.1,0.1,1.4,3.6,0.4,80,0,0,0,0,0,0,16.5,2.4,0,10,10,10,0,5,1,0.03,0.17,2.5,5.5,0.12,5,5.2,0,18,0.9,960,52,12,0.7,22,0.14,54,16,A02KG#F28.A07MS
4.247,"Steinbit, filet, melpanert, stekt i fett",Fisk og skalldyr,Fisk og skalldyr,631,151,71,6.7,1.7,0.1,0.2,1.1,0.5,0,2.7,0.1,2.6,1.6,0.9,0.2,0,0,0,0.1,0,0,0,0.2,1,62,2.7,2.7,0,0,0,0.2,19.7,0.2,0,40,40,39,6,2.1,1.4,0.07,0.08,2.2,6.2,0.27,9,2,0,15,0.2,91,343,21,1,54,0.06,213,98,A02BL#F28.A07GS$F28.A07HK
4.246,"Steinbit, kokt",Fisk og skalldyr,Fisk og skalldyr,534,127,73,3.8,0.7,0,0.1,0.9,0.3,0,1.3,0,1.2,1.1,0.3,0,0,0,0,0.1,0,0,0,0.1,0.5,92,0,0,0,0,0,0,23.3,0.3,0,41,41,41,0,2.7,1.8,0.09,0.09,2.6,9.4,0.35,12,2.7,0,22,0.3,116,454,28,1.5,75,0.08,300,135,A02BL#F28.A07GJ
4.037,"Steinbit, rå",Fisk og skalldyr,Fisk og skalldyr,409,97,79,2.5,0.5,0,0.1,0.6,0.2,0,0.9,0,0.8,0.8,0.2,0,0,0,0,0.1,0,0,0,0.1,0.3,55,0,0,0,0,0,0,18.6,0.2,0,27,27,27,0,1.8,1.1,0.07,0.08,2.2,5.6,0.3,10,2,0,13,0.2,82,363,20,0.9,50,0.05,212,90,A0FBD
4.367,"Strandsnegle, norsk",Fisk og skalldyr,Fisk og skalldyr,367,87,80,1.4,0.2,0,0.1,0.1,0.1,0,0.3,0,0.2,0.5,0.1,0,0,0,0,0.1,0.1,0,0,0.2,0.3,0,3.3,3.3,0,0,0,0,15.2,1.1,0,30,30,30,0,0,5,0.01,0.12,1.4,4.2,0.13,6,0.5,0,10,3.5,420,382,250,1,27,0.4,272,0,A0CTY
4.366,Surimi,Fisk og skalldyr,Fisk og skalldyr,358,84,80,0.5,0.1,0,0,0.1,0,0,0.2,0,0.1,0.2,0.1,0,0,0,0,0,0,0,0.1,0.1,0.1,0,9.5,7.6,1.9,1.9,1.9,0,10.4,2.1,0,0,0,0,0,2,0.4,0.02,0.06,0,1.9,0.01,4,0.1,0,8,0.1,820,290,21,0.3,0,0.02,590,0,A02KE#F22.A07SH$F28.A07KQ
4.368,"Sushi, maki, California",Fisk og skalldyr,Fisk og skalldyr,473,112,74,2,0.3,0,0,0.3,0,0,1.1,0.1,1.1,0.4,0.2,0,0,0,0,0,0,0,0,0.1,0.3,7,19.1,18.2,0.9,0.6,0.6,0.5,4.2,0.5,0,2,3,1,15,0.1,0.3,0.03,0.04,0.7,1.7,0.16,7,0.4,3,22,0.2,192,282,10,0.5,4,0.09,57,156,A041G#F04.A00VA$F04.A02FD$F04.A07XJ
4.338,"Sushi, maki, kveite",Fisk og skalldyr,Fisk og skalldyr,464,110,75,2.4,0.4,0,0,0.3,0,0,1.4,0.1,1.2,0.4,0.2,0,0,0,0,0,0.1,0,0.1,0.2,0.2,10,16.9,16.6,0.3,0,0,0.4,5,0.2,0,3,4,2,15,1,0.4,0.03,0.04,1.4,2.3,0.18,7,0.2,3,20,0.2,72,303,10,0.5,7,0.09,61,131,A03XR#F04.A00VA$F04.A02AZ$F04.A07XJ
4.337,"Sushi, maki, laks",Fisk og skalldyr,Fisk og skalldyr,537,128,73,4.3,0.7,0,0.1,0.5,0.1,0,2.3,0.1,2.1,1.1,0.6,0.2,0,0,0,0,0.1,0,0.1,0.4,0.6,13,16.9,16.6,0.3,0,0,0.4,5.2,0.2,0,5,6,4,15,1.1,0.4,0.04,0.04,1.5,2.5,0.19,6,0.9,3,20,0.2,70,302,11,0.4,3,0.09,63,129,A03XR#F04.A00VA$F04.A07XJ$F04.A0C75
4.37,"Sushi, maki, scampi",Fisk og skalldyr,Fisk og skalldyr,444,105,76,2,0.3,0,0,0.3,0,0,1.1,0.1,1.1,0.3,0.2,0,0,0,0,0,0,0,0,0.1,0.2,25,16.9,16.6,0.3,0,0,0.4,4.6,0.3,0,1,2,0,15,0.1,0.8,0.02,0.02,0.4,1.4,0.26,7,0.3,3,32,0.2,135,256,14,0.6,5,0.11,54,139,A041G#F04.A00VA$F04.A02FX$F04.A07XJ
4.369,"Sushi, maki, tempura",Fisk og skalldyr,Fisk og skalldyr,540,128,72,3.3,0.9,0,0,0.5,0.1,0,1.7,0.1,2.1,0.5,0.3,0,0,0,0,0,0,0,0,0,0.3,18,19.9,19.5,0.4,0,0,0.6,4.4,0.3,0,1,2,0,15,0.3,0.4,0.04,0.03,0.6,1.4,0.12,5,0.3,3,25,0.2,111,257,12,0.5,13,0.11,39,139,A041G#F02.A06GV$F04.A001D$F04.A02FX$F04.A07XJ$F28.A0BA1
4.339,"Sushi, maki, tunfisk",Fisk og skalldyr,Fisk og skalldyr,460,109,75,1.9,0.3,0,0,0.3,0,0,1.1,0.1,1.1,0.3,0.2,0,0,0,0,0,0,0,0,0.1,0.2,7,16.9,16.6,0.3,0,0,0.4,5.8,0.2,0,61,62,60,15,0.3,0.4,0.04,0.04,1.8,2.9,0.27,7,0.8,3,21,0.5,69,306,13,0.5,32,0.1,69,131,A03XR#F04.A00VA$F04.A02DX$F04.A07XJ
4.372,"Sushi, nigiri, kamskjell",Fisk og skalldyr,Fisk og skalldyr,366,86,79,0.3,0,0,0,0,0,0,0.1,0,0.1,0.1,0,0,0,0,0,0,0,0,0,0,0,5,16.8,16.6,0.2,0,0,0.1,4.1,0.4,0,1,1,1,0,0.2,0.2,0.01,0.01,0.2,1,0.1,4,0.3,2,3,0.1,155,48,8,0.5,2,0.06,142,1,A041G#F02.A06GV$F04.A001D$F04.A02HN$F04.A07XJ$F28.A0BA1
4.335,"Sushi, nigiri, kveite",Fisk og skalldyr,Fisk og skalldyr,465,110,74,1.5,0.3,0,0,0.2,0,0,0.6,0.1,0.3,0.4,0.1,0,0,0,0,0,0.1,0,0.1,0.3,0.1,20,16.8,16.6,0.2,0,0,0.1,7.3,0,0,3,3,3,0,1.9,0.4,0.03,0.04,2.1,3.5,0.22,5,0.4,2,4,0.1,17,157,10,0.5,14,0.04,82,7,A03XR#F04.A02AZ
4.334,"Sushi, nigiri, laks",Fisk og skalldyr,Fisk og skalldyr,603,143,70,5,0.7,0,0.1,0.5,0.1,0,2.4,0.1,2,1.6,0.7,0.3,0,0,0,0,0.1,0.1,0.2,0.8,0.8,24,16.8,16.6,0.2,0,0,0.1,7.8,0,0,8,8,8,0,2.1,0.4,0.04,0.04,2.4,3.8,0.24,4,1.6,2,4,0.1,14,155,11,0.5,6,0.04,85,2,A03XR#F04.A0C75
4.371,"Sushi, nigiri, scampi",Fisk og skalldyr,Fisk og skalldyr,427,101,76,0.7,0.1,0,0,0.1,0,0,0.1,0,0.1,0.2,0,0,0,0,0,0,0.1,0,0.1,0.1,0.1,48,16.8,16.6,0.2,0,0,0.1,6.8,0.3,0,0,0,0,0,0.1,1.2,0.01,0.01,0.3,1.8,0.38,5,0.6,2,27,0.1,137,68,16,0.7,10,0.09,68,11,A041G#F02.A06GV$F04.A001D$F04.A02FX$F04.A07XJ$F28.A0BA1
4.336,"Sushi, nigiri, tunfisk",Fisk og skalldyr,Fisk og skalldyr,456,108,74,0.5,0.1,0,0,0.1,0,0,0.1,0,0.1,0.2,0,0,0,0,0,0,0,0,0.1,0.1,0.1,13,16.8,16.6,0.2,0,0,0.1,9,0,0,113,113,113,0,0.5,0.4,0.05,0.05,2.9,4.6,0.39,6,1.5,2,5,0.7,13,163,15,0.5,61,0.06,97,6,A03XR#F04.A02DX
4.07,"Torsk, filet, kavringpanert, rå",Fisk og skalldyr,Fisk og skalldyr,599,142,68,3.3,0.8,0,0,0.6,0.2,0,0.9,0,0.9,0.9,0.5,0,0,0,0,0,0,0,0.1,0.2,0.5,77,11.6,11.3,0.3,0,0,1,15.8,0.4,0,25,25,25,0,0.7,1.3,0.09,0.11,2.4,5.4,0.16,24,1.1,0,21,0.7,143,360,29,0.7,20,0.06,216,159,A02BX#F28.A07HK
4.251,"Torsk, filet, kavringpanert, stekt i fett",Fisk og skalldyr,Fisk og skalldyr,881,210,60,10.5,2.9,0.3,0.2,1.4,0.6,0,4.1,0.1,4.1,2.3,1.6,0.3,0,0,0,0,0,0,0.1,0.5,1.7,86,12.3,12,0.3,0,0,2,15.9,0.4,0,47,48,46,12,1.2,1.6,0.08,0.11,2.3,5.7,0.14,21,1,0,23,0.6,156,325,27,0.8,21,0.06,207,169,A02BX#F28.A07GS$F28.A07HL
4.347,"Torsk, filet, kokt",Fisk og skalldyr,Fisk og skalldyr,425,100,77,1.5,0.2,0,0,0.1,0,0,0.1,0,0.1,0.4,0,0,0,0,0,0,0.1,0,0.3,0.4,0,93,0,0,0,0,0,0,21.8,0.3,0,8,8,8,0,0.8,1.2,0.07,0.05,2.2,8.5,0.14,13,1.7,0,18,0.2,103,533,35,0.6,36,0.03,299,325,A02BX#F28.A07GJ
4.249,"Torsk, filet, melpanert, stekt i fett",Fisk og skalldyr,Fisk og skalldyr,644,153,69,5.9,1.5,0.2,0.2,0.6,0.3,0,2.2,0,2.1,1.3,0.8,0.2,0,0,0,0,0.1,0,0.2,0.5,0.8,74,3.1,3,0,0,0,0.2,21.9,0.2,0,22,22,21,7,1,1.1,0.07,0.06,2.3,6.7,0.13,12,1.5,0,16,0.2,97,475,30,0.5,31,0.03,250,279,A02BX#F28.A07GS$F28.A07HL
4.345,"Torsk, filet, ovnsstekt",Fisk og skalldyr,Fisk og skalldyr,598,142,72,6,1.5,0.2,0.2,0.6,0.3,0,2.2,0,2.2,1.2,0.8,0.2,0,0,0,0,0.1,0,0.2,0.5,0.8,76,0,0,0,0,0,0,22.1,0.3,0,33,34,32,13,1,1.6,0.05,0.05,2,6.8,0.14,12,1.6,0,15,0.1,100,483,29,0.5,32,0.03,253,288,A02BX#F01.A050L$F02.A0EMD$F27.A02BX$F28.A07GY
4.346,"Torsk, filet, stekt i panne",Fisk og skalldyr,Fisk og skalldyr,656,156,68,5.9,1.5,0.2,0.2,0.6,0.3,0,2.1,0,2.1,1.3,0.8,0.2,0,0,0,0,0.1,0,0.2,0.5,0.8,73,3.8,3.8,0,0,0,0.3,21.8,0.2,0,21,22,21,7,1,1.1,0.07,0.06,2.3,6.7,0.13,12,1.5,0,16,0.2,96,474,30,0.5,31,0.03,250,277,A02BX#F01.A050L$F02.A0EMD$F27.A02BX$F28.A07GS
4.203,"Torsk, forfritert, fylt, fryst",Fisk og skalldyr,Fisk og skalldyr,709,170,69,9.9,2,0.1,0.2,1,0.4,0.1,4.8,0.1,4.6,2.3,1.6,0.6,0,0,0,0,0,0,0.1,0.7,1.6,33,9.4,8.3,1,0.5,0.5,0.9,10.4,1.1,0,34,35,32,22,0.3,2.6,0.06,0.07,1.2,3.1,0.11,19,0.6,1,25,0.4,425,260,21,0.4,11,0.04,125,108,A02BX#F01.A050L$F02.A0EMD$F27.A02BX$F28.A07GR$F28.A07HL$F28.A07MA
4.039,"Torsk, i skiver, rå",Fisk og skalldyr,Fisk og skalldyr,332,79,82,1,0.1,0,0,0.1,0,0,0.1,0,0,0.3,0,0,0,0,0,0,0.1,0,0.2,0.2,0,58,0,0,0,0,0,0,17.4,0.2,0,6,6,6,0,0.5,1.1,0.05,0.11,2,5.2,0.2,7,1.3,0,11,0.1,73,426,24,0.4,27,0.02,211,216,A02BX
4.252,"Torsk, lettsaltet, kokt",Fisk og skalldyr,Fisk og skalldyr,421,99,77,1.5,0.1,0,0,0.1,0,0,0.1,0,0.1,0.4,0,0,0,0,0,0,0.1,0,0.2,0.4,0,92,0,0,0,0,0,0,21.6,1.5,0,8,8,8,0,0.8,1.1,0.07,0.05,2.2,8.4,0.14,13,1.7,0,18,0.2,606,529,35,0.6,36,0.03,296,322,A02BX#F01.A050L$F02.A0EMD$F27.A02BX$F28.A07GJ
4.042,"Torsk, lettsaltet, rå",Fisk og skalldyr,Fisk og skalldyr,329,78,82,1,0.1,0,0,0.1,0,0,0.1,0,0,0.3,0,0,0,0,0,0,0.1,0,0.2,0.2,0,55,0,0,0,0,0,0,17.3,1.1,0,6,6,6,0,0.5,0.7,0.06,0.05,1.9,5,0.12,11,1.3,0,11,0.1,427,423,25,0.4,24,0.02,209,215,A02BX#F01.A050L$F02.A0EMD$F10.A0CJK$F27.A02BX
4.326,"Torsk, oppdrett, rå",Fisk og skalldyr,Fisk og skalldyr,359,85,79,0.5,0.1,0,0,0.1,0,0,0.1,0,0,0.2,0,0,0,0,0,0,0.1,0,0.1,0.2,0,82,0,0,0,0,0,0,20,0.2,0,2,2,2,0,0.7,0.5,0.02,0.09,3.9,7.6,0.26,11,1,0,22,0.2,75,424,26,0.5,30,0.03,207,279,A02BX#F01.A050L$F02.A0EMD$F21.A07RV$F27.A02BX
4.281,"Torsk, panert, forfritert, fylt, ovnsstekt",Fisk og skalldyr,Fisk og skalldyr,771,185,66,10.5,2.1,0.1,0.2,1.1,0.4,0.1,5,0.1,4.8,2.4,1.7,0.6,0,0,0,0,0,0,0.1,0.7,1.7,37,10.8,9.6,1.2,0.6,0.6,1,11.4,1,0,34,35,32,22,0.3,2.7,0.05,0.06,1.2,3.6,0.11,17,0.6,1,28,0.4,415,254,22,0.4,13,0.04,129,124,A0EYV#F27.A02BX$F28.A07GR$F28.A07HL$F28.A07MA
4.282,"Torsk, panert, forfritert, fylt, stekt i fett",Fisk og skalldyr,Fisk og skalldyr,997,240,61,17.3,4.1,0.3,0.5,1.8,0.8,0.1,8.1,0.1,7.9,3.8,2.8,0.9,0,0,0,0,0,0,0.1,1,2.8,38,10,8.9,1.1,0.6,0.6,1,10.5,1,0,55,57,52,31,0.8,2.8,0.05,0.06,1.2,3.3,0.09,16,0.6,1,27,0.4,411,235,20,0.4,12,0.04,120,115,A0EYV#F27.A02BX$F28.A07GR$F28.A07HL$F28.A07MA
4.306,"Torsk, panert, forfritert, ovnsstekt ",Fisk og skalldyr,Fisk og skalldyr,662,157,64,3.5,0.8,0,0,0.7,0.2,0,1,0,1,1,0.5,0,0,0,0,0,0,0,0.1,0.2,0.6,89,13.3,13,0.3,0,0,2,17.2,0.3,0,25,25,25,0,0.7,1.4,0.08,0.11,2.3,6.2,0.17,22,1.1,0,24,0.7,140,351,30,0.8,23,0.06,224,183,A0EYV#F27.A02BV$F28.A07GR$F28.A07HL
4.284,"Torsk, panert, forfritert, stekt i fett",Fisk og skalldyr,Fisk og skalldyr,886,212,60,10.6,2.9,0.3,0.2,1.4,0.6,0,4.2,0.1,4.2,2.4,1.6,0.3,0,0,0,0,0,0,0.1,0.5,1.7,86,12.3,12,0.3,0,0,2,15.9,0.4,0,47,48,46,12,1.2,1.6,0.08,0.11,2.3,5.7,0.14,21,1,0,23,0.6,156,325,27,0.8,21,0.06,207,169,A0EYV#F27.A02BX$F28.A07GR$F28.A07HL$F28.A07MA
4.348,"Torsk, panert, kjøpt",Fisk og skalldyr,Fisk og skalldyr,571,135,66,0.5,0.1,0,0,0.1,0,0,0.1,0,0.1,0.3,0.1,0,0,0,0,0,0.1,0,0.1,0.2,0.1,42,17.6,16,1.6,1.6,1.6,1,14.3,0.4,0,1,1,1,0,0,0.5,0.09,0.04,1.2,3.8,0.12,8,0.9,0,16,0.4,150,280,22,0.4,14,0.05,160,47,A0EYV#F02.A0EMM$F22.A07SH$F27.A02BX$F28.A07HL$F28.A07LM
4.248,"Torsk, skiver, kokt",Fisk og skalldyr,Fisk og skalldyr,425,100,77,1.5,0.2,0,0,0.1,0,0,0.1,0,0.1,0.4,0,0,0,0,0,0,0.1,0,0.3,0.4,0,97,0,0,0,0,0,0,21.8,0.3,0,8,8,8,0,0.8,1.8,0.06,0.13,2.3,8.7,0.23,8,1.7,0,18,0.2,103,533,35,0.6,41,0.03,299,325,A02BX#F28.A07GJ
4.327,"Torsk, uspesifisert, rå",Fisk og skalldyr,Fisk og skalldyr,335,79,81,0.9,0.1,0,0,0.1,0,0,0.1,0,0,0.3,0,0,0,0,0,0,0.1,0,0.2,0.2,0,58,0,0,0,0,0,0,17.7,0.2,0,5,5,5,0,0.5,0.7,0.05,0.05,2.1,5.3,0.13,11,1.3,0,12,0.1,73,426,25,0.4,23,0.02,210,223,A02BV#F26.A07XD
4.038,"Torsk, vill, rå",Fisk og skalldyr,Fisk og skalldyr,332,79,82,1,0.1,0,0,0.1,0,0,0.1,0,0,0.3,0,0,0,0,0,0,0.1,0,0.2,0.2,0,56,0,0,0,0,0,0,17.4,0.2,0,6,6,6,0,0.5,0.7,0.06,0.05,1.9,5.1,0.12,11,1.3,0,11,0.1,73,426,24,0.4,24,0.02,211,216,A02BX#F21.A07RY
4.106,"Tunfisk, i gele, hermetisk",Fisk og skalldyr,Fisk og skalldyr,296,70,83,0.4,0.1,0,0,0,0,0,0.1,0,0,0.1,0,0,0,0,0,0,0,0,0.1,0.1,0,30,0,0,0,0,0,0,16.5,1,0,0,0,0,0,4.2,0.3,0,0.06,8.7,11.7,0.24,3,1.8,0,6,1.2,401,288,19,0.6,75,0.04,164,8,A0FBT#F06.A06XN$F18.A07NL$F19.A07PH
4.107,"Tunfisk, i olje, avrent, hermetisk",Fisk og skalldyr,Fisk og skalldyr,541,128,72,3.3,0.6,0,0,0.3,0.2,0,0.8,0,0.7,1.6,1.1,0.1,0,0,0,0.1,0.1,0,0.3,0.5,1.1,54,0,0,0,0,0,0,24.6,0.9,0,346,346,346,0,1.5,1.3,0.15,0.15,15.2,19.7,0.29,4,5.1,0,10,1.1,363,235,31,0.9,122,0.06,253,10,A0FBT#F06.A06XJ$F18.A07NL$F19.A07PH
4.285,"Tunfisk, i olje, ikke avrent, hermetisk",Fisk og skalldyr,Fisk og skalldyr,878,211,64,13.5,1.8,0,0,0.9,0.5,0,3.7,0,3.4,7.4,7.1,0,0,0,0,0,0,0,0.3,0.4,7.2,45,0,0,0,0,0,0,22.3,0.8,0,0,0,0,0,4.4,4.9,0,0.09,14.1,18.2,0.25,4,4.7,0,8,1,335,247,33,0.7,100,0.06,255,9,A0FBT#F06.A06XJ$F18.A07NL$F19.A07PH
4.108,"Tunfisk, i vann, avrent, hermetisk",Fisk og skalldyr,Fisk og skalldyr,447,105,75,1,0.2,0,0,0.1,0.1,0,0.1,0,0.1,0.3,0,0,0,0,0,0,0,0,0.2,0.2,0.1,56,0,0,0,0,0,0,24.1,1,0,8,8,8,0,4.2,0.4,0.01,0.08,12.1,16.5,0.49,5,2.5,0,15,1.3,384,220,28,0.9,77,0.06,206,9,A0FBT#F06.A06YG$F18.A07NL$F19.A07PH
4.043,"Tunfisk, makrellstørje, rå",Fisk og skalldyr,Fisk og skalldyr,445,105,75,1,0.3,0,0,0.2,0.1,0,0.2,0,0.1,0.4,0,0,0,0,0,0,0,0,0.2,0.3,0.1,41,0,0,0,0,0,0,24,0.1,0,372,372,372,0,1.6,1.2,0.16,0.16,9.1,13.5,1,15,4.8,0,11,2.3,40,475,39,0.6,200,0.1,266,17,A02EB
4.041,Tørrfisk,Fisk og skalldyr,Fisk og skalldyr,1386,327,20,1.4,0.2,0,0,0.2,0.1,0,0.2,0,0.2,0.8,0,0,0,0,0,0,0.1,0,0.4,0,0,152,0,0,0,0,0,0,78.5,0.1,0,0,0,0,0,0.4,0.1,0.01,0.24,7.5,21.9,0.02,0,10,0,160,2.5,35,0,8,0.4,25,0.18,950,155,A02JR
4.266,"Uer, kokt",Fisk og skalldyr,Fisk og skalldyr,519,123,74,4.2,0.8,0,0.1,0.5,0.1,0,1.9,0.4,0.5,1,0,0,0,0,0,0.1,0.5,0.2,0.4,1.1,0.1,72,0,0,0,0,0,0,21.4,0.4,0,5,5,5,0,0,2.4,0.13,0.13,2.3,8.6,0.23,6,1.3,0,35,0.3,156,473,37,0.5,75,0.15,269,32,A02AM#F28.A07GJ
4.046,"Uer, lettsaltet, rå",Fisk og skalldyr,Fisk og skalldyr,394,94,79,2.8,0.5,0,0.1,0.4,0.1,0,1.2,0.1,0.5,0.7,0,0,0,0,0,0.1,0.2,0.1,0.4,0.8,0.1,43,0,0,0,0,0,0,17.1,1.7,0,3,3,3,0,0,1.4,0.1,0.11,2,5.1,0.2,5,1,0,21,0.2,690,378,26,0.3,50,0.1,190,21,A02AM#F01.A04ZE$F02.A0EMD$F10.A0CJK$F27.A02AM
4.261,"Uer, lettsaltet, skiver, kokt",Fisk og skalldyr,Fisk og skalldyr,519,123,74,4.2,0.8,0,0.1,0.6,0.1,0,1.9,0.1,0.7,1,0.1,0,0,0,0,0.1,0.3,0.1,0.7,1.1,0.2,72,0,0,0,0,0,0,21.4,2.4,0,5,5,5,0,0,2.4,0.13,0.13,2.3,8.6,0.23,6,1.3,0,35,0.3,978,473,37,0.5,75,0.15,269,32,A0EYT#F27.A02AM$F28.A07GJ
4.045,"Uer, rå",Fisk og skalldyr,Fisk og skalldyr,394,94,80,2.8,0.5,0,0.1,0.3,0.1,0,1.2,0.3,0.4,0.7,0,0,0,0,0,0.1,0.3,0.1,0.2,0.8,0.1,43,0,0,0,0,0,0,17.1,0.3,0,3,3,3,0,0,1.4,0.1,0.11,2,5.1,0.2,5,1,0,21,0.2,110,378,26,0.3,50,0.1,190,21,A02AM
4.048,"Åbor, abbor, rå",Fisk og skalldyr,Fisk og skalldyr,359,85,80,0.6,0.1,0,0,0.1,0,0,0.1,0,0.1,0.2,0,0,0,0,0,0,0,0,0.1,0.2,0,78,0,0,0,0,0,0,19.8,0.1,0,15,15,15,0,21.4,0.7,0.15,0.11,5.3,8.9,0.47,12,3.5,0,16,0.2,33,389,27,0.5,44,0.02,219,12,A027Q
4.049,"Ål, rå",Fisk og skalldyr,Fisk og skalldyr,1496,362,50,32.5,7.6,0,2,3.6,0.6,0,12.5,1,3.6,7.6,0.4,0.4,0,0,0.3,0.1,2.2,0.4,3.5,8.1,0.6,126,0,0,0,0,0,0,17.3,0.1,0,600,600,600,0,30,8,0.09,0.04,3.5,6.7,0.38,12,3,0,43,0.4,53,205,10,2.6,57,0.03,200,43,A028K
4.05,"Ål, røkt",Fisk og skalldyr,Fisk og skalldyr,1453,351,50,30.5,7.3,0,1.7,3.1,0.5,0,13.3,0.8,3.1,6.8,0.4,0.4,0,0,0.3,0.1,1.9,0.4,3,7,0.5,132,0,0,0,0,0,0,19.1,1.5,0,3300,3300,3300,0,48,9,0.18,0.31,3.2,6.7,0.18,29,4.3,0,26,0.5,583,214,10,3.5,60,0.09,183,40,A0EYS#F27.A028K
4.26,"Ørret, filet, røkt",Fisk og skalldyr,Fisk og skalldyr,597,142,73,6.9,1.3,0,0.3,0.8,0.1,0,2.3,0.3,1.1,2.1,0.3,0.1,0,0,0.1,0,0.4,0.1,0.8,1.6,0.4,64,0,0,0,0,0,0,20.1,0.1,0,23,23,23,0,8.2,0.9,0.16,0.17,6.2,9.9,0.53,7,5.1,0,15,0.8,52,430,29,0.5,25,0.05,260,14,A0EYS#F27.A029F$F28.A07KD
4.257,"Ørret, oppdrett, kokt",Fisk og skalldyr,Fisk og skalldyr,597,143,75,8.3,1.7,0,0.3,1.1,0.2,0,2.9,0.4,1.5,2.6,0.4,0.1,0,0,0.1,0.1,0.5,0.2,1,2.1,0.5,87,0,0,0,0,0,0,17,0.1,0,27,27,27,0,5.8,0.9,0.19,0.11,5.8,12.4,0.41,4,4.6,0,12,0.3,49,375,27,0.6,32,0.05,219,8,A029F#F21.A07RV$F28.A07GJ
4.256,"Ørret, oppdrett, rå",Fisk og skalldyr,Fisk og skalldyr,693,166,71,10,2,0,0.4,1.3,0.2,0,3.5,0.5,1.8,3.2,0.4,0.1,0,0,0.1,0.1,0.6,0.2,1.2,2.5,0.6,73,0,0,0,0,0,0,19,0.1,0,32,32,32,0,6.9,1.1,0.21,0.13,6.9,10.4,0.49,5,4.8,0,10,0.3,48,420,27,0.5,30,0.05,216,7,A029F#F21.A07RV
4.267,"Ørret, oppdrett, skiver, melpanert, stekt i fett",Fisk og skalldyr,Fisk og skalldyr,865,207,64,12.6,2.9,0.1,0.5,1.5,0.5,0,4.8,0.4,3.3,3.5,1.1,0.3,0,0,0.1,0.1,0.5,0.2,1,2.3,1.1,81,3.2,3.2,0,0,0,0.2,20.1,0.1,0,40,41,40,6,6.3,1.1,0.19,0.13,6.8,11.4,0.43,5,4.7,0,12,0.3,59,396,28,0.6,33,0.06,216,8,A029F#F21.A07RV$F28.A07GS$F28.A07HK
4.317,"Ørret, sjøørret, kokt",Fisk og skalldyr,Fisk og skalldyr,567,135,71,3.9,0.6,0,0.1,0.4,0.1,0,1,0.1,0.5,1,0.1,0,0,0,0,0,0.2,0.1,0.3,0.7,0.2,83,0,0,0,0,0,0,25,0.2,0,14,14,14,0,10.5,0.8,0.13,0.25,6.1,14.8,0.63,11,6.7,0,33,1.6,75,518,43,0.7,28,0.06,411,30,A029F#F21.A07RV$F28.A07GJ
4.259,"Ørret, sjøørret, melpanert, stekt i fett",Fisk og skalldyr,Fisk og skalldyr,691,165,68,7.5,1.8,0.2,0.2,0.8,0.3,0,2.8,0.1,2.5,1.7,0.9,0.2,0,0,0,0,0.1,0.1,0.3,0.7,0.9,56,3.2,3.2,0,0,0,0.2,21,0.2,0,25,26,25,7,8.1,0.8,0.1,0.21,5.1,9.7,0.47,8,4.8,0,23,1.1,66,387,31,0.5,20,0.05,286,22,A029F#F28.A07GS$F28.A07HK
4.047,"Ørret, sjøørret, rå",Fisk og skalldyr,Fisk og skalldyr,462,110,77,3.3,0.5,0,0.1,0.3,0.1,0,0.9,0.1,0.5,0.9,0.1,0,0,0,0,0,0.2,0.1,0.3,0.6,0.1,50,0,0,0,0,0,0,20,0.1,0,12,12,12,0,9,0.7,0.1,0.21,5.2,8.9,0.54,9,5,0,20,1.2,53,414,30,0.4,19,0.04,290,20,A029F
4.058,"Østers, rå",Fisk og skalldyr,Fisk og skalldyr,247,59,88,2.4,0.5,0,0.1,0.5,0.1,0,0.5,0.1,0.3,1,0.1,0.1,0,0,0,0,0.3,0,0.2,0.7,0.1,50,0,0,0,0,0,0,9.3,0.3,0,38,38,38,0,3.1,1.1,0.2,0.2,2,3.7,0.2,10,14,0,22,3.1,110,265,19,42,60,0.9,161,85,A02HG
6.178,"Adzukibønner, tørr",Belgvekster,Belgvekster,1312,310,17,0.5,0.2,0,0,0.1,0,0,0.1,0,0.1,0.1,0.1,0,0,0,0,0,0,0,0,0,0.1,0,50.2,47.2,3,0,0,13,19.9,0,0,1,2,0,12,0,0,0.46,0.22,2.6,5.9,0.35,622,0,0,66,5,5,1254,127,5,3,1.09,381,0,A013E
6.741,"Aspargesbønner, fryst",Belgvekster,Belgvekster,105,25,92,0.4,0.1,0,0,0,0,0,0,0,0,0.1,0,0.1,0,0,0,0,0,0,0,0.1,0,0,1.8,1.1,0.7,0,0,4,1.9,0,0,28,56,0,338,0,0.3,0.06,0.07,0.4,0.7,0.06,48,0,12,71,0.9,3,290,27,0.3,0,0.07,45,0,A00PG#F28.A07KQ
6.098,"Aspargesbønner, rå",Belgvekster,Belgvekster,114,27,92,0.1,0,0,0,0,0,0,0,0,0,0.1,0,0,0,0,0,0,0,0,0,0,0,0,3.4,1,2.4,0,0,3,1.7,0,0,9,18,0,110,0,0.1,0.05,0.06,0.7,1,0.1,57,0,7,51,1.2,0,284,26,0.4,1,0.07,40,1,A00PG#F28.A07HS
6.18,"Bondebønner, hestebønner, tørr",Belgvekster,Belgvekster,1331,316,15,1.7,0.2,0,0,0.2,0,0,0.3,0,0.3,0.7,0.7,0.1,0,0,0,0,0,0,0,0.1,0.7,0,41.9,38.4,3.5,0,0,16,25,0,0,35,70,0,420,0,0.3,0.5,0.3,2.5,6.7,0.56,423,0,0,102,7.1,13,1530,192,2.8,2,0,390,0,A013H
6.181,"Borlottibønner, tørr",Belgvekster,Belgvekster,1298,308,17,2,0.3,0,0,0.3,0,0,0.1,0,0.1,0.5,0.3,0.2,0,0,0,0,0,0,0,0.2,0.3,0,43.7,40.2,3.5,0,0,17,20.2,0,0,0,0,0,0,0,0,0.5,0.12,1.5,4.9,0.31,604,0,0,102,9,3,1478,163,2.9,16,0.7,464,0,A012T
6.735,"Brune bønner, kokt",Belgvekster,Belgvekster,531,126,66,0.6,0.1,0,0,0.1,0,0,0,0,0.1,0.3,0.1,0.2,0,0,0,0,0,0,0,0.2,0.1,0,17.7,15.8,1.8,0,0,7,9,0,0,1,1,0,8,0,0.1,0.15,0.06,0.6,2.4,0.09,82,0,0,48,1.8,8,325,46,0.8,1,0.15,158,3,A012S#F01.A05GQ$F02.A0ERV$F10.A0F5K$F27.A012S$F28.A07GL
6.023,"Brune bønner, tørre",Belgvekster,Belgvekster,1318,313,16,1.5,0.2,0,0,0.2,0,0,0.1,0,0.1,0.9,0.3,0.5,0,0,0,0,0,0,0,0.5,0.3,0,44.6,40,4.6,0,0,16,22,0.1,0,2,3,0,18,0,0.3,0.55,0.2,2.2,5.9,0.3,394,0,0,135,5,25,1040,131,2,2,0.5,420,7,A012S#F10.A0F5K
6.846,"Bønner, i chilisaus, hermetisk",Belgvekster,Belgvekster,260,62,82,0.9,0.1,0,0,0.2,0.1,0,0.2,0,0.1,0.6,0.4,0.1,0,0,0,0,0,0,0,0.1,0.4,0,5.7,5.2,0.5,0.5,0.5,7,4.5,0.9,0,6,11,0,70,0,0.5,0.1,0.1,0.5,1.3,0.1,14,0,0,41,1.5,360,305,32,0.6,1,0.19,94,0,A01BB#F02.A0ERT$F27.A012B$F28.A0BYP
6.197,"Edamamebønner, soyabønner, fryst",Belgvekster,Belgvekster,543,130,74,7.2,1,0,0,0.7,0.2,0,2.6,0,0.2,3.3,2.8,0.1,0,0,0,0,0,0,0,0.5,2.9,0,2.8,0.3,2.5,0,0,5,11.2,0,0,14,28,0,170,0,0.7,0.15,0.27,0.9,2.8,0.14,303,0,10,60,2.1,6,482,61,1.3,2,0.32,161,2,A0DFR#F01.A05HX$F02.A067L$F27.A0DFR$F28.A07KQ
6.027,"Erter, fryst",Belgvekster,Belgvekster,271,65,80,0.4,0.1,0,0,0.1,0,0,0,0,0,0.2,0.1,0,0,0,0,0,0,0,0,0,0.1,0,6,1.9,4.1,0,0,9,4.9,0,0,27,54,0,327,0,0,0.17,0.09,1.9,2.7,0.09,32,0,19,36,1.4,6,220,33,0.9,0,0.15,100,0,A012J#F28.A07KQ
6.028,"Erter, grønne, hermetisk, avrent",Belgvekster,Belgvekster,267,64,83,1,0.2,0,0,0.1,0,0,0.1,0,0.1,0.4,0.4,0.1,0,0,0,0,0,0,0,0.1,0.4,0,7,3.4,3.6,0,0,5,4.3,0.6,0,33,66,0,400,0,0,0.07,0.04,1,1.7,0.05,30,0,9,24,1.1,231,105,18,0.7,1,0.11,65,2,A0ETQ#F27.A00PY
6.029,"Erter, tørre",Belgvekster,Belgvekster,1410,334,13,2.4,0.4,0,0,0.4,0.1,0,0.3,0,0.2,1.2,1,0.2,0,0,0,0,0,0,0,0.2,1,0,50,47.6,2.4,0,0,13,21.6,0.1,0,20,39,0,235,0,1,0.6,0.3,3,6.6,0.13,33,0,0,61,4.7,38,990,120,4.7,3,0.17,300,6,A013J
6.251,"Hvite bønner, kokt",Belgvekster,Belgvekster,492,118,63,0.4,0.1,0,0,0.1,0,0,0,0,0,0.2,0.1,0.1,0,0,0,0,0,0,0,0.1,0.1,0,9.8,8.3,1.5,0,0,17,10.3,0,0,0,0,0,0,0,0,0.1,0.06,0.5,2.7,0.14,22,0,0,69,2.3,0,545,68,1,1,0.25,185,0,A012S#F01.A05GQ$F02.A0ERV$F10.A0F2R$F27.A012S$F28.A07GL$F28.A07KG
6.134,"Hvite bønner, store, hermetisk",Belgvekster,Belgvekster,412,98,73,0.8,0.1,0,0,0.2,0,0,0.1,0,0.1,0.5,0.2,0.2,0,0,0,0,0,0,0,0.2,0.2,0,12.4,11.7,0.7,0,0,7,6.9,0.6,0,0,0,0,0,0,0,0.04,0.04,0.4,1.6,0.11,22,0,0,44,1.3,240,320,34,0.5,0,0,91,0,A01BB#F10.A0F2R
6.084,"Hvite bønner, tørre",Belgvekster,Belgvekster,1009,242,24,0.9,0.2,0,0,0.2,0,0,0.1,0,0.1,0.4,0.2,0.2,0,0,0,0,0,0,0,0.2,0.2,0,20.5,17.4,3.1,0,0,34,21,0,0,0,0,0,0,0,0,0.32,0.16,1.5,5.4,0.41,88,0,0,162,5.5,0,1453,161,2.2,2,0.73,410,0,A012S#F10.A0F2R
6.133,"Kidneybønner, røde, hermetisk",Belgvekster,Belgvekster,307,73,79,0.7,0.1,0,0,0.2,0.1,0,0.1,0,0,0.4,0.2,0.1,0,0,0,0,0,0,0,0.1,0.2,0,6.7,5.7,1,0,0,8,6.1,0.4,0,0,0,0,0,0,0,0.1,0.4,0.4,1.9,0,16,0,7,46,1.5,170,255,32,0.8,2,0.23,97,0,A01BB#F10.A0F2S$F27.A0BAL
6.252,"Kidneybønner, røde, kokt",Belgvekster,Belgvekster,485,116,64,0.7,0.1,0,0,0.1,0,0,0,0,0.1,0.4,0.1,0.2,0,0,0,0,0,0,0,0.2,0.1,0,10.5,8.9,1.6,0,0,15,9.3,0,0,0,0,0,2,0,0,0.08,0.05,0.6,2.8,0.12,23,0,0,43,2.2,0,484,59,1.1,1,0.26,194,0,A012V#F01.A05HA$F02.A0ERV$F27.A012V$F28.A07GL$F28.A07KG
6.09,"Kidneybønner, røde, tørre",Belgvekster,Belgvekster,995,238,27,1.4,0.2,0,0,0.2,0,0,0.1,0,0.1,0.8,0.3,0.5,0,0,0,0,0,0,0,0.5,0.3,0,22.1,18.7,3.4,0,0,31,19,0,0,0,0,0,4,0,0.1,0.26,0.13,1.9,5.6,0.33,93,0,0,102,5.2,0,1290,139,2.4,2,0.74,430,0,A012S#F10.A0F2S
6.128,"Kikerter, hermetisk",Belgvekster,Belgvekster,392,94,76,2.3,0.3,0,0,0.2,0,0,0.7,0,0.5,1.1,1,0,0,0,0,0,0,0,0,0,1,0,8.2,8.2,0,0,0,8,6.2,0.4,0,1,1,0,7,0,1,0,0.1,0.2,1.2,0.1,29,0,6,43,1.3,155,155,32,1.3,5,0.29,90,0,A01BE#F28.A07HD
6.213,"Kikerter, kokt",Belgvekster,Belgvekster,440,105,72,2.2,0.2,0,0,0.2,0,0,0.4,0,0.5,1,0.9,0,0,0,0,0,0,0,0,0,0.9,0,9.8,8.7,1.2,0,0,8,7.4,0,0,0,0,0,0,0,0.8,0.1,0.03,0.4,1.9,0.14,36,0,0,39,1.6,1,299,44,1.1,2,0.2,124,0,A013M#F01.A05HR$F28.A07GL
6.091,"Kikerter, tørre",Belgvekster,Belgvekster,1127,269,29,5.4,0.5,0,0,0.5,0.1,0,1.1,0,1.2,2.7,2.4,0.1,0,0,0,0,0,0,0,0.1,2.4,0,25.9,22.8,3.1,0,0,21,18.8,0,0,0,0,0,0,0,2.3,0.4,0.1,1.6,4.7,0.5,181,0,1,115,4.7,3,995,130,3.1,6,0.73,345,0,A013M
6.179,"Limabønner, smørbønner, tørr",Belgvekster,Belgvekster,1297,308,15,0.7,0.2,0,0,0.1,0,0,0.1,0,0.1,0.3,0.2,0.1,0,0,0,0,0,0,0,0.1,0.2,0,44.4,35.9,8.5,0,0,19,21.5,0,0,0,0,0,0,0,0.7,0.51,0.2,1.5,5.1,0.51,395,0,0,81,7.5,18,1724,224,2.8,7,0.74,385,0,A013A
6.13,"Linser, grønne, hermetisk",Belgvekster,Belgvekster,217,52,86,0.6,0.1,0,0,0.1,0,0,0.1,0,0.1,0.3,0.2,0.1,0,0,0,0,0,0,0,0.1,0.2,0,3.6,3.6,0,0,0,5,5.7,0.6,0,0,0,0,0,0,0.3,0,0.1,0.3,1.3,0.1,11,0,43,35,1.9,240,140,19,0.8,6,0.24,76,0,A01BD#F10.A0F2Q
6.105,"Linser, grønne, kokt",Belgvekster,Belgvekster,414,99,72,0.8,0.1,0,0,0.1,0,0,0.1,0,0.1,0.3,0.2,0.1,0,0,0,0,0,0,0,0.1,0.2,0,10.7,10,0.7,0,0,9,7.8,0.5,0,1,1,0,9,0,0.2,0.07,0.05,0.6,2.2,0.11,23,0,0,19,2.4,191,262,32,1.3,12,0.23,114,0,A013Q#F10.A0F2Q$F10.A0F5K$F28.A07GL
6.257,"Linser, grønne, puy, tørre",Belgvekster,Belgvekster,1086,259,26,2,0.2,0,0,0.2,0,0,0.3,0,0.3,0.8,0.6,0.2,0,0,0,0,0,0,0,0.2,0.6,0,27.9,27,0.9,0,0,24,20.4,0,0,4,7,0,45,0,0.8,0.3,0.2,1.9,5.3,0.3,129,0,1,60,8.8,1,1100,110,4.5,9,1.05,445,0,A013Q#F01.A05HV$F02.A0ERV$F10.A0F2Q$F27.A013Q$F28.A07KG
6.104,"Linser, grønne, tørre",Belgvekster,Belgvekster,1102,263,25,2,0.2,0,0,0.2,0,0,0.3,0,0.3,0.8,0.6,0.2,0,0,0,0,0,0,0,0.2,0.6,0,29.2,27.3,1.9,0,0,23,20.5,0,0,2,4,0,24,0,0.6,0.3,0.16,2.2,5.6,0.41,118,0,1,58,7.4,1,900,96,3.7,32,0.83,327,0,A013Q#F10.A0F2Q$F10.A0F5K
6.131,"Linser, røde, hermetisk",Belgvekster,Belgvekster,379,90,76,0.5,0.1,0,0,0.1,0,0,0.1,0,0.1,0.2,0.2,0.1,0,0,0,0,0,0,0,0.1,0.2,0,12.4,12.2,0.2,0,0,4,6.9,0.6,0,1,1,0,10,0,0.3,0.04,0.03,0.4,1.6,0.06,21,0,0,25,1.6,230,119,18,0.4,21,0,71,2,A01BD#F10.A0F2S
6.184,"Linser, røde, tørre",Belgvekster,Belgvekster,1153,274,25,2.2,0.4,0,0,0.3,0,0,0.5,0,0.5,1.1,0.9,0.2,0,0,0,0,0,0,0,0.2,0.9,0,31.9,29.8,2.1,0,0,19,22.5,0,0,2,3,0,18,0,0.3,0.41,0.18,1.8,5.6,0.37,100,0,1,24,5,1,870,75,3.6,6,0.81,353,0,A013Q#F10.A0F2S
6.256,"Linser, svarte, beluga, tørre",Belgvekster,Belgvekster,1166,278,21,2,0.2,0,0,0.2,0,0,0.3,0,0.3,0.8,0.6,0.2,0,0,0,0,0,0,0,0.2,0.6,0,30.5,28.9,1.6,0,0,24,22.5,0,0,6,11,0,66,0,0.9,0.5,1.6,2,5.8,0.4,164,0,7,53,5.8,2,915,102,3.7,63,0.87,330,0,A013Q#F01.A05HV$F02.A0ERV$F10.A166Z$F27.A013Q$F28.A07KG
6.187,"Meterbønner, rå",Belgvekster,Belgvekster,192,45,89,0.4,0.1,0,0,0.1,0,0,0,0,0,0.2,0.1,0.1,0,0,0,0,0,0,0,0.1,0.1,0,7,7,0,0,0,1,2.8,0,0,40,80,0,480,0,0.2,0.11,0.11,0.4,0.9,0.02,62,0,19,50,0.5,4,240,44,0.4,2,0.05,59,0,A00PF#F28.A07HS
6.089,"Mungbønner, tørre",Belgvekster,Belgvekster,1247,295,23,1.1,0.3,0,0,0.2,0.1,0,0.1,0,0.2,0.5,0.4,0,0,0,0,0,0,0,0,0,0.4,0,42.4,40.9,1.5,0,0,10,23.9,0,0,2,4,0,24,0,0.5,0.36,0.26,2.1,6.1,0.38,140,0,0,89,6,12,1250,150,2.7,16,0.47,360,7,A013D
6.083,"Soyabønner, tørre",Belgvekster,Belgvekster,1599,384,20,18.6,2.3,0,0,1.7,0.6,0,3.5,0,3.5,9.1,8,1.1,0,0,0,0,0,0,0,1.1,8,0,10.3,4.8,5.5,0,0,16,35.9,0,0,1,2,0,12,0,0.9,0.61,0.27,2.2,8.2,0.38,370,0,0,240,9.7,5,1730,250,4.3,14,1.55,650,7,A0DFR#F01.A05HX$F02.A067L$F27.A0DFR
6.031,"Sukkererter, norsk, rå",Belgvekster,Belgvekster,177,42,88,0.1,0,0,0,0,0,0,0,0,0,0.1,0,0,0,0,0,0,0,0,0,0,0,0,5.3,1.2,4.1,0,0,3,3.5,0,0,12,23,0,138,0,0.3,0.17,0.04,1.1,1.7,0.04,43,0,46,54,1.1,0,212,31,0.7,0,0.09,74,2,A00QA#F28.A07HS
6.132,"Svarte bønner, hermetisk",Belgvekster,Belgvekster,293,70,79,1,0.2,0,0,0.2,0,0,0.1,0,0.1,0.5,0.2,0.2,0,0,0,0,0,0,0,0.2,0.2,0,4.3,3.4,0.9,0,0,9,6.6,0.4,0,0,0,0,0,0,0,0.1,0.1,0.3,1.7,0,12,0,0,71,2,160,265,41,0.9,0,0.24,110,0,A01BB#F10.A166Z
6.191,"Svartøyebønner, tørr",Belgvekster,Belgvekster,1371,324,15,1.3,0.3,0,0,0.2,0.1,0,0.1,0,0.1,0.5,0.3,0.2,0,0,0,0,0,0,0,0.2,0.3,0,49.4,42.5,6.9,0,0,11,23.5,0,0,3,5,0,30,0,0.4,0.85,0.23,2.1,6,0.36,633,0,2,110,8.3,16,1112,184,3.4,9,0.85,424,0,A013N
6.024,"Tomatbønner, hvite bønner, i tomatsaus, hermetisk",Belgvekster,Belgvekster,265,63,83,1.4,0.2,0,0,0.1,0,0,0.6,0,0.6,0.5,0.4,0.1,0,0,0,0,0,0,0,0.1,0.4,0,6,2.4,3.6,0.8,0.8,6,3.7,0.6,0,4,7,0,44,0,0.2,0.1,0.1,0.3,1.2,0.1,11,0,1,41,1.3,225,245,28,0.5,1,0.15,78,0,A01BB#F02.A0ERT$F06.A06XR$F27.A012B$F28.A0BYP
6.842,"Ananas, fryst",Frukt og bær,Frukt og bær,206,49,87,0,0,0,0,0,0,0,0,0,0,0,0,0,0,0,0,0,0,0,0,0,0,0,11.6,0,11.6,0,0,1,0,0,0,0,0,0,0,0,0,0.06,0.02,0,0,0.04,16,0,48,12,0.2,0,100,12,0.1,0,0.09,5,0,A01LP#F01.A064Z$F02.A0ELC$F27.A01LP$F28.A07KQ
6.518,"Ananas, hermetisk, med egen saft",Frukt og bær,Frukt og bær,217,51,87,0,0,0,0,0,0,0,0,0,0,0,0,0,0,0,0,0,0,0,0,0,0,0,12.2,0,12.2,0,0,0.5,0.3,0,0,1,2,0,12,0,0.1,0.09,0.01,0.2,0.3,0.09,1,0,11,8,0.5,1,71,13,0.1,0,0.08,5,1,A01PB#F06.A169N
6.519,"Ananas, hermetisk, med sukkerlake",Frukt og bær,Frukt og bær,293,69,83,0,0,0,0,0,0,0,0,0,0,0,0,0,0,0,0,0,0,0,0,0,0,0,16.5,0,16.5,5.1,5.1,0.5,0.5,0,0,1,1,0,11,0,0.1,0.07,0.01,0.2,0.3,0.07,1,0,13,6,0.2,2,79,11,0.1,0,0.02,5,1,A01PB#F06.A06XZ
6.517,"Ananas, rå",Frukt og bær,Frukt og bær,188,44,88,0.1,0,0,0,0,0,0,0,0,0,0,0,0,0,0,0,0,0,0,0,0,0,0,10.1,0,10.1,0,0,1,0.1,0,0,3,5,0,31,0,0,0.05,0.02,0.1,0.1,0.05,13,0,56,15,0.2,0,123,14,0.1,0,0.07,6,6,A01LP#F28.A07HS
6.205,"Ananas, tørket",Frukt og bær,Frukt og bær,1429,337,12,0.6,0,0,0,0,0,0,0,0,0,0.2,0.1,0.1,0,0,0,0,0,0,0,0,0.1,0,75.7,0,75.7,0,0,8,3.3,0,0,10,20,0,120,0,0.4,0.28,0,1.5,2.1,0.51,0,0,0,96,1.1,0,807,72,0.7,0,0.6,41,0,A01PX#F02.A0ELT$F04.A0BY6$F27.A01LP$F28.A07JQ
6.52,"Appelsin, rå",Frukt og bær,Frukt og bær,174,41,89,0.1,0,0,0,0,0,0,0,0,0,0,0,0,0,0,0,0,0,0,0,0,0,0,8.2,0,8.2,0,0,2,0.9,0,0,4,8,0,48,0,0.3,0.1,0.03,0.4,0.6,0.08,46,0,54,30,0.1,1,158,10,0.1,0,0.04,21,0,A0DZB#F28.A07HS
6.565,Appelsinmarmelade,Frukt og bær,Frukt og bær,1172,276,31,0,0,0,0,0,0,0,0,0,0,0,0,0,0,0,0,0,0,0,0,0,0,0,68.5,0,68.5,66.6,66.6,0.4,0.2,0,0,1,1,0,10,0,0.1,0.02,0.01,0.1,0.2,0.02,6,0,6,8,0,0,28,2,0,0,0.02,5,0,A01NK#F02.A0EMB$F04.A0BY6$F04.A0DZB$F28.A0BA1
6.628,"Appelsinskall, rå",Frukt og bær,Frukt og bær,363,87,73,0.2,0,0,0,0,0,0,0,0,0,0,0,0,0,0,0,0,0,0,0,0,0,0,14.4,0,14.4,0,0,11,1.5,0,0,21,42,0,252,0,0.3,0.12,0.09,0.9,1.2,0.18,30,0,136,161,0.8,3,212,22,0.3,1,0.09,21,0,A01QE#F01.A05XR
6.522,"Aprikos, hermetisk, med sukkerlake",Frukt og bær,Frukt og bær,297,70,82,0.1,0,0,0,0,0,0,0,0,0.1,0,0,0,0,0,0,0,0,0,0,0,0,0,16.1,0,16.1,13.7,13.7,2,0.5,0,0,66,131,0,789,0,0.6,0.02,0.02,0.3,0.4,0.05,2,0,3,11,0.4,4,138,8,0.1,0,0.08,13,2,A01NS#F06.A06XZ
6.521,"Aprikos, rå",Frukt og bær,Frukt og bær,157,37,90,0.4,0,0,0,0,0,0,0.2,0,0,0.1,0,0,0,0,0,0,0,0,0,0,0,0,6.6,0,6.6,0,0,2,0.8,0,0,170,340,0,2040,0,0.8,0,0.02,0.3,0.4,0.07,0,0,5,16,0.3,1,268,9,0.1,0,0.11,20,0,A01GF#F28.A07HS
6.523,"Aprikos, tørket",Frukt og bær,Frukt og bær,874,207,44,0,0,0,0,0,0,0,0,0,0,0,0,0,0,0,0,0,0,0,0,0,0,0,44.5,6.4,38.2,0,0,8,3,0,0,0,0,0,0,0,3.4,0.02,0.04,2.7,3.2,0.1,23,0,2,82,1.5,0,1300,43,0.4,0,0.34,87,0,A01MD
6.792,Aprikossyltetøy,Frukt og bær,Frukt og bær,743,175,56,0.2,0,0,0,0,0,0,0.1,0,0,0,0,0,0,0,0,0,0,0,0,0,0,0,42.6,0,42.6,40,40,0.8,0.3,0,0,58,115,0,694,0,0.3,0,0.01,0.1,0.2,0.03,0,0,2,6,0.1,0,97,4,0.1,0,0.04,8,0,A01NA#F02.A0EMA$F04.A01GF$F04.A0BY6$F28.A0BA1
6.764,"Aronia, svartsurbær, rå",Frukt og bær,Frukt og bær,210,50,85,0.1,0,0,0,0,0,0,0,0,0,0,0,0,0,0,0,0,0,0,0,0,0,0,8.8,0,8.8,0,0,6,0.7,0,0,94,188,0,1130,0,1.5,0.02,0.02,0.3,0.4,0.03,7,0,28,32,0.9,3,218,16,0.3,0,0,72,2,A0DTQ#F28.A07HS
6.525,"Banan, rå",Frukt og bær,Frukt og bær,374,88,77,0.2,0.1,0,0,0.1,0,0,0,0,0,0,0,0,0,0,0,0,0,0,0,0,0,0,19.7,4.3,15.4,0,0,2,1.1,0,0,4,8,0,53,0,0.3,0.04,0.01,0.6,0.8,0.31,38,0,11,7,0.3,0,348,28,0.2,0,0.11,26,0,A0DQK#F28.A07HS
6.225,"Banan, tørket, bananchips",Frukt og bær,Frukt og bær,2081,499,11,31,25.9,13.3,5.5,2.8,0.8,0,1.9,0,1.9,0.5,0.5,0,0,0,0,0,0,0,0,0,0.5,0,50.3,36.3,14,5.5,5.5,5,2.1,0,0,18,35,0,214,0,0.2,0.14,0.02,1,1.4,0.44,24,0,2,19,0.7,0,560,80,0.5,2,0.15,71,0,A01PV#F02.A0ELT$F04.A0BY6$F27.A01LC$F28.A07JQ
6.501,"Bjørnebær, rå",Frukt og bær,Frukt og bær,172,41,88,0.5,0,0,0,0,0,0,0,0,0,0.3,0.2,0.1,0,0,0,0,0,0,0,0.1,0.2,0,5.3,0,5.3,0,0,5,1.3,0,0,5,9,0,56,0,0.9,0,0.03,0.5,0.7,0.02,32,0,10,24,0.5,1,213,23,0.3,0,0.05,31,0,A01EE#F28.A07HS
6.793,Bjørnebærsyltetøy,Frukt og bær,Frukt og bær,749,177,55,0.2,0,0,0,0,0,0,0,0,0,0.1,0.1,0,0,0,0,0,0,0,0,0,0.1,0,42.1,0,42.1,40,40,2,0.5,0,0,2,3,0,19,0,0.4,0,0.01,0.2,0.3,0.01,8,0,3,9,0.2,0,77,9,0.1,0,0.02,12,0,A01MQ#F02.A0EMA$F04.A01EE$F04.A0BY6$F28.A0BA1
6.774,"Blokkebær, mikkelsbær, rå",Frukt og bær,Frukt og bær,268,63,83,0,0,0,0,0,0,0,0,0,0,0,0,0,0,0,0,0,0,0,0,0,0,0,14.3,0,14.3,0,0,2,0.6,0,0,1,2,0,13,0,1.8,0.03,0.03,0.4,0.5,0.06,6,0,38,15,0.7,3,103,7,0.3,0,0.08,9,0,A01FG#F28.A07HS
6.667,"Blåbær, amerikanske, rå",Frukt og bær,Frukt og bær,255,61,84,0.3,0,0,0,0,0,0,0.1,0,0,0.2,0.1,0.1,0,0,0,0,0,0,0,0.1,0.1,0,12.5,0.1,12.4,0,0,3,0.3,0,0,4,7,0,47,0,1.9,0.13,0.01,0.4,0.5,0.06,11,0,16,7,0.8,1,71,5,0,10,0.11,10,1,A01EY#F01.A05ZR$F02.A0ELC$F27.A01EY
6.847,"Blåbær, fryst",Frukt og bær,Frukt og bær,194,46,88,0.5,0.2,0,0,0,0,0,0.1,0,0.1,0.2,0.1,0.1,0,0,0,0,0,0,0,0.1,0.1,0,9,0,9,0,0,3,0,0,0,3,5,0,34,0,1.5,0.04,0.02,0.2,0.2,0.02,6,0,4,10,0.3,0,85,6,0.1,0,0.03,10,0,A01EY#F01.A05ZR$F02.A0ELC$F27.A01EY$F28.A07KQ
6.502,"Blåbær, rå",Frukt og bær,Frukt og bær,215,51,86,0.9,0,0,0,0.1,0,0,0.1,0,0.1,0.5,0.2,0.2,0,0,0,0,0,0,0,0.2,0.2,0,7.5,0,7.5,0,0,5,1,0,0,8,16,0,96,0,2,0.03,0.01,0.7,0.9,0.07,31,0,12,29,0.4,0,122,11,0.3,0,0.11,29,1,A01EY#F28.A07HS
6.797,Blåbærsyltetøy,Frukt og bær,Frukt og bær,766,181,54,0.4,0,0,0,0,0,0,0,0,0.1,0.2,0.1,0.1,0,0,0,0,0,0,0,0.1,0.1,0,43,0,43,40,40,2,0.4,0,0,3,5,0,33,0,0.8,0.01,0,0.3,0.3,0.03,7,0,4,11,0.2,0,45,4,0.1,0,0.04,12,0,A01MY#F02.A0EMA$F04.A01EY$F04.A0BY6$F28.A0BA1
6.795,"Blåbærsyltetøy, lett",Frukt og bær,Frukt og bær,541,128,67,0.5,0,0,0,0,0,0,0.1,0,0.1,0.3,0.1,0.1,0,0,0,0,0,0,0,0.1,0.1,0,29.1,0,29.1,25,25,2,0.5,0,0,4,7,0,44,0,1.1,0.01,0.01,0.3,0.5,0.04,10,0,5,15,0.2,0,60,6,0.2,0,0.06,16,0,A01MY#F02.A0EMA$F04.A01EY$F04.A0BY6$F10.A077M$F28.A0BA1
6.794,"Blåbærsyltetøy, rørt/fryst",Frukt og bær,Frukt og bær,512,121,69,0.7,0,0,0,0,0,0,0.1,0,0.1,0.4,0.2,0.1,0,0,0,0,0,0,0,0.1,0.2,0,26,0,26,20,20,4,0.8,0,0,6,12,0,77,0,1.6,0.02,0.01,0.6,0.7,0.06,25,0,10,23,0.3,0,98,9,0.2,0,0.09,23,1,A01MY#F02.A0EMA$F04.A01EY$F04.A0BY6$F28.A07KQ
6.796,"Blåbærsyltetøy, uten tilsatt sukker",Frukt og bær,Frukt og bær,172,41,89,0.7,0,0,0,0,0,0,0.1,0,0.1,0.4,0.2,0.1,0,0,0,0,0,0,0,0.1,0.2,0,6,0,6,0,0,4,0.8,0,0,5,10,0,65,0,1.6,0.02,0.01,0.5,0.7,0.05,15,0,8,22,0.3,0,88,9,0.2,0,0.08,23,1,A01MY#F02.A0EMA$F04.A01EY$F04.A0BY6$F10.A077K$F28.A0BA1
6.841,"Bringebær, fryst",Frukt og bær,Frukt og bær,178,43,88,0.4,0,0,0,0,0,0,0,0,0,0.3,0.2,0.1,0,0,0,0,0,0,0,0.1,0.2,0,6.3,0,6.3,0,0,5,1.2,0,0,0,0,0,0,0,1.2,0.02,0.03,0.4,0.6,0.17,31,0,24,28,1,0,190,23,0.3,0,0.09,29,0,A01EP#F01.A05ZJ$F02.A0ELC$F27.A01EP$F28.A07KQ
6.503,"Bringebær, rå",Frukt og bær,Frukt og bær,122,29,91,0.4,0,0,0,0,0,0,0,0,0,0.3,0.2,0.1,0,0,0,0,0,0,0,0.1,0.2,0,3.2,0,3.2,0,0,4,1.1,0,0,0,0,0,3,0,1.7,0.01,0.02,0.4,0.6,0.04,28,0,17,16,0.4,0,186,21,0.3,0,0.08,45,0,A01EP#F28.A07HS
6.801,Bringebærsyltetøy,Frukt og bær,Frukt og bær,729,172,56,0.2,0,0,0,0,0,0,0,0,0,0.1,0.1,0,0,0,0,0,0,0,0,0,0.1,0,41.3,0,41.3,40,40,2,0.4,0,0,0,0,0,1,0,0.7,0,0.01,0.1,0.2,0.02,7,0,5,6,0.2,0,68,8,0.1,0,0.03,18,0,A01MP#F02.A0EMA$F04.A01EP$F04.A0BY6$F28.A0BA1
6.799,"Bringebærsyltetøy, lett",Frukt og bær,Frukt og bær,491,116,70,0.2,0,0,0,0,0,0,0,0,0,0.1,0.1,0,0,0,0,0,0,0,0,0,0.1,0,26.7,0,26.7,25,25,2,0.6,0,0,0,0,0,1,0,0.9,0,0.01,0.2,0.3,0.02,9,0,7,8,0.2,0,91,11,0.2,0,0.04,24,0,A01MP#F02.A0EMA$F04.A01EP$F04.A0BY6$F10.A077M$F28.A0BA1
6.798,"Bringebærsyltetøy, rørt/fryst",Frukt og bær,Frukt og bær,438,104,73,0.3,0,0,0,0,0,0,0,0,0,0.2,0.1,0.1,0,0,0,0,0,0,0,0.1,0.1,0,22.6,0,22.6,20,20,3,0.9,0,0,0,0,0,2,0,1.3,0.01,0.02,0.3,0.5,0.03,22,0,14,13,0.3,0,149,17,0.2,0,0.07,36,0,A01MP#F02.A0EMA$F04.A01EP$F04.A0BY6$F28.A07KQ
6.8,"Bringebærsyltetøy, uten tilsatt sukker",Frukt og bær,Frukt og bær,98,24,93,0.3,0,0,0,0,0,0,0,0,0,0.2,0.1,0.1,0,0,0,0,0,0,0,0.1,0.1,0,2.6,0,2.6,0,0,3,0.9,0,0,0,0,0,2,0,1.3,0.01,0.02,0.3,0.5,0.03,13,0,11,12,0.3,0,134,17,0.2,0,0.06,36,0,A01MP#F02.A0EMA$F04.A01EP$F04.A0BY6$F10.A077K$F28.A0BA1
6.844,"Bærmiks, fryst",Frukt og bær,Frukt og bær,198,47,87,0.7,0.1,0,0,0,0,0,0.1,0,0.1,0.4,0.2,0.2,0,0,0,0,0,0,0,0.2,0.2,0,7.6,0,7.6,0,0,3,0.9,0,0,4,7,0,42,0,1.1,0.02,0.01,0.3,0.5,0.02,28,0,49,24,0.4,0,190,14,0.1,0,0.05,22,0,A01DT#F02.A0ELC$F27.A01DT$F28.A07KQ
6.768,"Carambola, stjernefrukt, rå",Frukt og bær,Frukt og bær,176,42,89,0.3,0,0,0,0,0,0,0,0,0,0.2,0.2,0,0,0,0,0,0,0,0,0,0.2,0,7.3,0.2,7.1,0,0,3,1,0,0,2,4,0,24,0,0.2,0.01,0.02,0.4,0.6,0.02,12,0,34,3,0.1,2,133,10,0.1,1,0.14,12,0,A01HM#F28.A07HS
6.595,"Cherimoya, rå",Frukt og bær,Frukt og bær,295,70,82,0.7,0.2,0,0,0.1,0.1,0,0.1,0,0,0.2,0,0.2,0,0,0,0,0,0,0,0.2,0,0,12.9,0,12.9,0,0,3,1.6,0,0,0,0,0,2,0,0.3,0.1,0.13,0.6,0.9,0.26,23,0,13,10,0.3,7,287,17,0.2,1,0.07,26,0,A01LJ#F28.A07HS
6.527,"Daddel, tørket",Frukt og bær,Frukt og bær,1264,298,22,0.2,0.1,0,0,0.1,0,0,0.1,0.1,0,0,0,0,0,0,0,0,0,0,0,0,0,0,68,0,68,0,0,8,2.4,0,0,1,1,0,9,0,0.7,0.07,0.09,1.8,2.2,0.19,13,0,0,68,2.2,11,727,55,0.4,3,0.26,68,17,A01MF
9.181,"Daddelkuler, med nøtter og kakaopulver",Frukt og bær,Frukt og bær,1876,451,16,27,7.1,2.4,0.9,2,1,0,12.3,0.1,12.2,3.7,3.6,0,0,0,0,0,0,0,0,0,3.7,0,38.8,2.1,36.7,0.3,1.5,9,8.5,0.6,0,1,1,0,10,0,8,0.14,0.24,1.4,2.9,0.17,33,0,1,109,2.9,257,800,135,1.8,12,0.79,224,9,A01QD#F04.A014C$F04.A01HF$F28.A07KY
9.182,"Daddelkuler, med peanøttsmør og havregryn",Frukt og bær,Frukt og bær,1860,446,15,23.9,10.3,2,1.2,3.2,1.3,0.1,7.1,0.1,8.2,5,3.7,0,0,0,0,0,0,0,0,0.1,3.7,11,44,10.5,33.5,1.8,5.7,7,10,0.3,0,44,47,42,32,0.6,1.8,0.17,0.08,4.3,5.9,0.26,26,0,0,49,2.4,125,652,106,1.7,2,0.46,206,9,A01QD#F04.A00DH$F04.A01BN$F04.A01MF$F28.A07KY
6.756,"Drue, grønn, rå",Frukt og bær,Frukt og bær,287,68,83,0.2,0.1,0,0,0.1,0,0,0,0,0,0.1,0.1,0,0,0,0,0,0,0,0,0,0.1,0,15.2,0,15.2,0,0,1,0.7,0,0,0,0,0,0,0,0.2,0.04,0.01,0.2,0.3,0.04,6,0,2,8,0.2,1,217,6,0,0,0.07,19,1,A01DX#F10.A0F2Q$F28.A07HS
6.528,"Drue, rå",Frukt og bær,Frukt og bær,300,71,82,0.2,0.1,0,0,0.1,0,0,0,0,0,0.1,0,0,0,0,0,0,0,0,0,0,0,0,16.1,0,16.1,0,0,1,0.7,0,0,1,1,0,6,0,0.2,0.07,0.03,0.2,0.3,0.04,6,0,3,10,0.2,1,215,7,0,0,0.09,19,1,A01DX#F28.A07HS
6.755,"Drue, rød, rå",Frukt og bær,Frukt og bær,313,74,81,0.1,0,0,0,0.1,0,0,0,0,0,0,0.1,0,0,0,0,0,0,0,0,0,0.1,0,17,0,17,0,0,1,0.6,0,0,1,2,0,12,0,0.2,0.09,0.01,0.2,0.3,0.04,6,0,3,11,0.2,1,213,7,0,0,0.1,18,1,A01DX#F10.A0F2S$F28.A07HS
6.62,"Eple, Granny Smith, Golden Delicious, rå",Frukt og bær,Frukt og bær,171,41,89,0.1,0,0,0,0,0,0,0,0,0,0,0,0,0,0,0,0,0,0,0,0,0,0,8.8,0,8.8,0,0,3,0,0,0,3,5,0,34,0,0.3,0.01,0,0.1,0.1,0.04,3,0,0,4,0.1,0,62,4,0,0,0.05,8,2,A01DJ#F28.A07HS
6.621,"Eple, Ingrid Marie, rå",Frukt og bær,Frukt og bær,201,48,87,0.1,0,0,0,0,0,0,0,0,0,0,0,0,0,0,0,0,0,0,0,0,0,0,10.7,0.4,10.3,0,0,2,0,0,0,1,2,0,16,0,0.4,0.01,0.01,0.1,0.1,0.05,2,0,5,2,0.1,0,68,4,0,0,0.03,6,2,A01DJ#F28.A07HS
6.848,"Eple, Pink lady, rå",Frukt og bær,Frukt og bær,232,55,85,0,0,0,0,0,0,0,0,0,0,0,0,0,0,0,0,0,0,0,0,0,0,0,12.3,0,12.3,0,0,3,0,0,0,3,5,0,32,0,0,0,0,0,0,0.06,0,0,2,3,0.1,0,110,3,0,0,0.03,8,0,A01DJ#F01.A05YG$F02.A0ELC$F27.A01DJ
6.622,"Eple, Rød aroma, rå",Frukt og bær,Frukt og bær,210,50,87,0.1,0,0,0,0,0,0,0,0,0,0,0,0,0,0,0,0,0,0,0,0,0,0,11.2,0.4,10.8,0,0,2,0,0,0,1,2,0,16,0,0.3,0.01,0,0.2,0.2,0.04,5,0,5,3,0.1,0,58,4,0,0,0.03,6,2,A01DJ#F28.A07HS
6.53,"Eple, hermetisk",Frukt og bær,Frukt og bær,291,69,83,0.5,0.1,0,0,0.1,0,0,0,0,0,0.2,0.1,0,0,0,0,0,0,0,0,0,0.1,0,15,0,15,9.3,9.3,2,0.2,0,0,3,5,0,30,0,0.1,0.09,0.01,0,0,0.03,1,0,0,4,0.2,4,112,2,0,0,0.02,5,0,A01NQ
6.757,"Eple, importert, rå",Frukt og bær,Frukt og bær,202,48,87,0,0,0,0,0,0,0,0,0,0,0,0,0,0,0,0,0,0,0,0,0,0,0,10.6,0,10.6,0,0,3,0,0,0,3,5,0,33,0,0.1,0.01,0,0.1,0.1,0.05,1,0,1,3,0.1,0,86,3,0,0,0.04,8,1,A01DJ#F26.A07XD$F28.A07HS
6.529,"Eple, norsk, uspesifisert, rå",Frukt og bær,Frukt og bær,206,49,87,0.1,0,0,0,0,0,0,0,0,0,0,0,0,0,0,0,0,0,0,0,0,0,0,11,0.4,10.6,0,0,2,0,0,0,1,2,0,16,0,0.4,0.01,0.01,0.2,0.3,0.05,3,0,5,3,0.1,0,63,4,0,0,0.03,6,2,A01DJ#F28.A07HS
6.531,"Eple, tørket",Frukt og bær,Frukt og bær,1151,272,28,0.5,0.1,0,0,0.1,0,0,0,0,0,0.3,0.2,0,0,0,0,0,0,0,0,0,0.2,0,60.1,0,60.1,0,0,10,2,0,0,8,15,0,91,0,1.5,0,0.16,0.9,1.2,0.13,0,0,0,16,0.5,16,540,16,0.5,0,0.11,43,8,A01MC
6.758,"Eple, uspesifisert, rå",Frukt og bær,Frukt og bær,194,46,87,0,0,0,0,0,0,0,0,0,0,0,0,0,0,0,0,0,0,0,0,0,0,0,10.1,0.1,10,0,0,3,0,0,0,3,5,0,30,0,0.2,0.01,0,0.1,0.2,0.05,2,0,2,3,0.1,0,82,3,0,0,0.04,7,1,A01DJ#F26.A07XD$F28.A07HS
6.804,Eplemos,Frukt og bær,Frukt og bær,762,179,55,0,0,0,0,0,0,0,0,0,0,0,0,0,0,0,0,0,0,0,0,0,0,0,44.4,0.2,44.2,40,40,0.9,0,0,0,0,0,0,5,0,0.2,0,0,0.1,0.1,0.02,0,0,2,1,0,0,23,2,0,0,0.01,2,0,A01MM#F02.A0EMA$F04.A01DJ$F04.A0BY6$F28.A0BA1
6.802,"Eplemos, lett",Frukt og bær,Frukt og bær,463,109,72,0,0,0,0,0,0,0,0,0,0,0,0,0,0,0,0,0,0,0,0,0,0,0,26.6,0.2,26.3,20,20,1,0,0,0,1,1,0,8,0,0.2,0,0,0.1,0.2,0.03,1,0,2,2,0.1,0,34,2,0,0,0.02,4,1,A01MM#F02.A0EMA$F04.A01DJ$F04.A0BY6$F10.A077M$F28.A0BA1
6.803,"Eplemos, uten tilsatt sukker",Frukt og bær,Frukt og bær,164,39,89,0,0,0,0,0,0,0,0,0,0,0,0,0,0,0,0,0,0,0,0,0,0,0,8.8,0.3,8.4,0,0,2,0,0,0,1,2,0,13,0,0.3,0.01,0,0.2,0.2,0.04,3,0,4,2,0.1,0,50,3,0,0,0.02,5,2,A01MM#F02.A0EMA$F04.A01DJ$F04.A0BY6$F10.A077K$F28.A0BA1
6.533,"Fersken, hermetisk, med egen saft",Frukt og bær,Frukt og bær,182,43,89,0,0,0,0,0,0,0,0,0,0,0,0,0,0,0,0,0,0,0,0,0,0,0,9.7,0,9.7,0,0,0.8,0.6,0,0,6,11,0,67,0,0,0.01,0.01,0.6,0.7,0.02,2,0,6,4,0.4,12,170,7,0.1,0,0.04,19,0,A01NY#F06.A169N
6.534,"Fersken, hermetisk, med sukkerlake",Frukt og bær,Frukt og bær,254,60,85,0,0,0,0,0,0,0,0,0,0,0,0,0,0,0,0,0,0,0,0,0,0,0,14,0,14,4.7,4.7,0.9,0.5,0,0,6,12,0,75,0,0,0.01,0.01,0.6,0.7,0.02,7,0,5,3,0.2,4,110,5,0,0,0,11,0,A01NY#F06.A06XZ
6.532,"Fersken, rå",Frukt og bær,Frukt og bær,183,43,88,0.3,0,0,0,0,0,0,0.1,0,0.1,0.1,0.1,0,0,0,0,0,0,0,0,0,0.1,0,8.3,0,8.3,0,0,2,0.9,0,0,2,3,0,19,0,0.8,0,0.03,0.4,0.6,0.03,3,0,5,7,0.3,0,215,9,0.1,0,0.08,21,0,A01GM#F28.A07HS
6.212,"Fiken, rå",Frukt og bær,Frukt og bær,218,52,86,0.3,0.1,0,0,0.1,0,0,0.1,0,0.1,0.1,0.1,0,0,0,0,0,0,0,0,0,0.1,0,9.5,0,9.5,0,0,3,1.3,0,0,13,25,0,150,0,0.1,0.03,0.03,0.4,0.6,0.08,6,0,2,38,0.3,3,200,15,0.3,0,0.06,15,0,A01HG#F01.A062F$F02.A0ELC$F27.A01HG
6.535,"Fiken, tørket",Frukt og bær,Frukt og bær,1078,255,33,1.2,0.1,0,0,0.1,0,0,0.2,0,0.2,0.7,0.3,0.4,0,0,0,0,0,0,0,0.4,0.3,0,53,5.1,47.9,0,0,10,3.1,0.3,0,5,9,0,59,0,0.3,0.07,0.04,0.9,1.4,0.35,3,0,1,191,1.4,111,784,67,0.5,0,0.3,75,2,A01MG
6.854,Fikensyltetøy,Frukt og bær,Frukt og bær,936,220,45,0.1,0,0,0,0,0,0,0,0,0,0,0.1,0,0,0,0,0,0,0,0,0,0.1,0,53.6,0,53.6,50,50,1,0.6,0,0,5,9,0,54,0,0.1,0.01,0.01,0.2,0.3,0.03,1,0,0,18,0.1,1,59,6,0.1,0,0.03,6,0,A01MM#F02.A0EMA$F04.A01HG$F04.A0BY6$F28.A0BA1
6.536,"Fruktcocktail, hermetisk, med egen saft",Frukt og bær,Frukt og bær,214,50,87,0,0,0,0,0,0,0,0,0,0,0,0,0,0,0,0,0,0,0,0,0,0,0,11.7,0,11.7,0,0,1,0.4,0,0,5,9,0,54,0,0,0.01,0.01,0.3,0.4,0.04,6,0,14,9,0.4,3,95,7,0.1,0,0.04,14,0,A01QK#F06.A169N
6.537,"Fruktcocktail, hermetisk, med sukkerlake",Frukt og bær,Frukt og bær,266,63,84,0,0,0,0,0,0,0,0,0,0,0,0,0,0,0,0,0,0,0,0,0,0,0,14.8,0,14.8,11.4,11.4,1,0.4,0,0,5,9,0,54,0,0,0.02,0.01,0.4,0.5,0.03,5,0,4,5,0.3,3,95,5,0.1,0,0.02,9,0,A01QK#F06.A06XZ
6.77,"Galiamelon, rå",Frukt og bær,Frukt og bær,137,32,91,0,0,0,0,0,0,0,0,0,0,0,0,0,0,0,0,0,0,0,0,0,0,0,6.9,0,6.9,0,0,1,0.5,0,0,1,2,0,17,0,0,0.03,0.01,0.4,0.5,0.05,25,0,16,14,0.2,20,274,14,0.1,0,0.03,11,0,A00KF#F28.A07HS
6.843,"Gojibær, tørket",Frukt og bær,Frukt og bær,1224,290,25,2.4,0.9,0,0,0.7,0,0,0.3,0,0.3,0.6,0.4,0.2,0,0,0,0,0,0,0,0.2,0.4,0,50.5,0,50.5,0,0,11,11.2,0.9,0,26,51,0,311,0,6.3,0.12,0.77,3.9,5.8,0.08,57,0,0,58,3.1,360,1500,100,0.8,0,0.54,240,0,A01MA#F02.A0ELV$F27.A04RK$F28.A07KG
6.596,"Granateple, rå",Frukt og bær,Frukt og bær,337,80,80,1.2,0.1,0,0,0.1,0,0,0.1,0,0.1,0.1,0.1,0,0,0,0,0,0,0,0,0,0.1,0,13.7,0,13.7,0,0,4,1.7,0,0,0,0,0,0,0,0.6,0.07,0.05,0.3,0.6,0.08,38,0,10,10,0.3,3,236,12,0.4,1,0.16,36,0,A01LH#F28.A07HS
6.845,"Granateplekjerner, fryst",Frukt og bær,Frukt og bær,270,64,82,0.4,0.1,0,0,0.1,0,0,0.1,0,0.1,0.1,0.1,0,0,0,0,0,0,0,0,0,0.1,0,11.4,0,11.4,0,0,6,1,0,0,0,0,0,0,0,0.2,0.09,0.01,0.2,0.4,0.02,14,0,3,15,0.5,1,225,16,0.3,0,0.2,40,0,A01LH#F01.A064R$F02.A0ELC$F27.A01LH$F28.A07KQ
6.538,"Grapefrukt, rå",Frukt og bær,Frukt og bær,150,36,90,0.1,0,0,0,0,0,0,0,0,0,0,0,0,0,0,0,0,0,0,0,0,0,0,7.3,0,7.3,0,0,2,0.5,0,0,55,110,0,663,0,0.2,0.03,0.02,0.1,0.2,0.35,22,0,45,26,0.1,1,138,9,0.1,0,0.03,18,3,A01CY#F28.A07HS
6.597,"Guava, rå",Frukt og bær,Frukt og bær,207,50,86,1,0.3,0,0,0.2,0,0,0.1,0,0.1,0.4,0.3,0.1,0,0,0,0,0,0,0,0.1,0.3,0,5,0.1,4.9,0,0,5,2.6,0,0,31,62,0,374,0,0.7,0.07,0.04,1.1,1.5,0.11,49,0,228,18,0.3,2,417,22,0.2,1,0.23,33,0,A0CGD#F28.A07HS
6.61,"Honningmelon, rå",Frukt og bær,Frukt og bær,131,31,92,0.1,0,0,0,0,0,0,0,0,0,0.1,0,0,0,0,0,0,0,0,0,0,0,0,7,0,7,0,0,0.7,0.2,0.1,0,1,1,0,11,0,0,0.01,0.01,0.2,0.2,0.04,19,0,14,7,0.1,24,235,10,0.1,0,0.02,12,3,A00KF#F28.A07HS
6.598,"Hyllebær, rå",Frukt og bær,Frukt og bær,195,47,86,0.5,0,0,0,0,0,0,0,0,0.1,0.3,0.2,0.1,0,0,0,0,0,0,0,0.1,0.2,0,6.5,0,6.5,0,0,7,0.7,0,0,27,54,0,325,0,1,0.07,0.06,1.7,1.8,0.18,17,0,29,47,0.9,8,321,32,0.2,1,0.06,56,3,A01FX#F28.A07HS
6.629,"Jackfrukt, rå",Frukt og bær,Frukt og bær,410,97,76,0.6,0.2,0,0,0.1,0,0,0.2,0,0.1,0.1,0,0.1,0,0,0,0,0,0,0,0.1,0,0,20.3,1.2,19.1,0,0,2,1.7,0,0,5,10,0,61,0,0.3,0.11,0.06,0.9,1.2,0.33,24,0,14,24,0.2,2,448,29,0.1,0,0.08,21,0,A01LR#F28.A07HS
6.588,"Jordbær, 100 g sukker pr. kg bær, fryst",Frukt og bær,Frukt og bær,304,72,81,0.2,0,0,0,0,0,0,0,0,0,0.2,0.1,0.1,0,0,0,0,0,0,0,0.1,0.1,0,15.9,0,15.9,9.1,9.1,2,0.5,0,0,1,1,0,9,0,0.8,0.02,0.02,0.4,0.5,0.07,30,0,57,20,0.3,1,183,14,0.1,0,0.05,30,0,A01MN#F02.A0EMA$F04.A01EA$F04.A0BY6$F28.A0BA1
6.505,"Jordbær, 250 g sukker pr. kg bær, fryst",Frukt og bær,Frukt og bær,471,111,72,0.2,0,0,0,0,0,0,0,0,0,0.2,0.1,0.1,0,0,0,0,0,0,0,0.1,0.1,0,26,0,26,20,20,2,0.5,0,0,1,1,0,8,0,0.7,0.01,0.02,0.3,0.4,0.06,27,0,50,17,0.3,1,162,13,0.1,0,0.04,26,0,A01MN#F02.A0EMA$F04.A01EA$F04.A0BY6$F28.A0BA1
6.84,"Jordbær, fryst",Frukt og bær,Frukt og bær,110,26,93,0,0,0,0,0,0,0,0,0,0,0,0,0,0,0,0,0,0,0,0,0,0,0,5.7,0,5.7,0,0,2,0,0,0,1,1,0,6,0,0.5,0,0.02,0.3,0.3,0.04,9,0,39,17,0.3,1,135,12,0.1,0,0.03,19,0,A01EA#F01.A05YV$F02.A0ELC$F27.A01EA$F28.A07KQ
6.504,"Jordbær, rå",Frukt og bær,Frukt og bær,144,34,91,0.2,0,0,0,0,0,0,0,0,0,0.2,0.1,0.1,0,0,0,0,0,0,0,0.1,0.1,0,6.6,0,6.6,0,0,2,0.5,0,0,1,1,0,10,0,0.7,0.02,0.02,0.4,0.5,0.07,49,0,69,20,0.3,1,197,14,0.1,0,0.05,29,0,A01EA#F28.A07HS
6.808,Jordbærsyltetøy,Frukt og bær,Frukt og bær,738,174,56,0.1,0,0,0,0,0,0,0,0,0,0.1,0,0,0,0,0,0,0,0,0,0,0,0,42.6,0,42.6,40,40,0.8,0.2,0,0,0,0,0,3,0,0.3,0.01,0.01,0.1,0.2,0.03,12,0,22,8,0.1,0,72,6,0,0,0.02,12,0,A01MN#F02.A0EMA$F04.A01EA$F04.A0BY6$F28.A0BA1
6.806,"Jordbærsyltetøy, lett",Frukt og bær,Frukt og bær,503,118,70,0.1,0,0,0,0,0,0,0,0,0,0.1,0.1,0,0,0,0,0,0,0,0,0,0.1,0,28.6,0,28.6,25,25,1,0.3,0,0,0,0,0,5,0,0.4,0.01,0.01,0.2,0.3,0.04,16,0,30,10,0.2,1,96,8,0.1,0,0.03,16,0,A01MN#F02.A0EMA$F04.A01EA$F04.A0BY6$F10.A077M$F28.A0BA1
6.805,"Jordbærsyltetøy, rørt/fryst",Frukt og bær,Frukt og bær,455,107,73,0.2,0,0,0,0,0,0,0,0,0,0.1,0.1,0.1,0,0,0,0,0,0,0,0.1,0.1,0,25.3,0,25.3,20,20,2,0.4,0,0,1,1,0,8,0,0.6,0.02,0.02,0.3,0.4,0.06,39,0,55,16,0.2,1,158,11,0.1,0,0.04,23,0,A01MN#F02.A0EMA$F04.A01EA$F04.A0BY6$F28.A07KQ$F28.A0BA1
6.807,"Jordbærsyltetøy, uten tilsatt sukker",Frukt og bær,Frukt og bær,115,27,93,0.2,0,0,0,0,0,0,0,0,0,0.1,0.1,0.1,0,0,0,0,0,0,0,0.1,0.1,0,5.3,0,5.3,0,0,2,0.4,0,0,1,1,0,7,0,0.6,0.01,0.02,0.3,0.4,0.05,24,0,44,15,0.2,1,142,11,0.1,0,0.04,23,0,A01MN#F02.A0EMA$F04.A01EA$F04.A0BY6$F10.A077K$F28.A0BA1
6.599,"Kaktusfiken, rå",Frukt og bær,Frukt og bær,208,49,87,0.3,0.1,0,0,0.1,0,0,0.1,0,0.1,0.1,0.1,0,0,0,0,0,0,0,0,0,0.1,0,9.7,0,9.7,0,0,3,0.7,0,0,3,5,0,30,0,0,0.02,0.04,0.4,0.5,0.02,5,0,22,53,0.4,4,210,57,0.6,1,0.08,27,0,A01KD#F28.A07HS
6.6,"Kantaloupemelon, rå",Frukt og bær,Frukt og bær,163,38,90,0.2,0.1,0,0,0,0,0,0,0,0,0.1,0,0.1,0,0,0,0,0,0,0,0.1,0,0,7.9,0,7.9,0,0,0.9,0.8,0,0,167,333,0,2000,0,0.1,0.04,0.02,0.7,0.8,0.07,21,0,37,9,0.2,16,267,12,0.2,0,0.04,15,4,A00KF#F28.A07HS
6.506,"Kirsebær, rå",Frukt og bær,Frukt og bær,174,41,89,0,0,0,0,0,0,0,0,0,0,0,0,0,0,0,0,0,0,0,0,0,0,0,9,0,9,0,0,1,0.7,0,0,15,29,0,178,0,0.6,0.04,0.02,0.2,0.3,0.03,4,0,4,18,0.3,0,220,13,0.1,0,0.1,25,0,A01GK#F28.A07HS
6.809,Kirsebærsyltetøy,Frukt og bær,Frukt og bær,749,176,56,0,0,0,0,0,0,0,0,0,0,0,0,0,0,0,0,0,0,0,0,0,0,0,43.6,0,43.6,40,40,0.4,0.3,0,0,5,10,0,61,0,0.2,0.01,0.01,0.1,0.1,0.01,1,0,1,7,0.1,0,80,5,0,0,0.04,10,0,A01MM#F02.A0EMA$F04.A01GG$F04.A0BY6$F28.A0BA1
6.539,"Kiwi, rå",Frukt og bær,Frukt og bær,213,51,87,0.7,0.1,0,0,0,0,0,0.1,0,0.1,0.1,0.1,0.4,0,0,0,0,0,0,0,0.4,0.1,0,8.6,0,8.6,0,0,3,0.9,0,0,2,4,0,27,0,1,0,0.02,0.2,0.3,0.04,16,0,91,38,0.2,1,295,15,0.1,0,0.16,33,6,A01JT#F28.A07HS
6.526,"Klementin, rå",Frukt og bær,Frukt og bær,168,40,90,0.2,0,0,0,0,0,0,0,0,0,0,0,0,0,0,0,0,0,0,0,0,0,0,8.1,0,8.1,0,0,1,0.9,0,0,9,17,0,105,0,0.6,0.13,0.02,0.3,0.5,0.07,24,0,37,25,0.1,1,154,10,0,0,0.04,19,0,A01CE#F28.A07HS
6.623,"Kokebanan, melbanan, plantain, rå",Frukt og bær,Frukt og bær,557,132,66,0.4,0.1,0,0,0.1,0,0,0,0,0,0.1,0,0,0,0,0,0,0,0,0,0,0,0,29.6,14.6,15,0,0,2,1.3,0,0,38,76,0,457,0,0.1,0.05,0.05,0.7,0.9,0.3,22,0,18,3,0.6,4,499,37,0.1,2,0.08,34,0,A01LE#F28.A07HS
6.554,"Kokosmasse, usøtet",Frukt og bær,Frukt og bær,2774,674,11,67.2,60.7,32.4,12.3,5.2,1.9,0,3,0,3,0.5,0.5,0,0,0,0,0,0,0,0,0,0.5,0,6.4,0,6.4,0,0,9,6.3,0.1,0,0,0,0,0,0,0,0.03,0,1.4,2.5,0.12,6,0,0,12,2.4,25,793,109,1.2,0,0.71,185,1,A014K#F01.A05RC$F02.A066R$F27.A014K$F28.A07KZ
6.769,"Kokosnøtt, rå",Frukt og bær,Frukt og bær,1473,358,48,33.5,29.7,14.9,5.9,2.8,1.7,0,1.4,0,1.4,0.4,0.4,0,0,0,0,0,0,0,0,0,0.4,0,6.2,0,6.2,0,0,9,3.3,0.1,0,0,0,0,0,0,0.2,0.07,0.02,0.5,1.1,0.05,26,0,3,14,2.4,20,356,32,1.1,2,0.43,113,1,A014K#F28.A07HS
6.54,"Kompott, av frukt og bær",Frukt og bær,Frukt og bær,434,102,74,0,0,0,0,0,0,0,0,0,0,0,0,0,0,0,0,0,0,0,0,0,0,0,25,2.6,22.4,19,19,0.8,0.1,0,0,1,2,0,12,0,0.1,0,0,0.1,0.1,0.01,0,0,1,3,0,0,40,2,0,0,0.03,7,0,A01PR#F04.A01DJ$F04.A01GQ
6.619,"Krekling, krøkebær, rå",Frukt og bær,Frukt og bær,159,38,88,0.5,0.1,0,0,0,0,0,0.1,0,0.1,0.2,0.2,0.1,0,0,0,0,0,0,0,0.1,0.2,0,5.3,0,5.3,0,0,6,0.3,0,0,1,2,0,13,0,0.1,0.03,0,0.4,0.5,0.06,6,0,11,8,0.3,4,83,5,0.1,0,0.04,9,0,A01GC#F28.A07HS
6.601,"Kumquat, rå",Frukt og bær,Frukt og bær,276,66,81,0.9,0.1,0,0,0.1,0,0,0.2,0,0.1,0.2,0.1,0.1,0,0,0,0,0,0,0,0.1,0.1,0,9.4,0,9.4,0,0,7,1.9,0,0,0,0,0,0,0,0.2,0.04,0.09,0.4,0.7,0.04,17,0,44,62,0.9,10,186,20,0.2,2,0.1,19,0,A0DRT#F28.A07HS
6.603,"Lime, rå",Frukt og bær,Frukt og bær,71,17,95,0.2,0,0,0,0,0,0,0,0,0,0.1,0,0,0,0,0,0,0,0,0,0,0,0,1.7,0,1.7,0,0,3,0.7,0,0,3,5,0,30,0,0.2,0.03,0.02,0.2,0.3,0.04,8,0,29,33,0.6,2,102,6,0.1,0,0.07,18,1,A01CA#F28.A07HS
6.604,"Litchi, rå",Frukt og bær,Frukt og bær,299,71,82,0.4,0.1,0,0,0.1,0,0,0.1,0,0.1,0.1,0.1,0.1,0,0,0,0,0,0,0,0.1,0.1,0,15.2,0,15.2,0,0,1,0.8,0,0,0,0,0,0,0,0.1,0.01,0.07,0.6,0.7,0.1,14,0,72,5,0.3,1,171,10,0.1,1,0.15,31,0,A01JV#F28.A07HS
6.839,"Mango, fryst",Frukt og bær,Frukt og bær,194,46,88,0,0,0,0,0,0,0,0,0,0,0,0,0,0,0,0,0,0,0,0,0,0,0,10.7,0,10.7,0,0,2,0,0,0,42,84,0,506,0,1.1,0.02,0.03,0.4,0.4,0.05,5,0,15,7,0.1,2,140,7,0.1,0,0.06,10,0,A01LF#F01.A064P$F02.A0ELC$F27.A01LF$F28.A07KQ
6.542,"Mango, rå",Frukt og bær,Frukt og bær,211,50,87,0.3,0.1,0,0,0.1,0,0,0.1,0.1,0.1,0.1,0,0.1,0,0,0,0,0,0,0,0.1,0,0,10.6,0,10.6,0,0,2,0.2,0,0,24,47,0,285,0,1,0.02,0.03,0.5,0.5,0.05,30,0,22,10,0.1,0,149,10,0.1,0,0.07,11,7,A01LF#F28.A07HS
6.226,"Mango, tørket",Frukt og bær,Frukt og bær,1133,268,28,0,0.2,0,0,0.1,0,0,0.3,0.2,0.1,0.1,0,0.1,0,0,0,0,0,0,0,0.1,0,0,59.2,6.1,53.1,0,0,9,3.1,0,0,103,206,0,1240,0,3.8,0.08,0.27,2.4,2.9,0.08,280,0,28,37,0.7,18,990,58,0.4,14,0.39,81,0,A01MK#F02.A0ELV$F27.A01LF$F28.A07KG
6.227,"Mango, tørket, søtet",Frukt og bær,Frukt og bær,1394,329,15,0,0,0,0,0,0,0,0,0,0,0,0,0,0,0,0,0,0,0,0,0,0,0,78.8,8.6,70.2,10.4,10.4,6,0.7,0.2,0,6,12,0,77,0,0.7,0,0.14,0.1,0.2,0.2,6,0,0,33,0.2,69,8,3,0,0,0.08,25,0,A01MK#F02.A0ELV$F08.A0BY6$F27.A01LF$F28.A07KG
6.203,"Mangosalsa, hjemmelaget",Frukt og bær,Frukt og bær,199,47,88,0.8,0.1,0,0,0.1,0,0,0.5,0.1,0.4,0.2,0.1,0.1,0,0,0,0,0,0,0,0.1,0.1,0,8.3,0.1,8.3,0,0,2,0.4,0.7,0,21,42,0,257,0,1,0.02,0.05,0.4,0.5,0.07,28,0,19,14,0.2,276,169,11,0.1,0,0.06,17,4,A045V#F02.A06HG$F04.A01LF$F22.A07SS
6.507,"Moreller, rå",Frukt og bær,Frukt og bær,222,52,86,0.1,0,0,0,0,0,0,0,0,0,0,0,0,0,0,0,0,0,0,0,0,0,0,11.3,0,11.3,0,0,1,0.9,0,0,5,10,0,61,0,0.3,0.03,0.01,0.1,0.3,0.03,11,0,9,14,0.2,0,214,10,0.1,0,0.08,23,0,A01GK#F28.A07HS
6.508,"Multer, molter, rå",Frukt og bær,Frukt og bær,191,46,87,1.1,0.1,0,0,0.1,0,0,0.1,0,0.1,0.7,0.3,0.3,0,0,0,0,0,0,0,0.3,0.3,0,4.4,0,4.4,0,0,6,1.6,0,0,12,23,0,140,0,3.2,0.02,0.02,0.5,0.8,0.07,49,0,95,17,0.5,1,218,30,0.6,0,0.07,41,0,A01EM#F28.A07HS
6.81,Multesyltetøy,Frukt og bær,Frukt og bær,596,141,64,0.5,0,0,0,0,0,0,0,0,0,0.3,0.1,0.1,0,0,0,0,0,0,0,0.1,0.1,0,32,0,32,30,30,3,0.7,0,0,4,9,0,54,0,1.4,0.01,0.01,0.2,0.3,0.03,13,0,34,7,0.2,0,89,14,0.3,0,0.03,18,0,A01MM#F02.A0EMA$F04.A01EM$F04.A0BY6$F28.A0BA1
6.509,"Multesyltetøy, rørt/fryst",Frukt og bær,Frukt og bær,472,112,71,0.9,0.1,0,0,0.1,0,0,0.1,0,0.1,0.6,0.3,0.2,0,0,0,0,0,0,0,0.2,0.3,0,22.8,0,22.8,20,20,4,1.2,0,0,7,14,0,84,0,2.6,0.01,0.01,0.3,0.6,0.04,20,0,30,13,0.4,1,105,19,0.5,0,0.06,26,0,A01MM#F02.A0EMA$F04.A01EM$F04.A0BY6$F28.A07KQ$F28.A0BA1
6.63,"Nashi, asiatisk pære, rå",Frukt og bær,Frukt og bær,165,39,89,0.2,0,0,0,0,0,0,0,0,0.1,0.1,0.1,0,0,0,0,0,0,0,0,0,0.1,0,7,0,7,0,0,4,0.5,0,0,0,0,0,0,0,0.1,0.01,0.01,0.2,0.3,0.02,8,0,4,4,0,0,121,8,0,0,0.05,11,0,A01DQ#F28.A07HS
6.605,"Nektarin, rå",Frukt og bær,Frukt og bær,168,40,90,0.3,0,0,0,0,0,0,0.1,0,0.1,0.1,0.1,0,0,0,0,0,0,0,0,0,0.1,0,7.8,0,7.8,0,0,2,0.8,0,0,13,25,0,150,0,0.7,0.01,0,0.6,0.7,0,5,0,3,7,0.1,0,214,9,0.1,0,0.07,24,0,A01GN#F28.A07HS
6.772,"Nype, rå",Frukt og bær,Frukt og bær,201,48,84,0.5,0,0,0,0,0,0,0.1,0,0.1,0.3,0.2,0.1,0,0,0,0,0,0,0,0.1,0.2,0,6.1,0.1,6,0,0,8,0.7,0,0,950,1900,0,11400,0,7.1,0.06,0.07,0.5,0.6,0.05,52,0,601,130,0.3,1,360,29,0.3,10,0.18,46,1,A0CFR#F28.A07HS
6.511,"Nypesuppe, pulver",Frukt og bær,Frukt og bær,1266,299,23,0.2,0,0,0,0,0,0,0,0,0,0,0.1,0,0,0,0,0,0,0,0,0.1,0.1,0,71,0,71,71,71,5,0.7,0.1,0,48,96,0,580,0,0,0.01,0.24,0.3,0.4,0,0,0,190,155,1.3,32,469,39,0.1,0,0,35,0,A0B9K#F04.A0CFR
6.811,Nypesyltetøy,Frukt og bær,Frukt og bær,760,179,54,0.2,0,0,0,0,0,0,0,0,0,0.1,0.1,0,0,0,0,0,0,0,0,0,0.1,0,42.4,0,42.4,40,40,3,0.3,0,0,323,646,0,3876,0,2.8,0.02,0.03,0.2,0.2,0.02,12,0,192,50,0.1,1,130,12,0.1,4,0.07,18,0,A01MZ#F02.A0EMA$F04.A0BY6$F04.A0CFR$F28.A0BA1
6.606,"Papaya, rå",Frukt og bær,Frukt og bær,197,47,88,0.3,0.1,0,0,0.1,0,0,0.1,0,0,0.1,0,0.1,0,0,0,0,0,0,0,0.1,0,0,9.5,0,9.5,0,0,2,0.7,0,0,15,30,0,185,0,0.4,0.02,0.03,0.4,0.5,0.04,37,0,68,21,0.2,14,215,17,0.1,1,0.03,9,0,A01LG#F28.A07HS
6.625,"Papaya, tørket",Frukt og bær,Frukt og bær,1099,259,33,0.6,0.2,0,0,0.1,0,0,0.2,0.1,0.1,0.2,0,0.1,0,0,0,0,0,0,0,0.1,0,0,57.6,5.4,52.2,0,0,5,3.4,0,0,567,1133,0,6800,0,0.5,0.18,0.17,1.4,2,0.11,3,0,219,135,0.6,17,1439,56,0.4,1,0,28,0,A01MA#F27.A01LG
6.607,"Paradisepler, rå",Frukt og bær,Frukt og bær,133,32,92,0.3,0,0,0,0,0,0,0,0,0,0.1,0,0,0,0,0,0,0,0,0,0,0,0,5.8,0,5.8,0,0,2,0.4,0,0,2,4,0,24,0,0.6,0.03,0.02,0.1,0.2,0.05,3,0,8,18,0.4,1,194,7,0,1,0.07,15,0,A01DK#F28.A07HS
6.581,"Pasjonsfrukt, rå",Frukt og bær,Frukt og bær,184,44,88,0.4,0.1,0,0,0,0,0,0.1,0,0.1,0.1,0.2,0,0,0,0,0,0,0,0,0,0.2,0,5.8,0,5.8,0,0,3,2.6,0,0,63,125,0,750,0,0,0.03,0.12,1.5,1.9,0.1,14,0,23,11,1.3,19,200,29,0.8,0,0.09,64,1,A01KC#F28.A07HS
6.766,"Physalis, rå",Frukt og bær,Frukt og bær,268,64,83,0.6,0.2,0,0,0,0,0,0.1,0,0,0.1,0,0,0,0,0,0,0,0,0,0,0,0,10.7,0,10.7,0,0,4,1.8,0,0,138,275,0,1650,0,0.7,0.11,0.04,2.8,3.1,0.26,51,0,11,8,0.8,1,382,23,0.4,2,0,39,1,A0DMT#F28.A07HS
6.545,"Plomme, hermetisk, med sukkerlake",Frukt og bær,Frukt og bær,391,92,77,0.1,0,0,0,0,0,0,0,0,0,0,0,0,0,0,0,0,0,0,0,0,0,0,22,0.1,21.9,16.4,16.4,1,0.3,0,0,2,4,0,27,0,0.2,0.01,0.01,0.2,0.3,0.02,0,0,4,7,0.1,0,120,5,0.1,0,0.04,13,0,A01NT#F06.A06XY
6.544,"Plomme, rå",Frukt og bær,Frukt og bær,186,44,88,0.1,0,0,0,0,0,0,0,0,0.1,0,0,0,0,0,0,0,0,0,0,0,0,0,9.3,0.2,9.1,0,0,2,0.5,0,0,4,7,0,45,0,0.4,0.02,0.02,0.4,0.5,0.04,1,0,7,11,0.1,0,199,9,0.1,0,0.07,21,0,A01GQ#F28.A07HS
6.812,Plommesyltetøy,Frukt og bær,Frukt og bær,755,178,55,0,0,0,0,0,0,0,0,0,0,0,0,0,0,0,0,0,0,0,0,0,0,0,43.7,0.1,43.6,40,40,0.8,0.2,0,0,1,2,0,15,0,0.2,0.01,0.01,0.1,0.2,0.02,0,0,2,4,0,0,72,4,0,0,0.03,8,0,A01NB#F02.A0EMA$F04.A01GQ$F04.A0BY6$F28.A0BA1
6.771,"Pomelo, rå",Frukt og bær,Frukt og bær,141,33,91,0.2,0,0,0,0,0,0,0.1,0,0,0.1,0.1,0,0,0,0,0,0,0,0,0,0.1,0,6.8,0,6.8,0,0,1,0.6,0,0,1,2,0,17,0,0.1,0.05,0.03,0.2,0.3,0.04,26,0,45,27,0.3,1,230,6,0.1,0,0.05,20,0,A01DB#F28.A07HS
6.608,"Pære, hermetisk, med egen saft",Frukt og bær,Frukt og bær,161,38,90,0,0,0,0,0,0,0,0,0,0,0,0,0,0,0,0,0,0,0,0,0,0,0,8.5,0,8.5,0,0,1,0.3,0,0,0,0,0,0,0,0,0.01,0.01,0.2,0.3,0.03,4,0,3,6,0.2,3,81,5,0.1,0,0,10,0,A01NR#F06.A06XZ
6.548,"Pære, hermetisk, med sukkerlake",Frukt og bær,Frukt og bær,237,56,86,0,0,0,0,0,0,0,0,0,0,0,0,0,0,0,0,0,0,0,0,0,0,0,13.2,0,13.2,5.1,5.1,1,0.2,0,0,0,0,0,0,0,0,0.01,0.01,0.2,0.2,0.03,3,0,2,6,0.2,3,68,4,0.1,0,0.02,7,0,A01NR#F06.A06XZ
6.759,"Pære, importert, rå",Frukt og bær,Frukt og bær,185,44,88,0.1,0,0,0,0,0,0,0,0,0.1,0,0.1,0,0,0,0,0,0,0,0,0,0.1,0,8.9,0,8.9,0,0,3,0.4,0,0,2,3,0,22,0,0.2,0.01,0.03,0.2,0.3,0.03,7,0,3,10,0.2,1,212,9,0.1,0,0.08,11,1,A01DP#F28.A07HS
6.546,"Pære, norsk, rå",Frukt og bær,Frukt og bær,183,44,87,0.1,0,0,0,0,0,0,0,0,0.1,0.1,0.1,0,0,0,0,0,0,0,0,0,0.1,0,8,0.1,7.9,0,0,5,0.4,0,0,2,3,0,20,0,0.5,0.02,0.02,0.2,0.3,0.02,4,0,8,10,0.1,0,164,8,0.1,0,0.1,16,1,A01DP#F28.A07HS
6.76,"Pære, uspesifisert, rå",Frukt og bær,Frukt og bær,185,44,88,0.1,0,0,0,0,0,0,0,0,0.1,0,0.1,0,0,0,0,0,0,0,0,0,0.1,0,8.8,0,8.8,0,0,3,0.4,0,0,2,3,0,22,0,0.2,0.01,0.02,0.2,0.3,0.03,7,0,4,10,0.2,1,207,9,0.1,0,0.08,12,1,A01DP#F26.A07XD$F28.A07HS
6.813,Rabarbrasyltetøy,Frukt og bær,Frukt og bær,713,168,57,0.1,0,0,0,0,0,0,0,0,0,0,0,0,0,0,0,0,0,0,0,0,0,0,40.7,0.1,40.6,40,40,2,0.4,0,0,2,3,0,23,0,0.1,0.01,0.01,0.1,0.2,0.01,2,0,2,35,0.1,2,113,5,0,0,0.01,6,0,A01MM#F02.A0EMA$F04.A00SD$F04.A0BY6$F28.A0BA1
6.631,"Rambutan, rå",Frukt og bær,Frukt og bær,319,75,81,0.4,0,0,0,0,0,0,0,0,0,0,0,0,0,0,0,0,0,0,0,0,0,0,16.3,0,16.3,0,0,1,1,0,0,0,0,0,0,0,0,0.02,0.06,0.6,0.8,0,0,0,78,14,0.1,1,100,10,0.6,0,0,15,0,A01KA#F28.A07HS
6.849,"Rips, hvite, rå",Frukt og bær,Frukt og bær,145,34,90,0,0,0,0,0,0,0,0,0,0,0,0,0,0,0,0,0,0,0,0,0,0,0,5.6,0,5.6,0,0,3,1.3,0,0,0,0,0,0,0,0.1,0.04,0.06,0.1,0.3,0.05,7,0,40,22,0.9,2,290,13,0.2,0,0.14,28,0,A01FM#F01.A060F$F02.A0ELC$F10.A0F2R$F27.A01FM
6.512,"Rips, rå",Frukt og bær,Frukt og bær,223,53,86,1.2,0.3,0,0,0.1,0,0,0.2,0,0.2,0.6,0.4,0.3,0,0,0,0,0,0,0,0.3,0.4,0,6.9,0,6.9,0,0,5,1.2,0,0,2,3,0,18,0,1,0.01,0.01,0.4,0.6,0.06,7,0,27,50,0.7,1,294,15,0.2,0,0.1,53,0,A01FP#F28.A07HS
6.24,Ripssyltetøy,Frukt og bær,Frukt og bær,769,181,54,0.5,0.1,0,0,0,0,0,0.1,0,0.1,0.2,0.2,0.1,0,0,0,0,0,0,0,0.1,0.2,0,42.8,0,42.8,40,40,2,0.5,0,0,1,1,0,6,0,0.4,0,0,0.1,0.2,0.02,2,0,9,19,0.3,0,107,6,0.1,0,0.04,21,0,A01MR#F02.A0EMA$F04.A01FP$F04.A0BY6$F28.A0BA1
6.838,"Ripssyltetøy, av hvite rips",Frukt og bær,Frukt og bær,738,174,56,0,0,0,0,0,0,0,0,0,0,0,0,0,0,0,0,0,0,0,0,0,0,0,42.2,0,42.2,40,40,1,0.5,0,0,0,0,0,0,0,0,0.01,0.02,0,0.1,0.02,2,0,13,9,0.4,1,105,5,0.1,0,0.05,11,0,A01MM#F02.A0EMA$F04.A01FM$F04.A0BY6$F28.A0BA1
6.773,"Rognebær, rå",Frukt og bær,Frukt og bær,167,40,87,0,0,0,0,0,0,0,0,0,0,0,0,0,0,0,0,0,0,0,0,0,0,0,6.3,0,6.3,0,0,6,0.7,0,0,3,5,0,31,0,1.2,0.04,0.07,0.4,0.5,0.07,10,0,98,41,0.9,1,330,24,0.3,0,0,40,1,A0CFV#F28.A07HS
6.549,Rosiner,Frukt og bær,Frukt og bær,1376,324,16,0,0,0,0,0,0,0,0,0,0,0,0,0,0,0,0,0,0,0,0,0,0,0,75.3,11,64.3,0,0,5,3.3,0.1,0,0,0,0,0,0,0.3,0.1,0.01,0.6,1.2,0.14,6,0,0,59,1.9,20,907,36,0.2,19,0.33,102,0,A01ME
6.767,"Sharon, kakifrukt, rå",Frukt og bær,Frukt og bær,274,65,81,0.3,0,0,0,0.1,0,0,0.1,0,0.1,0.2,0.1,0,0,0,0,0,0,0,0,0,0.1,0,12,0,12,0,0,6,0.7,0,0,21,42,0,253,0,0.7,0.03,0.02,0.1,0.2,0.1,8,0,8,8,0.2,1,208,9,0.1,1,0.11,17,0,A01HQ#F28.A07HS
6.55,"Sitron, rå",Frukt og bær,Frukt og bær,95,23,93,0.3,0,0,0,0,0,0,0,0,0,0.1,0.1,0,0,0,0,0,0,0,0,0,0.1,0,2.5,0,2.5,0,0,3,1.1,0,0,0,0,0,3,0,0.2,0.04,0.02,0.1,0.3,0.08,11,0,53,26,0.6,2,138,8,0.1,0,0.04,16,1,A01BY#F28.A07HS
6.626,Sitronskall,Frukt og bær,Frukt og bær,213,52,82,0.3,0,0,0,0,0,0,0,0,0,0.1,0.1,0,0,0,0,0,0,0,0,0,0.1,0,5.4,0,5.4,0,0,11,1.5,0,0,1,1,0,7,0,0.3,0.06,0.08,0.4,0.7,0.17,13,0,129,134,0.8,6,160,15,0.3,1,0.09,12,0,A01QE#F01.A05VY
6.86,"Smoothieblanding, ananas, mango og banan, fryst",Frukt og bær,Frukt og bær,252,60,85,0.1,0,0,0,0,0,0,0,0,0,0,0,0,0,0,0,0,0,0,0,0,0,0,13.7,1.3,12.4,0,0,1,0.3,0,0,16,32,0,193,0,0.5,0.04,0.02,0.3,0.4,0.12,19,0,25,9,0.2,1,188,15,0.1,0,0.08,13,0,A04RK#F02.A0ELC$F27.A01LF$F28.A07KQ
6.859,"Smoothieblanding, ananas, melon og banan, fryst",Frukt og bær,Frukt og bær,189,45,88,0.1,0,0,0,0,0,0,0,0,0,0,0,0,0,0,0,0,0,0,0,0,0,0,10.3,0.4,9.9,0,0,1,0.2,0,0,1,1,0,10,0,0,0.04,0.01,0.2,0.2,0.07,19,0,29,9,0.2,11,186,13,0.1,0,0.06,10,1,A04RK#F02.A0ELC$F27.A00KF$F27.A01LC$F28.A07KQ
6.857,"Smoothieblanding, ananas, papaya og mango, fryst",Frukt og bær,Frukt og bær,200,47,88,0.1,0,0,0,0,0,0,0,0,0,0,0,0,0,0,0,0,0,0,0,0,0,0,10.7,0,10.7,0,0,1,0.2,0,0,17,33,0,200,0,0.4,0.04,0.02,0.2,0.3,0.04,19,0,44,13,0.2,5,145,12,0.1,0,0.06,7,0,A04RK#F02.A0ELC$F27.A01LF$F28.A07KQ
6.858,"Smoothieblanding, banan, grønnkål, mango og ingefær, fryst",Frukt og bær,Frukt og bær,245,58,84,0.3,0.1,0,0,0.1,0,0,0,0,0,0.1,0,0.1,0,0,0,0,0,0,0,0.1,0,0,11.3,2.1,9.1,0,0,3,1.2,0,0,75,150,0,902,0,0.9,0.02,0.04,0.5,0.7,0.17,26,0,8,57,0.3,5,238,20,0.2,0,0.08,24,0,A04RK#F02.A0ELC$F27.A01AB$F27.A01LF$F28.A07KQ
6.861,"Smoothieblanding, bringebær, blåbær og banan, fryst",Frukt og bær,Frukt og bær,248,59,84,0.4,0.1,0,0,0,0,0,0.1,0,0,0.2,0.1,0.1,0,0,0,0,0,0,0,0.1,0.1,0,11.6,1.4,10.2,0,0,3,0.8,0,0,2,4,0,29,0,1,0.03,0.02,0.4,0.5,0.16,25,0,13,15,0.5,0,207,19,0.2,0,0.08,22,0,A04RK#F02.A0ELC$F27.A01EP$F28.A07KQ
6.862,"Smoothieblanding, jordbær og banan, fryst",Frukt og bær,Frukt og bær,190,45,88,0.1,0,0,0,0,0,0,0,0,0,0,0,0,0,0,0,0,0,0,0,0,0,0,9.9,1.3,8.6,0,0,2,0.3,0,0,2,3,0,20,0,0.4,0.01,0.01,0.4,0.4,0.12,17,0,31,14,0.3,1,199,17,0.1,0,0.05,21,0,A04RK#F02.A0ELC$F27.A01EA$F28.A07KQ
6.855,"Smoothieblanding, jordbær, banan og blåbær, fryst",Frukt og bær,Frukt og bær,202,48,87,0.1,0.1,0,0,0,0,0,0,0,0,0,0,0,0,0,0,0,0,0,0,0,0,0,10.4,1.3,9.1,0,0,2,0.3,0,0,2,4,0,24,0,0.6,0.02,0.02,0.4,0.4,0.11,17,0,25,13,0.3,0,191,16,0.1,0,0.05,19,0,A04RK#F02.A0ELC$F27.A01EA$F28.A07KQ
6.856,"Smoothieblanding, jordbær, bringebær og banan, fryst",Frukt og bær,Frukt og bær,191,45,88,0.2,0,0,0,0,0,0,0,0,0,0.1,0.1,0,0,0,0,0,0,0,0,0,0.1,0,9.1,1,8.1,0,0,3,0.6,0,0,1,2,0,15,0,0.6,0.01,0.02,0.4,0.5,0.14,22,0,28,18,0.5,0,200,19,0.2,0,0.07,23,0,A04RK#F02.A0ELC$F27.A01EP$F28.A07KQ
6.513,"Solbær, rå",Frukt og bær,Frukt og bær,230,55,85,1,0.1,0,0,0.1,0,0,0.2,0,0.1,0.5,0.3,0.2,0,0,0,0,0,0,0,0.2,0.3,0,7.6,0,7.6,0,0,5,1.3,0,0,9,17,0,103,0,2,0.02,0.01,0.3,0.5,0.07,15,0,159,65,1.3,0,346,26,0.2,0,0.11,68,0,A01FN#F28.A07HS
6.814,Solbærsyltetøy,Frukt og bær,Frukt og bær,772,182,54,0.4,0,0,0,0,0,0,0.1,0,0.1,0.2,0.1,0.1,0,0,0,0,0,0,0,0.1,0.1,0,43,0,43,40,40,2,0.5,0,0,3,5,0,35,0,0.8,0.01,0,0.1,0.2,0.03,4,0,51,25,0.5,0,125,10,0.1,0,0.04,27,0,A01MS#F02.A0EMA$F04.A01FN$F04.A0BY6$F28.A0BA1
6.514,"Stikkelsbær, rå",Frukt og bær,Frukt og bær,155,37,90,0.6,0.1,0,0,0,0,0,0.1,0,0.1,0.4,0.4,0.1,0,0,0,0,0,0,0,0.1,0.4,0,5.4,0,5.4,0,0,3,0.8,0,0,10,19,0,119,0,0.4,0.04,0.03,0.3,0.4,0.08,9,0,28,34,0.4,3,148,10,0.1,0,0.06,28,0,A0CFN#F28.A07HS
6.241,Stikkelsbærsyltetøy,Frukt og bær,Frukt og bær,742,175,56,0.2,0,0,0,0,0,0,0,0,0,0.2,0.2,0,0,0,0,0,0,0,0,0,0.2,0,42.2,0,42.2,40,40,1,0.3,0,0,3,6,0,40,0,0.1,0.01,0.01,0.1,0.2,0.03,2,0,9,13,0.2,1,54,4,0,0,0.02,11,0,A01MV#F02.A0EMA$F04.A0BY6$F04.A0CFN$F28.A0BA1
6.552,Svisker,Frukt og bær,Frukt og bær,712,168,37,0.3,0.1,0,0,0,0,0,0,0,0,0.1,0.1,0,0,0,0,0,0,0,0,0,0.1,0,36.5,0,36.5,0,0,5,2.3,0,0,16,32,0,193,0,1.1,0.03,0.03,2.7,3.1,0.04,1,0,0,64,1.4,3,734,36,0.4,0,0.28,69,2,A01MB
6.762,"Syltetøy, 40 % bær, 40 % sukker",Frukt og bær,Frukt og bær,742,175,56,0.1,0,0,0,0,0,0,0,0,0,0.1,0.1,0,0,0,0,0,0,0,0,0,0.1,0,42.4,0,42.4,40,40,1,0.3,0,0,1,1,0,7,0,0.5,0.01,0.01,0.2,0.2,0.02,9,0,12,7,0.1,0,65,7,0.1,0,0.03,14,0,A01MM#F02.A0EMA$F04.A0BY6$F28.A0BA1
6.591,"Syltetøy, 45 % bær, 25 % sukker",Frukt og bær,Frukt og bær,536,126,68,0.2,0,0,0,0,0,0,0,0,0,0.1,0.1,0,0,0,0,0,0,0,0,0,0.1,0,30,0,29.9,27,27,2,0.4,0,0,1,1,0,8,0,0.6,0.01,0.01,0.2,0.3,0.03,11,0,15,9,0.2,0,81,8,0.1,0,0.04,17,0,A01MM#F02.A0EMA$F04.A0BY6$F28.A0BA1
6.763,"Syltetøy, 60 % bær, 30 % sukker",Frukt og bær,Frukt og bær,603,142,64,0.2,0,0,0,0,0,0,0,0,0,0.1,0.1,0.1,0,0,0,0,0,0,0,0.1,0.1,0,33.5,0,33.5,30,30,2,0.5,0,0,1,1,0,10,0,0.8,0.01,0.01,0.2,0.3,0.03,13,0,18,11,0.2,0,97,10,0.1,0,0.04,21,0,A01MM#F10.A077M$F26.A07XD
6.761,"Syltetøy, uten tilsatt sukker",Frukt og bær,Frukt og bær,93,22,94,0.2,0,0,0,0,0,0,0,0,0,0.1,0.1,0.1,0,0,0,0,0,0,0,0.1,0.1,0,3.5,0,3.5,0,0,2,0.5,0,0,1,1,0,10,0,0.8,0.01,0.01,0.2,0.3,0.03,13,0,18,11,0.2,0,96,10,0.1,0,0.04,21,0,A01MM#F10.A077K
6.632,"Tamarind, rå",Frukt og bær,Frukt og bær,1086,256,34,0.6,0.3,0,0,0.2,0.1,0,0.2,0,0.2,0.1,0.1,0,0,0,0,0,0,0,0,0,0.1,0,57.4,18.6,38.8,0,0,5,2.8,0.1,0,2,3,0,18,0,0.1,0.43,0.15,1.9,2.4,0.07,14,0,4,74,2.8,28,628,92,0.1,1,0.09,113,0,A019J#F28.A07HS
6.624,"Tindved, havtorn, rå",Frukt og bær,Frukt og bær,352,85,82,5,1.1,0,0,1,0.1,0,2,1,1,0.9,0.6,0.3,0,0,0,0,0,0,0,0.3,0.6,0,6.3,0.1,6.2,0,0,6,0.7,0,0,72,143,0,860,0,3.1,0.03,0.21,0.3,0.4,0.11,24,0,131,10,0.7,4,40,10,0.3,0,0,12,2,A01FZ#F28.A07HS
6.765,"Tranebær, rå",Frukt og bær,Frukt og bær,116,28,87,0.1,0,0,0,0,0,0,0,0,0,0.1,0,0,0,0,0,0,0,0,0,0,0,0,4,0,4,0,0,5,0.4,0,0,3,6,0,36,0,1.2,0.01,0.02,0.1,0.2,0.06,1,0,13,15,0.7,1,80,8,0.3,0,0.05,9,0,A01FH#F28.A07HS
6.228,"Tranebær, tørket, søtet",Frukt og bær,Frukt og bær,1275,301,22,0,0,0,0,0,0,0,0.2,0,0.2,0,0,0,0,0,0,0,0,0,0,0,0,0,71.9,1.2,70.7,65.3,65.3,7,0,0,0,0,0,0,0,0,1,0.02,0.06,0.2,0.2,0.19,2,0,0,14,0.2,0,84,7,0.1,0,0.04,9,0,A01MA#F02.A0ELV$F27.A01FH$F28.A07KG
6.515,"Tyttebær, rå",Frukt og bær,Frukt og bær,183,44,88,0.6,0,0,0,0,0,0,0.1,0,0.1,0.3,0.2,0.1,0,0,0,0,0,0,0,0.1,0.2,0,7,0,7,0,0,4,0.7,0,0,1,1,0,8,0,1.5,0.01,0.01,0.6,0.7,0.02,22,0,8,25,0.3,0,118,11,0.2,0,0.1,26,0,A01FK#F28.A07HS
6.815,Tyttebærsyltetøy,Frukt og bær,Frukt og bær,753,177,55,0.2,0,0,0,0,0,0,0,0,0,0.1,0.1,0,0,0,0,0,0,0,0,0,0.1,0,42.8,0,42.8,40,40,1,0.3,0,0,0,0,0,3,0,0.6,0,0,0.2,0.3,0.01,5,0,3,10,0.1,0,43,4,0.1,0,0.04,10,0,A01MM#F02.A0EMA$F04.A01FK$F04.A0BY6$F28.A0BA1
6.516,"Tyttebærsyltetøy, rørt/fryst",Frukt og bær,Frukt og bær,668,157,60,0.4,0,0,0,0,0,0,0,0,0.1,0.2,0.1,0.1,0,0,0,0,0,0,0,0.1,0.1,0,37,0,37,33.3,33.3,2,0.4,0,0,0,0,0,4,0,1,0,0.01,0.3,0.5,0.01,7,0,2,16,0.2,0,48,6,0.1,0,0.07,14,0,A01MM#F02.A0EMA$F04.A01FK$F04.A0BY6$F28.A07KQ$F28.A0BA1
6.543,"Vannmelon, rå",Frukt og bær,Frukt og bær,151,36,91,0.1,0,0,0,0,0,0,0,0,0,0,0,0,0,0,0,0,0,0,0,0,0,0,7.6,0,7.6,0,0,0.5,0.8,0,0,10,19,0,116,0,0.1,0.05,0.01,0.1,0.2,0.14,2,0,8,7,0.3,2,100,8,0.2,0,0.03,9,0,A00KJ#F28.A07HS
6.582,Cashewnøtter,Nøtter og frø,Nøtter - usaltet,2458,592,5,43.9,7.8,0,0,3.5,3.1,0,23.8,0.1,24.7,7.8,7.2,0.2,0,0,0,0,0,0,0,0.2,7.2,0,29.4,23.5,5.9,0,0,3,18.2,0,0,0,0,0,0,0,0.9,0.42,0.06,1.1,4.1,0.42,25,0,1,37,6.7,12,660,292,5.8,2,2.2,593,11,A014H
6.618,"Cashewnøtter, saltet",Nøtter og frø,Nøtter og frø,2500,604,6,48.7,8.7,0,0,4.3,3.9,0,31,0.2,30.6,9.2,8.9,0.3,0,0,0,0,0,0,0,0.3,8.9,0,19.2,13.3,5.9,0,0,8,18,0.7,0,1,1,0,7,0,0.8,0.44,0.14,0.9,3.9,0.55,47,0,0,42,5,287,580,257,4.7,15,1.83,487,2,A014H#F10.A0CJK$F26.A07XD
6.681,"Cashewnøttpålegg, hjemmelaget",Nøtter og frø,Nøtter og frø,2446,589,6,43.9,7.8,0,0,3.5,3.1,0,23.9,0.1,24.8,7.8,7.1,0.2,0,0,0,0,0,0,0,0.2,7.1,0,29,23.1,5.8,0,0,3,17.9,0.8,0,0,0,0,0,0,1,0.42,0.06,1.1,4.1,0.41,25,0,0,37,6.6,334,651,288,5.7,2,2.16,584,11,A0F0M#F02.A068L$F22.A07SS$F27.A014H$F28.A0C6N
5.38,"Chiafrø, tørket",Nøtter og frø,Frø - usaltet,1986,482,2,34.2,3.1,0,0,2.1,1,0,2.1,0,2.1,24.9,5.6,19.2,0,0,0,0,0,0,0,19.2,5.6,0,1.8,0,1.8,0,0,41,21.4,0,0,0,0,0,0,0,0,0.47,0.2,4.1,7.7,0.14,71,0,2,545,6.5,0,640,320,5.1,10,1.6,645,0,A16FZ
5.17,Gresskarkjerner,Nøtter og frø,Frø,2424,585,6,45.9,7.6,0,0,5,2.5,0,13.5,0.1,13.5,19.9,19.8,0.1,0,0,0.1,0,0,0,0,0.1,19.8,0,2,0.7,1.3,0,0,9,36.3,0.1,0,0,0,0,0,0,2,0.29,0.16,2.7,8.8,0.1,129,0,2,73,7.4,20,790,460,5,11,1.2,1040,0,A015X
6.553,Hasselnøtter,Nøtter og frø,Nøtter - usaltet,2760,670,9,65,3.7,0,0,2.5,1.2,0,39.8,0.1,39.5,5,4.7,0,0,0,0,0,0,0,0,0.1,5,0,3.3,0.3,3,0,0,9,13.2,0,0,1,2,0,16,0,26,0.17,0.38,0.6,2.8,0.21,81,0,6,140,2.7,0,600,140,2,1,1.4,280,0,A014L
6.039,"Kastanjer, ristede",Nøtter og frø,Nøtter - usaltet,776,184,53,2.2,0.4,0,0,0.4,0,0,0.8,0,0.8,0.9,0.8,0.1,0,0,0,0,0,0,0,0.1,0.8,0,34,27,7,0,0,8,3.2,0,0,1,2,0,14,0,0.5,0.24,0.18,1.3,1.8,0.5,70,0,26,29,0.9,2,592,33,0.6,1,0.51,107,0,A014J#F28.A07GY
5.012,"Linfrø, knuste",Nøtter og frø,Nøtter og frø,2116,514,11,42.2,3.7,0,0,2.2,1.3,0,7.5,0,7.4,28.7,5.9,22.8,0,0,0,0,0,0,0,22.8,5.9,0,1.6,0,1.6,0,0,27,18.3,0.1,0,0,0,0,0,0,0.3,1.64,0.16,3.1,6.2,0.47,87,0,1,255,5.7,30,813,392,4.3,3,1.22,642,0,A015G#F01.A05RV$F02.A066S$F27.A015G
6.617,Macadamianøtter,Nøtter og frø,Nøtter - usaltet,3101,753,2,75.8,12.1,0.1,0.7,6,2.3,0,58.9,13,43.8,1.5,1.3,0.2,0,0,0,0,0,0,0,0.2,1.3,0,5.6,1,4.6,0,0,9,7.9,0,0,0,0,0,0,0,0.5,1.2,0.16,2.5,3.8,0.28,11,0,1,85,3.7,5,368,130,1.3,4,0.76,188,2,A014M
6.68,"Mandelpålegg, hjemmelaget",Nøtter og frø,Nøtter og frø,2399,581,12,50.1,3.9,0,0,3.1,0.8,0,30.2,0.2,30,10.9,10.9,0,0,0,0,0,0,0,0,0,10.9,0,6.9,0.1,6.8,0.4,0.4,10,20.4,2.9,0,0,0,0,0,0,22.4,0.13,0.9,1.8,5.2,0.13,73,0,1,255,3.4,1140,719,251,3.2,2,0.97,457,0,A0F0M#F02.A068L$F22.A07SS$F27.A014F$F28.A0C6N
6.107,Mandler,Nøtter og frø,Nøtter - usaltet,2485,601,10,52.1,4.1,0,0,3.2,0.8,0,31.4,0.2,31.2,11.4,11.4,0,0,0,0,0,0,0,0,0,11.4,0,6.6,0,6.6,0,0,11,21.2,0,0,0,0,0,0,0,23.4,0.14,0.94,1.9,5.4,0.13,76,0,1,260,3.4,1,745,260,3.3,2,1,475,0,A014F
6.555,"Mandler, skåldet",Nøtter og frø,Nøtter - usaltet,2481,600,11,52.5,4,0,0,3.3,0.7,0,33.4,0.2,33.1,12.4,12.4,0,0,0,0,0,0,0,0,0,12.4,0,5.6,1,4.6,0,0,10,21.4,0,0,0,0,0,4,0,23.8,0.19,0.41,3.5,7.1,0.12,49,0,0,236,3.3,19,659,268,3,3,1.03,481,2,A014F#F20.A07QF$F28.A07GF
6.239,Nøtteblanding med tørket frukt,Nøtter og frø,Frø - usaltet,2052,493,14,32.6,4.4,0,0,3,0.9,0,16.9,0.1,16.6,9.3,9,0.2,0,0,0,0,0,0,0,0.2,9,0,30.3,6.9,23.4,0,0,7,16.3,0,0,100,200,0,1200,0,6.2,0.4,0.16,6.2,8.9,0.25,44,0,39,98,3.4,16,855,140,2.4,5,0.87,287,2,A06HL#F02.A06EB$F02.A06GC$F04.A014C$F04.A01MA$F04.A01ME
13.102,"Nøtteblanding, orientalsk blanding",Nøtter og frø,Nøtter og frø,1620,384,9,5.6,1.1,0,0,0.6,0.2,0,2.6,0,2.5,1.7,1.7,0,0,0,0,0,0,0,0,0,1.7,2,71.6,64.8,6.8,6.8,6.8,4,9.4,0.9,0,5,5,4,8,0.1,1.1,0.06,0.04,3.5,5.1,0.12,39,0.1,0,21,1.5,363,176,48,1.6,4,0.3,108,12,A014C#F27.A014C
6.592,Paranøtter,Nøtter og frø,Nøtter - usaltet,2890,702,3,67.8,15.4,0,0,9.2,6,0,20.1,0.2,19.9,29.2,29.2,0,0,0,0,0,0,0,0,0,29.2,0,1.8,0,1.8,0,0,14,14.2,0,0,0,0,0,5,0,6.1,0.73,0,0.5,2.9,0.33,5,0,0,176,2.4,0,623,400,3.8,225,1.75,723,0,A014G
6.557,Peanøtter,Nøtter og frø,Nøtter - usaltet,2458,594,9,49.2,6.8,0,0,5.2,1.1,0,24.4,0,23.8,15.6,15.6,0,0,0,0,0,0,0,0,0,15.6,0,7.6,3.7,4,0,0,9,25.8,0,0,0,0,0,0,0,8.3,0.64,0.14,12.1,16.4,0.35,75,0,0,92,4.6,18,705,168,3.3,3,1.14,376,2,A015H
6.558,"Peanøtter, saltet",Nøtter og frø,Nøtter og frø,2577,623,3,51,7.8,0.2,0.1,4.1,1.1,0,32.8,0.1,31.7,6.2,6.1,0.1,0,0,0,0,0,0,0,0.1,6.1,2,9.5,4.7,4.8,0,0,10,26.7,1.2,0,0,0,0,0,0,6.1,1.01,0.09,12.7,17.2,0.64,75,0,1,47,1.5,480,597,177,2.5,10,0.57,347,2,A015H#F10.A0CJK$F26.A07XD$F28.A07GY
6.559,Peanøttsmør,Nøtter og frø,Nøtter og frø,2570,621,7,51.8,12.8,0,0,4.7,2.2,0,19.9,0,24.8,16.8,12.2,0,0,0,0,0,0,0,0,0.1,12.2,0,13.1,6.4,6.7,3.4,3.4,5,22.8,0.9,0,0,0,0,0,0,5,0.17,0.09,12.5,16.3,0.58,53,0,0,37,2.1,350,700,180,3,3,0.7,330,2,A01BN
6.593,Pekannøtter,Nøtter og frø,Nøtter - usaltet,3035,737,1,73.3,6.2,0,0,4.4,1.7,0,42.7,0,42.5,21.1,20.3,0.8,0,0,0,0,0,0,0,0.8,20.3,0,4,0,4,0,0,13,8.8,0,0,2,3,0,19,0,1.4,0.46,0.04,0.8,2.3,0.14,33,0,0,53,2.5,0,662,173,4.1,0,0.87,408,0,A014N#F01.A05RK$F02.A066R$F27.A014N
6.614,Pinjekjerner,Nøtter og frø,Frø - usaltet,2747,665,8,61.9,4.3,0,0,2.7,1.4,0,15.7,0,15.1,25.7,25.2,0.1,0,0,0,0,0,0,0,0.1,25.5,0,9.9,5.1,4.8,0,0,6,14,0,0,2,3,0,18,0,11.9,0.49,0.26,3.3,5.6,0.22,63,0,1,10,4.9,1,650,205,5.8,1,1.1,490,0,A01BV
6.668,Pistasjnøtter,Nøtter og frø,Nøtter - usaltet,2436,589,11,50.3,5.8,0,0,5.3,0.5,0,25.3,0.5,24.7,14.3,14,0.2,0,0,0,0,0,0,0,0.2,14,0,8.1,0.9,7.2,0,0,9,21.6,0,0,0,0,0,0,0,1.6,0.42,0.24,1.1,4.7,0.9,68,0,5,92,2.8,0,1000,110,2.5,7,1.3,470,0,A014Q#F01.A05RN$F02.A066R$F27.A014Q
6.594,"Pistasjnøtter, saltet",Nøtter og frø,Nøtter og frø,2248,543,15,44.8,5.5,0,0,4.9,0.5,0,23.7,0.5,22.8,13.4,13.3,0.3,0,0,0,0,0,0,0,0.3,13.5,0,9.1,1.4,7.7,0,0,10,21,1.1,0,13,26,0,156,0,2.4,0.7,0.23,1.4,4.9,1.12,51,0,3,107,4,428,1007,109,2.3,2,1.29,469,0,A014Q#F10.A0CJK
5.465,"Psylliumfrø, loppefrø",Nøtter og frø,Nøtter og frø,834,206,10,0.5,0,0,0,0,0,0,0,0,0,0,0,0,0,0,0,0,0,0,0,0,0,0,10,10,0,0,0,78,1.2,0.2,0,0,0,0,0,0,0.1,0.04,0,0.4,0.6,0.1,58,0,0,184,8.6,74,965,24,0.3,0,0,41,0,A016D#F02.A066S$F27.A016D
5.456,"Quinoa, hvit, kokt",Nøtter og frø,Frø - usaltet,558,132,69,2.7,0.2,0,0,0.2,0,0,0.4,0,0.5,1,0.9,0.1,0,0,0,0,0,0,0,0.1,0.9,0,20.1,18.9,1.2,0,0,3,5.3,0,0,0,0,0,0,0,0.9,0.14,0.15,0.4,1.3,0.08,96,0,0,16,1.4,0,273,72,1.2,0,0.19,169,0,A000R#F01.A059F$F02.A066Q$F10.A0F2R$F27.A000R$F28.A07GL
6.663,"Quinoa, hvit, tørr",Nøtter og frø,Frø - usaltet,1388,330,22,6.6,0.5,0,0,0.5,0,0,1.1,0,1.1,2.5,2.2,0.3,0,0,0,0,0,0,0,0.3,2.2,0,50.1,47.1,3,0,0,8,13.3,0,0,0,0,0,0,0,2.3,0.35,0.37,0.9,3.1,0.21,239,0,0,41,3.6,1,680,180,2.9,1,0.47,420,0,A000R#F01.A059F$F02.A066Q$F27.A000R
6.616,"Quinoa, kokt",Nøtter og frø,Frø - usaltet,587,139,66,2.7,0.2,0,0,0.2,0,0,0.5,0,0.5,1.1,1,0.1,0,0,0,0,0,0,0,0.1,1,0,20.9,19.7,1.2,0,0,5,5.6,0,0,0,0,0,0,0,0.9,0.08,0.12,0.3,1.2,0.07,102,0,0,16,1.4,0,299,67,1.1,1,0.18,162,0,A000R#F28.A07GL
5.457,"Quinoa, rød, kokt",Nøtter og frø,Frø - usaltet,645,153,63,2.8,0.2,0,0,0.2,0,0,0.5,0,0.5,1.2,1,0.2,0,0,0,0,0,0,0,0.2,1,0,23.6,22.4,1.2,0,0,5,5.9,0,0,0,0,0,0,0,0.9,0.07,0.08,0.3,1.3,0.06,130,0,0,13,1.3,0,273,58,0.9,0,0.15,151,0,A000R#F01.A059F$F02.A066Q$F10.A0F2S$F27.A000R$F28.A07GL
6.664,"Quinoa, rød, tørr",Nøtter og frø,Frø - usaltet,1605,381,7,7,0.6,0,0,0.6,0,0,1.3,0,1.3,2.9,2.5,0.4,0,0,0,0,0,0,0,0.4,2.5,0,58.8,55.8,3,0,0,12,14.6,0,0,0,0,0,0,0,2.3,0.17,0.2,0.7,3.1,0.14,324,0,0,32,3.3,1,680,145,2.3,0,0.38,375,0,A000R#F01.A059F$F02.A066Q$F27.A000R
5.458,"Quinoa, svart, kokt",Nøtter og frø,Frø - usaltet,559,133,67,2.6,0.2,0,0,0.2,0,0,0.5,0,0.5,1.1,1,0.1,0,0,0,0,0,0,0,0.1,1,0,19.1,17.8,1.3,0,0,6,5.5,0,0,0,0,0,0,0,0.9,0.02,0.12,0.3,1.2,0.06,79,0,0,19,1.5,0,349,70,1.1,2,0.21,167,0,A000R#F01.A059F$F02.A066Q$F10.A166Z$F27.A000R$F28.A07GL
6.665,"Quinoa, svart, tørr",Nøtter og frø,Frø - usaltet,1392,331,18,6.5,0.5,0,0,0.5,0,0,1.2,0,1.2,2.7,2.5,0.2,0,0,0,0,0,0,0,0.2,2.5,0,47.5,44.3,3.2,0,0,14,13.7,0,0,0,0,0,0,0,2.3,0.06,0.29,0.7,3,0.14,196,0,0,47,3.8,1,870,175,2.8,5,0.52,415,0,A000R#F01.A059F$F02.A066Q$F27.A000R
6.615,"Quinoa, tørr",Nøtter og frø,Frø - usaltet,1463,348,16,6.7,0.5,0,0,0.5,0,0,1.2,0,1.2,2.7,2.4,0.3,0,0,0,0,0,0,0,0.3,2.4,0,52.2,49.1,3.1,0,0,12,13.9,0,0,0,0,0,0,0,2.3,0.19,0.29,0.8,3.1,0.16,253,0,0,40,3.6,1,743,167,2.7,2,0.46,403,0,A000R
5.03,"Sesamfrø, med skall",Nøtter og frø,Frø - usaltet,2454,595,12,53.8,7.4,0,0,4.3,2.8,0,19.4,0.1,19.4,21.1,20.9,0.2,0,0,0,0,0,0,0,0.2,20.9,0,1.4,0.2,1.2,0,0,13,19.6,0,0,0,0,0,0,0,0,0.75,0.22,4.6,7.9,0.37,171,0,0,960,9,1,505,335,5.5,20,1.7,630,0,A015K#F01.A05RY$F02.A066S$F27.A015K
5.147,"Sesamfrø, uten skall",Nøtter og frø,Nøtter og frø,2612,633,9,57.4,8.6,0,0,5.3,3,0,21.4,0.2,21.2,21.7,21.5,0.2,0,0,0,0,0,0,0,0.2,21.5,0,1.8,0.2,1.6,0,0,9,22.7,0.1,0,0,0,0,0,0,0,0.83,0.12,5.5,9.3,0.35,115,0,0,37,5.8,26,475,335,5.8,56,1.6,640,0,A015K#F01.A05RY$F02.A066S$F27.A015K
5.126,Solsikkefrø,Nøtter og frø,Frø - usaltet,2564,621,8,54.4,5.4,0,0,2.9,1.9,0,19.8,0,19.8,23.5,23.5,0,0,0,0,0,0,0,0,0,23.5,0,3.6,0.2,3.4,0,0,10,24.2,0,0,0,0,0,0,0,36.9,1.31,0.2,2.9,6.9,0.57,151,0,0,88,4.9,0,755,320,4.7,10,1.8,670,0,A015L
6.173,Valmuefrø,Nøtter og frø,Nøtter og frø,2050,497,18,41.6,4.5,0,0.1,3.6,0.8,0,6,0,5.9,28.6,28.3,0.3,0,0,0,0,0,0,0,0.3,28.3,0,3,0,3,0,0,20,18,0.1,0,0,0,0,0,0,1.8,0.85,0.1,0.9,3.9,0.25,82,0,1,1438,9.8,26,719,347,7.9,14,1.63,870,0,A015J
6.56,Valnøtter,Nøtter og frø,Nøtter - usaltet,2804,680,10,66.5,4.7,0,0,3.4,1.3,0,9.8,0.1,9.6,37.2,30.5,6.7,0,0,0,0,0,0,0,6.4,30.8,0,2.8,0.2,2.6,0,0,7,14.1,0,0,0,0,0,0,0,0.9,0.25,0.18,0.6,3,0.19,123,0,1,84,2.9,0,380,130,2.7,1,1.1,310,0,A0DXG
6.67,Fløtegratinerte poteter,Poteter,Poteter,595,142,74,8.2,5.2,0.2,0.8,2.3,0.8,0.2,1.9,0.2,1.7,0.2,0.1,0,0,0,0,0,0,0,0,0,0.1,20,13,10.4,2.6,0,0,1,3.6,0.8,0,104,107,101,41,0,0.2,0.05,0.09,1.2,2.1,0.11,13,0.2,8,84,0.5,304,410,29,0.5,1,0.09,95,7,A03VF#F04.A02ML$F04.A02QE$F28.A07GY
6.006,"Pommes frites, fryst",Poteter,Poteter,664,158,68,6.6,0.7,0,0,0.4,0.2,0,1.9,0,1.9,3.8,3.8,0,0,0,0,0,0,0,0,0,3.8,0,21.1,17.1,4,0,0,2,2.5,0,0,0,0,0,0,0,4.2,0.09,0.03,1.4,1.9,0.13,14,0,13,8,1,1,571,31,0.4,0,0.13,80,1,A0BYV#F02.A0EPX$F04.A00ZT$F28.A07GR$F28.A07KX
6.738,"Pommes frites, gatekjøkken",Poteter,Poteter,1320,316,39,16.2,1.3,0,0,0.8,0.4,0,8,0,7.8,6.2,5.2,0.9,0,0,0,0,0,0,0,0.9,5.2,0,36.5,32.9,3.6,0,0,4,4.3,0,0,0,0,0,0,0,6.4,0.1,0.06,3.1,3.8,0.26,25,0,19,20,1.5,4,960,70,0.6,0,0.25,126,2,A0BYV#F02.A0EPX$F04.A00ZT$F22.A07SK$F28.A07GR$F28.A07KX
6.274,"Potet, bakt",Poteter,Poteter,449,106,73,0.1,0,0,0,0,0,0,0,0,0,0,0.1,0,0,0,0,0,0,0,0,0,0.1,0,22.5,18.2,4.3,0,0,2,2.5,0,0,0,0,0,0,0,0.3,0.1,0.03,1.8,2.2,0.16,17,0,17,9,1,1,709,34,0.4,0,0.15,85,1,A011R#F01.A05KG$F02.A0F5F$F27.A00ZT$F28.A07GX
6.005,"Potet, hermetisk, avrent",Poteter,Poteter,242,57,85,0.2,0.1,0,0,0,0,0,0,0,0,0.1,0,0,0,0,0,0,0,0,0,0,0.1,0,11.3,8.2,3.1,0,0,2,1.4,0.5,0,0,0,0,0,0,0.1,0.07,0.01,0.9,1.1,0.19,6,0,5,50,1.3,219,229,14,0.3,0,0.06,30,1,A0ETQ#F27.A00ZT
6.262,"Potet, høstpotet, kokt",Poteter,Poteter,357,84,78,0.1,0,0,0,0,0,0,0,0,0,0,0,0,0,0,0,0,0,0,0,0,0,0,17.8,14.4,3.4,0,0,2,2.1,0,0,0,0,0,0,0,0.3,0.08,0.02,1.2,2,0.11,12,0,11,7,0.8,1,482,26,0.3,0,0.11,67,1,A00ZX#F01.A05KG$F02.A0F5F$F27.A00ZX$F28.A07GL
6.263,"Potet, høstpotet, kokt, saltet vann",Poteter,Poteter,357,84,78,0.1,0,0,0,0,0,0,0,0,0,0,0,0,0,0,0,0,0,0,0,0,0,0,17.8,14.4,3.4,0,0,2,2.1,0.1,0,0,0,0,0,0,0.3,0.08,0.02,1.2,2,0.11,12,0,11,7,0.8,23,482,26,0.3,0,0.11,67,1,A00ZX#F01.A05KG$F02.A0F5F$F27.A00ZX$F28.A07GL
6.003,"Potet, høstpotet, rå",Poteter,Poteter,306,72,81,0.1,0,0,0,0,0,0,0,0,0,0,0,0,0,0,0,0,0,0,0,0,0,0,15.3,12.4,2.9,0,0,2,1.7,0,0,0,0,0,0,0,0.2,0.08,0.02,1.3,1.6,0.12,15,0,13,6,0.7,1,482,23,0.3,0,0.1,58,1,A00ZX#F01.A05KG$F02.A0F5F$F27.A00ZX
6.096,"Potet, lagringspotet, kokt",Poteter,Poteter,397,94,76,0.1,0,0,0,0,0,0,0,0,0,0.1,0.1,0,0,0,0,0,0,0,0,0,0.1,0,19.9,17.9,2,0,0,2,2.3,0,0,0,0,0,0,0,0.1,0.07,0.03,1.8,2.8,0.15,17,0,11,11,0.8,2,522,38,0.3,0,0.14,69,1,A00ZX#F01.A05KG$F02.A0F5F$F27.A00ZX$F28.A07GL
6.095,"Potet, lagringspotet, kokt, saltet vann",Poteter,Poteter,397,94,76,0.1,0,0,0,0,0,0,0,0,0,0.1,0.1,0,0,0,0,0,0,0,0,0,0.1,0,19.9,17.9,2,0,0,2,2.3,0.1,0,0,0,0,0,0,0.1,0.07,0.03,1.8,2.8,0.15,17,0,11,11,0.8,24,522,38,0.3,0,0.13,69,1,A00ZX#F01.A05KG$F02.A0F5F$F27.A00ZX$F28.A07GL
6.004,"Potet, lagringspotet, rå",Poteter,Poteter,340,80,79,0.1,0,0,0,0,0,0,0,0,0,0.1,0.1,0,0,0,0,0,0,0,0,0,0.1,0,17.1,15.4,1.7,0,0,2,1.9,0,0,0,0,0,0,0,0.1,0.07,0.03,1.9,2.2,0.16,22,0,13,9,0.7,2,522,34,0.3,0,0.12,59,1,A00ZX#F01.A05KG$F02.A0F5F$F27.A00ZX
6.739,"Potet, tidligpotet, Kypros, rå",Poteter,Poteter,253,60,84,0.1,0,0,0,0,0,0,0,0,0,0,0,0,0,0,0,0,0,0,0,0,0,0,12.2,11.2,1,0,0,2,1.7,0,0,0,0,0,0,0,0,0.07,0.03,1.1,1.4,0.2,10,0,24,7,0.8,6,1113,19,0.3,0,0.12,62,1,A00ZT#F01.A05KG$F02.A0F5F$F20.A07QE$F27.A00ZT
6.264,"Potet, tidligpotet, kokt",Poteter,Poteter,268,63,84,0.1,0,0,0,0,0,0,0,0,0,0,0,0,0,0,0,0,0,0,0,0,0,0,13,10,3,0,0,1,1.8,0,0,0,0,0,0,0,0.3,0.07,0.03,1,1.7,0.1,12,0,15,4,1,2,416,23,0.3,0,0.1,50,1,A00ZV#F01.A05KG$F02.A0F5F$F27.A00ZV$F28.A07GL
6.265,"Potet, tidligpotet, kokt, saltet vann",Poteter,Poteter,268,63,84,0.1,0,0,0,0,0,0,0,0,0,0,0,0,0,0,0,0,0,0,0,0,0,0,13,10,3,0,0,1,1.8,0.1,0,0,0,0,0,0,0.2,0.07,0.03,1,1.7,0.1,12,0,15,4,1,24,416,23,0.3,0,0.1,50,1,A00ZV#F01.A05KG$F02.A0F5F$F27.A00ZV$F28.A07GL
6.001,"Potet, tidligpotet, rå",Poteter,Poteter,229,54,86,0.1,0,0,0,0,0,0,0,0,0,0,0,0,0,0,0,0,0,0,0,0,0,0,11.2,8.6,2.6,0,0,1,1.5,0,0,0,0,0,0,0,0.2,0.07,0.03,1.1,1.4,0.11,15,0,17,4,0.8,2,416,21,0.3,0,0.09,43,1,A00ZT
6.008,"Potetmos, av pulver, uten melk",Poteter,Poteter,273,65,85,1.7,0.7,0.1,0.1,0.3,0.2,0,0.6,0,0.5,0.3,0.2,0.1,0,0,0,0,0,0,0,0.1,0.2,2,10.6,9.7,0.9,0,0,1,1.3,0.4,0,15,15,14,7,0.2,0.2,0.03,0.05,0.6,0.8,0.13,4,0,9,11,0.2,163,225,10,0.2,0,0.06,44,6,A0C6J
6.223,"Potetmos, potetstappe, hjemmelaget",Poteter,Poteter,600,144,73,7.6,4.7,0.2,0.8,2.1,0.8,0.2,1.8,0.2,1.5,0.3,0.1,0,0,0,0,0,0,0,0,0,0.1,18,15.7,13.5,2.2,0,0,2,2.4,0.9,0,82,86,79,45,0.6,0.3,0.06,0.05,1.3,2.2,0.12,14,0.1,9,30,0.6,369,422,31,0.3,1,0.11,68,5,A0C6K#F02.A06GF$F03.A06JG$F04.A00ZT$F22.A07SS$F28.A0BA1$F28.A0C6N
10.124,"Potetmospulver, med melk",Poteter,Poteter,1457,344,12,1.5,0.2,0,0,0.3,0.3,0,0.3,0,0,0.9,0.4,0.1,0,0,0,0,0,0,0,0.1,0.4,2,70.7,65,5.7,0,0,7,8.5,2.6,0,0,0,0,0,0,0.3,0.19,0.3,4.2,5.6,0.86,30,0.3,60,70,1.6,1030,1500,68,1.4,1,0.37,290,39,A011E
8.012,"Potetsalat, med ekte majones",Poteter,Poteter,1310,317,56,28.3,1.8,0,0,1.4,0.5,0,17.2,0.1,16.2,7.8,5.7,2.1,0,0,0,0,0,0,0,2.2,5.7,15,13.1,11.2,2,0.7,0.7,1,1.8,1.2,0,9,9,9,0,0.2,8.5,0.05,0.04,1.1,1.8,0.1,13,0.1,7,9,0.6,478,329,25,0.3,1,0.09,54,2,A03VG#F04.A044X
8.021,"Potetsalat, med lettmajones",Poteter,Poteter,832,200,67,14.3,1.1,0,0,0.8,0.3,0,8.8,0,8.3,3.9,2.9,1.1,0,0,0,0,0,0,0,1.1,2.9,12,15.4,13.4,2,0.7,0.7,1,1.8,1.3,0,7,7,7,0,0.2,5.3,0.05,0.04,1.2,1.9,0.1,13,0.1,7,9,0.6,520,342,26,0.3,0,0.09,53,2,A03VG#F04.A044Y$F10.A077C
8.203,"Potetsalat, med lettrømme",Poteter,Poteter,454,109,78,4.8,3,0.1,0.5,1.4,0.5,0.1,1.1,0.1,1,0.2,0.1,0,0,0,0,0,0,0,0,0,0.1,12,13.2,10.2,3,0.5,0.5,2,2.2,0.5,0,69,73,66,44,0,0.2,0.05,0.07,1.1,1.8,0.11,14,0.1,7,37,0.5,199,360,26,0.3,1,0.09,62,5,A03VG#F04.A02NB
8.204,"Potetsalat, med seterrømme",Poteter,Poteter,611,147,74,9.3,5.8,0.3,0.9,2.6,1,0.3,2.2,0.2,1.9,0.3,0.2,0.1,0,0,0,0,0,0,0,0.1,0.1,23,13,10.2,2.8,0.5,0.5,2,2,0.5,0,134,139,128,70,0.1,0.3,0.05,0.07,1,1.7,0.1,14,0.1,7,31,0.5,199,349,25,0.3,0,0.09,57,4,A03VG#F04.A02NB
6.195,Anisfrø,Urter og krydder,Urter og krydder,1606,385,17,15.9,0.6,0,0,0,0,0,9.8,0,9.8,3.2,3.1,0,0,0,0,0,0,0,0,0,3.1,0,35.5,0,0,0,0,15,17.6,0,0,16,32,0,192,0,0,0.34,0.29,3.1,6,0.65,10,0,21,646,37,16,1441,170,5.3,5,0.91,440,0,A017Y
6.111,"Basilikum, rå",Urter og krydder,Urter og krydder,97,23,94,0.6,0,0,0,0,0,0,0.1,0,0.1,0.4,0.1,0.3,0,0,0,0,0,0,0,0.3,0.1,0,0.4,0,0.4,0,0,2,3.2,0,0,262,523,0,3142,0,0.8,0.03,0.08,0.9,1.4,0.16,68,0,18,177,3.2,4,295,64,0.8,0,0.39,56,0,A00VV#F28.A07HS
6.151,"Basilikum, tørket",Urter og krydder,Urter og krydder,1012,244,25,4.1,2.2,0,0.1,1,1.1,0,1.2,0.2,1.1,0.5,0.2,0.3,0,0,0,0,0,0,0,0.3,0.2,0,10,8.3,1.7,0,0,38,23,0.2,0,32,63,0,378,0,10.7,0.08,1.2,4.9,8.7,1.34,310,0,1,2240,89.8,76,26,711,7.1,3,2.1,274,6,A016Y
6.146,"Chili, grønn, rå",Urter og krydder,Urter og krydder,140,33,91,0.2,0,0,0,0,0,0,0,0,0,0.1,0,0,0,0,0,0,0,0,0,0,0,0,5.1,0,5.1,0,0,2,2,0,0,56,111,0,671,0,0.7,0.09,0.09,0.9,1.2,0.3,23,0,243,18,1.2,7,340,25,0.3,1,0.17,46,0,A00JB#F10.A0F2Q$F28.A07HS
6.115,"Chili, rød, rå",Urter og krydder,Urter og krydder,149,35,91,0.4,0,0,0,0,0,0,0,0,0,0.2,0.1,0,0,0,0,0,0,0,0,0,0.1,0,5.3,0,5.3,0,0,2,1.9,0,0,45,89,0,534,0,0.7,0.07,0.08,1.2,1.5,0.5,23,0,144,14,1,9,322,23,0.3,1,0.13,43,0,A00JB#F10.A0F2S$F28.A07HS
6.152,Chilipulver,Urter og krydder,Urter og krydder,1288,312,23,14.3,2.5,0.1,0.2,1.6,0.4,0,3.2,0.1,3.1,8,7.5,0.5,0,0,0,0,0,0,0,0.5,7.5,0,14.9,7.7,7.2,0,0,35,13.5,7.2,0,1250,2500,0,15000,0,38.1,0.25,0.94,11.6,13.9,2.09,28,0,1,330,17.3,2867,1950,149,4.3,20,1,300,0,A019L
6.12,"Dill, rå",Urter og krydder,Urter og krydder,200,48,88,1.1,0.1,0,0,0.1,0,0,0.8,0,0.8,0.1,0.1,0,0,0,0,0,0,0,0,0,0.1,0,4.9,0,4.9,0,0,2,3.5,0.1,0,499,997,0,5982,0,1.7,0.19,0.43,2.4,3,0.3,116,0,70,202,5.5,27,647,28,1.8,3,0.22,52,4,A00XH#F28.A07HS
6.206,"Dill, tørket",Urter og krydder,Urter og krydder,1303,309,21,3.8,0.2,0,0,0.2,0,0,3.2,0,3.1,0.4,0.3,0.1,0,0,0,0,0,0,0,0.1,0.3,0,42.2,4.6,37.6,0,0,14,19.9,0.5,0,2772,5543,0,33260,0,9.3,0.42,0.28,2.8,6.1,1.46,0,0,0,1780,48.8,210,3310,450,3.3,0,0.49,540,0,A016T#F27.A00XH
6.183,"Estragon, tørket",Urter og krydder,Urter og krydder,1442,342,20,7.2,1.9,0,0.1,1.2,0.4,0,0.5,0.1,0.4,3.7,0.7,3,0,0,0,0,0,0,0,3,0.7,0,42.8,0,0,0,0,7,22.8,0.2,0,210,420,0,2520,0,0,0.25,1.34,9,12.8,2.41,274,0,50,1139,32.3,62,3020,347,3.9,4,0.68,313,0,A016T#F02.A0EZK$F27.A00YP$F28.A07KG
6.204,Fennikelfrø,Urter og krydder,Urter og krydder,1349,327,17,14.9,0.5,0,0,0.5,0,0,9.9,0,9.9,1.7,1.7,0,0,0,0,0,0,0,0,0,0,0,12.5,0,12.5,0,0,40,15.8,0.2,0,7,14,0,84,0,0,0.41,0.35,6.1,8.7,0.47,0,0,21,1196,18.5,88,1694,385,3.7,0,1.07,487,0,A018G#F01.A05LG$F02.A0F0E$F27.A018G
6.034,"Gressløk, rå",Urter og krydder,Urter og krydder,108,26,93,0.4,0,0,0,0.1,0,0,0.1,0,0.1,0.4,0.2,0,0,0,0,0,0,0,0,0,0.2,0,1.3,0,1.3,0,0,3,2.7,0,0,309,618,0,3710,0,3.7,0.05,0.08,0.6,1.1,0.18,55,0,23,138,1.2,1,313,19,0.3,0,0.06,50,0,A00XD#F28.A07HS
6.153,"Gurkemeie, malt",Urter og krydder,Urter og krydder,1221,291,20,3.3,1.8,0,0.4,0.2,0,0.1,0.4,0,0.1,0.8,0.7,0,0,0,0,0,0,0,0,0,0.8,0,44.4,41.2,3.2,0,0,23,9.7,0.1,0,0,0,0,0,0,4.4,0.06,0.15,1.4,3,0.11,20,0,1,168,55,27,2080,208,4.5,6,1.3,299,0,A01AC#F28.A07LA
6.154,Hvitløkspulver,Urter og krydder,Urter og krydder,1463,346,10,0.7,0.2,0,0,0.1,0.1,0,0.1,0,0.1,0.2,0.1,0,0,0,0,0,0,0,0,0,0.2,0,63.7,61.3,2.4,0,0,9,16.6,0.2,0,0,0,0,0,0,0.7,0.44,0.14,0.8,3.6,1.65,47,0,1,79,5.7,60,1193,77,3,24,0.53,414,0,A00ZQ#F02.A0ELN$F27.A00GZ$F28.A07KG
6.155,"Ingefær, malt",Urter og krydder,Urter og krydder,1442,342,13,4.2,2.6,0.1,0,0.6,0.2,0,0.5,0,0.4,0.9,0.7,0.2,0,0,0,0,0,0,0,0.2,0.7,0,60,40.2,19.8,0,0,14,9,0.1,0,2,3,0,18,0,0,0.05,0.17,9.6,11.1,0.63,13,0,1,114,19.8,27,1320,214,3.6,56,0.48,168,0,A00ZQ#F02.A0ELN$F03.A06JD$F27.A01AB$F28.A07KG
6.156,"Kanel, malt",Urter og krydder,Urter og krydder,1016,246,14,1.2,0.3,0,0,0.1,0.1,0,0.2,0,0.2,0.1,0,0,0,0,0,0,0,0,0,0,0,0,28.1,25.9,2.2,0,0,53,4,0,0,9,18,0,112,0,2.3,0.02,0.04,1.3,2,0.16,6,0,4,1002,8.3,10,431,60,1.8,3,0.34,64,0,A019T#F01.A05VC$F02.A066X$F27.A019T
6.157,"Kardemomme, malt",Urter og krydder,Urter og krydder,1341,321,14,6.7,0.7,0,0,0.6,0.1,0,0.9,0,0.8,0.4,0.3,0.1,0,0,0,0,0,0,0,0.1,0.3,0,40.4,37.6,2.8,0,0,28,10.8,0,0,0,0,0,0,0,0,0.2,0.18,1.1,2.9,0.23,0,0,21,383,14,18,1119,229,7.5,0,0.38,178,0,A018V#F28.A07KG$F28.A07LA
6.158,"Karri, malt",Urter og krydder,Urter og krydder,1234,301,16,14,1.6,0,0.6,0.7,0.2,0,8.8,0,8.7,3.1,2.8,0.3,0,0,0,0,0,0,0,0.3,2.8,0,2.8,0,2.8,0,0,53,14.3,0.1,0,1,1,0,11,0,25.2,0.18,0.2,3.3,5.7,0.11,56,0,1,525,19.1,52,1170,255,4.7,40,1.2,367,0,A043A
6.159,"Karve, kummin, hel",Urter og krydder,Urter og krydder,1382,334,16,14.6,0.6,0,0,0.4,0.1,0,7.1,0.1,7,3.3,3.1,0.1,0,0,0,0,0,0,0,0.1,3.1,0,11.9,11.3,0.6,0,0,38,19.8,0,0,17,34,0,206,0,2.5,0.38,0.38,3.6,6.9,0.36,10,0,21,689,16.2,17,1351,258,5.5,12,0.91,568,0,A0CZD
6.121,"Koriander, rå",Urter og krydder,Urter og krydder,98,24,93,0.5,0,0,0,0,0,0,0.3,0,0.2,0,0,0,0,0,0,0,0,0,0,0,0,0,1.2,0.3,0.9,0,0,3,2.1,0.1,0,328,655,0,3930,0,2.5,0.07,0.16,1.1,1.5,0.15,62,0,27,67,1.8,46,521,26,0.5,1,0.23,48,0,A00XF#F28.A07HS
6.16,"Koriander, tørket",Urter og krydder,Urter og krydder,1338,318,21,4.8,0.1,0,0,0,0,0,2.2,0,0.2,0.3,0,0,0,0,0,0,0,0,0,0,0,0,41.5,34.2,7.3,0,0,10,21.9,0.5,0,284,567,0,3407,0,1,1.25,1.5,10.7,14.4,0.61,274,0,567,1246,42.5,211,4466,694,4.7,29,1.79,481,6,A016T#F02.A0EZK$F27.A00XF$F28.A07KG
6.194,Korianderfrø,Urter og krydder,Urter og krydder,1425,346,15,17.8,1,0,0,0.8,0.1,0,13.6,0.1,13.5,1.8,1.8,0,0,0,0,0,0,0,0,0,1.8,0,13.1,0,0,0,0,42,12.4,0.1,0,0,0,0,0,0,0,0.24,0.29,2.1,4.2,0,0,0,21,709,16.3,35,1267,330,4.7,26,0.98,409,0,A018D
6.177,"Laurbærblad, tørket",Urter og krydder,Urter og krydder,1476,353,9,8.4,2.3,0.5,0.2,1.3,0.2,0,1.6,0.1,1.5,2.3,1.2,1.1,0,0,0,0,0,0,0,1.1,1.2,0,48.6,0,48.6,0,0,26,7.6,0.1,0,309,618,0,3710,0,0,0.01,0.42,2,3.3,1.74,0,0,0,830,43,23,530,120,3.7,3,0.42,110,0,A016Z
6.186,"Merian, tørket",Urter og krydder,Urter og krydder,1143,276,20,7,0.5,0,0,0.3,0.2,0,0.9,0,0.9,4.4,1.2,3.2,0,0,0,0,0,0,0,3.2,1.2,0,20.3,16.2,4.1,0,0,40,12.7,0.2,0,401,801,0,4806,0,1.7,0.29,0.32,4.1,6.2,1.19,274,0,51,1990,82.7,77,1522,346,3.6,5,1.13,306,0,A017G
6.161,"Muskat, malt",Urter og krydder,Urter og krydder,2093,506,9,36.3,25.9,0.4,22.8,2.3,0.2,0,3.2,1.4,1.6,0.4,0.3,0,0,0,0,0,0,0,0,0,0.3,0,28.5,25.5,3,0,0,21,5.8,0,0,2,4,0,28,0,0,0.35,0.06,1.3,2.3,0.16,76,0,3,184,3,16,350,183,2.2,2,1.03,213,0,A018J#F28.A07LA
6.259,"Mynte, rå",Urter og krydder,Urter og krydder,240,58,83,0.8,0.2,0,0,0.1,0,0,0,0,0,0.4,0.1,0.3,0,0,0,0,0,0,0,0.3,0.1,0,5.3,0,5.3,0,0,7,3.5,0.1,0,62,123,0,740,0,5,0.08,0.22,1.3,1.9,0.14,110,0,23,221,8.5,31,514,72,1.1,1,0.28,67,0,A00XZ#F01.A05PD$F02.A0F0C$F27.A00XZ
6.26,"Mynte, tørket",Urter og krydder,Urter og krydder,1177,282,22,6,1.6,0,0,1.1,0.2,0,0.2,0,0.2,3.3,0.5,2.8,0,0,0,0,0,0,0,2.8,0.5,0,22.2,0,22.2,0,0,30,19.9,0.9,0,403,805,0,4830,0,1,0.29,1.42,6.6,9.9,2.58,530,0,0,1490,87.5,344,1920,602,2.4,29,1.54,276,6,A017H#F02.A0EZK$F27.A00XZ$F28.A07KG
6.162,"Nellik, malt",Urter og krydder,Urter og krydder,1390,335,16,13,4,0,0.3,1.9,0.7,0,1.4,0,0.8,3.6,2.6,0.6,0,0,0.1,0.1,0,0.2,0,0.8,2.6,0,31.6,29.2,2.4,0,0,34,6,0.7,0,4,7,0,45,0,8.8,0.16,0.22,1.6,2.6,0.39,25,0,0,632,11.8,277,1020,259,2.3,7,0.37,104,0,A01AL#F28.A07KG$F28.A07LA
6.163,"Oregano, tørket",Urter og krydder,Urter og krydder,1018,246,23,4.3,1.6,0.2,0,0.8,0.5,0,0.7,0,0.7,1.4,0.8,0.6,0,0,0,0,0,0,0,0.6,0.8,0,21.6,17.5,4.1,0,0,43,9,0.1,0,84,167,0,1007,0,18.3,0.18,0.53,4.6,6.1,1.04,237,0,2,1597,36.8,25,1260,270,2.7,5,0.63,148,6,A016T#F27.A00XV
6.164,Paprikapulver,Urter og krydder,Urter og krydder,1307,316,20,12.9,2.1,0.1,0.2,1.5,0.3,0,1.7,0.1,1.6,7.8,7.3,0.5,0,0,0,0,0,0,0,0.5,7.3,0,18.3,8,10.3,0,0,35,14.1,0.2,0,2180,4360,0,26162,0,29.1,0.33,1.23,10.1,12.5,2.14,49,0,1,229,21.1,68,2280,178,4.3,6,0.71,314,0,A019L
6.165,"Pepper, cayenne, rød",Urter og krydder,Urter og krydder,1560,375,14,17.3,3.3,0,0.1,2.4,0.5,0,2.8,0.2,2.5,8.4,7.7,0.7,0,0,0,0,0,0,0,0.7,7.7,0,29.4,19.1,10.3,0,0,27,12,0.1,0,1820,3640,0,21840,0,29.8,0.33,0.92,8.7,10.7,2.45,106,0,76,148,7.8,30,2014,152,2.5,9,0.37,293,0,A019K#F10.A0F2S
6.166,"Pepper, hvit",Urter og krydder,Urter og krydder,1185,283,19,2.1,0.6,0.1,0,0.3,0.2,0,0.8,0,0,0.6,0.4,0.1,0.1,0.1,0,0,0,0,0,0.1,0.5,0,42.4,41.7,0.7,0,0,26,10.4,0,0,0,0,0,0,0,0,0.02,0.13,0.2,1.9,0.1,10,0,21,265,14.3,5,73,90,1.1,3,0.91,176,0,A019K#F10.A0F2R
12.111,"Pepper, sort",Urter og krydder,Urter og krydder,1159,277,22,3.3,1.4,0.1,0,0.5,0.3,0,0.7,0.1,0.7,1,0.7,0.1,0.1,0.1,0,0,0,0,0,0.2,0.8,0,38.7,38.1,0.6,0,0,25,10.4,0.1,0,26,51,0,310,0,1,0.11,0.18,1.1,2.8,0.29,17,0,0,443,9.7,20,1329,171,1.2,5,1.33,158,0,A019C#F01.A05TT$F02.A0ELF$F27.A019C
6.05,"Persille, norsk, rå",Urter og krydder,Urter og krydder,135,32,90,0.4,0,0,0,0.1,0,0,0,0,0.2,0.2,0.1,0,0,0,0,0,0,0,0,0,0.1,0,1.6,0,1.6,0,0,5,3.1,0.1,0,467,933,0,5600,0,2.6,0.07,0.11,0.8,1.3,0.11,78,0,108,163,2.5,30,841,35,0.9,0,0.1,98,5,A00YE#F28.A07HS
6.167,"Persille, tørket",Urter og krydder,Urter og krydder,1275,305,17,5.5,1.4,0,0,1.2,0.1,0,0.8,0,0.8,3.1,1.2,1.9,0,0,0,0,0,0,0,1.9,1.3,0,23.9,16.6,7.3,0,0,27,26.6,1.1,0,96,192,0,1152,0,9,0.2,2.38,9.9,14.3,0.9,180,0,125,1140,22,452,2683,400,5.4,14,0.78,436,6,A016T#F27.A00YE
6.168,"Rosmarin, rå",Urter og krydder,Urter og krydder,498,121,70,5.9,2.8,0,0.1,1.9,0.2,0,1.2,0.1,1,0.9,0.5,0.4,0,0,0,0,0,0,0,0.4,0.5,0,6.6,1.6,5,0,0,14,3.3,0.1,0,146,292,0,1752,0,0,0.04,0.15,0.9,1.5,0.34,109,0,22,317,6.7,26,668,91,0.9,0,0.3,66,0,A00YF#F28.A07HS
6.169,"Rosmarin, tørket",Urter og krydder,Urter og krydder,1775,427,0,15.2,7.4,0,0.3,5,0.6,0,3,0.2,2.7,2.3,1.2,1.1,0,0,0,0,0,0,0,1.1,1.2,0,46.4,11.2,35.2,0,0,43,4.9,0.1,0,156,312,0,1872,0,0,0.51,0.43,1,1.8,1.74,307,0,61,1280,29.3,50,955,220,3.2,5,0.55,70,6,A017J
6.189,"Safran, tørket",Urter og krydder,Urter og krydder,1486,352,17,5.9,1.6,0,0,1.2,0.2,0,0.4,0,0.4,2.1,0.8,1.2,0,0,0,0,0,0,0,1.2,0.8,0,61.5,0,0,0,0,4,11.4,0.4,0,27,54,0,324,0,0,0.12,0.27,1.5,3.4,1.01,93,0,81,111,11.1,148,1724,264,1.1,6,0.33,252,0,A01AR
6.17,Sennepsfrø,Urter og krydder,Urter og krydder,2151,518,10,36.2,2,0,0,1,0.5,0,22.5,0.1,8.5,10.1,5.9,3.8,0,0,0,0,0,0,0,3.8,5.9,0,15.9,9.1,6.8,0,0,12,26.1,0,0,2,3,0,18,0,5.1,0.81,0.26,4.7,9.1,0.4,162,0,7,266,9.2,13,738,370,6.1,208,0.65,828,0,A015S
6.266,"Spisskummen, malt",Urter og krydder,Urter og krydder,1784,428,16,22.3,1.5,0,0,1.1,0.3,0,14,0.2,13.6,3.3,3.1,0.2,0,0,0,0,0,0,0,0.2,3.1,0,33.7,31.5,2.3,0,0,11,17.8,0.4,0,64,127,0,762,0,3.3,0.63,0.33,4.6,7.5,0.44,10,0,8,931,66.4,168,1790,366,4.8,5,0.87,499,0,A018E#F01.A05TE$F02.A0F0E$F27.A018E
12.118,"Tacokrydder, hjemmelaget",Urter og krydder,Urter og krydder,1057,254,39,9.5,1.3,0,0.1,0.8,0.2,0,3.5,0.1,3.4,3.6,3.4,0.2,0,0,0,0,0,0,0,0.2,3.4,0,21.9,18.1,3.8,0,0,18,11,26.5,0,583,1165,0,6990,0,14.3,0.28,0.49,5.3,7.1,1.08,27,0,7,354,20.6,10592,1378,172,3,10,0.69,262,0,A042Z#F02.A06HB$F04.A0EZM$F22.A07SS
6.171,"Timian, rå",Urter og krydder,Urter og krydder,445,107,68,1.7,0.5,0,0,0.3,0.1,0,0.1,0,0.1,0.5,0.1,0.5,0,0,0,0,0,0,0,0.5,0.1,0,10.4,9.8,0.6,0,0,14,5.6,0,0,238,475,0,2851,0,0,0.05,0.47,1.8,2.7,0.35,45,0,160,405,17.5,9,609,160,1.8,0,0.56,106,0,A00YQ#F28.A07HS
6.172,"Timian, tørket",Urter og krydder,Urter og krydder,1183,285,20,7.4,2.7,0.2,0.1,1.7,0.3,0,0.5,0,0.5,1.2,0.5,0.7,0,0,0,0,0,0,0,0.7,0.5,0,26.9,25.2,1.7,0,0,37,9.1,0.1,0,189,377,0,2264,0,7.5,0.51,0.4,4.9,6.4,0.55,274,0,50,1890,123.6,55,814,220,6.2,5,0.86,201,6,A017Q
5.388,"Amaranth, tørr",Korn- og bakevarer,Korn- og bakevarer,1546,367,14,7,1.5,0,0,1.1,0.2,0,1.7,0,1.7,2.8,2.7,0,0,0,0,0,0,0,0,0,2.7,0,59,57.3,1.7,0,0,7,13.6,0,0,0,0,0,1,0,1.2,0.12,0.2,0.9,3.2,0.59,82,0,4,159,7.6,4,508,248,2.9,19,0.53,557,0,A000M
5.454,"Bagels, hjemmelaget",Korn- og bakevarer,Korn- og bakevarer,1233,293,35,8.5,3.3,0.1,0.4,1.7,0.6,0.1,2.1,0.1,1.9,2.2,2.1,0.1,0,0,0,0,0,0,0,0.1,2.1,31,42.6,41,1.6,1.2,1.2,4,9.8,1.2,0,42,43,40,20,0.7,0.8,0.24,0.09,1.3,3,0.1,34,0.1,1,63,1.4,486,177,45,1.2,4,0.21,145,6,A004Y#F02.A06CN$F04.A001M$F10.A07XK$F22.A07SS
5.491,"Baguett, glutenfri, Semper",Korn- og bakevarer,Korn- og bakevarer,1148,272,36,3.5,1,0,0,0.8,0.1,0,1.7,0.1,1.6,0.6,0.5,0.1,0,0,0,0,0,0,0,0.1,0.5,2,55,46,9,5,5,2,4,3,0,0,0,0,0,0,0.7,0.25,0.23,0.9,1.8,0.06,47,0.3,1,126,0.1,1200,166,15,0.6,2,0.1,248,10,A005S#F02.A06CT$F10.A07XK$F10.A0B8L$F22.A07SH
5.455,"Baguette, grov, hjemmelaget",Korn- og bakevarer,Korn- og bakevarer,1010,239,41,2.9,1.3,0.1,0.2,0.7,0.2,0,0.6,0.1,0.5,0.7,0.7,0.1,0,0,0,0,0,0,0,0.1,0.6,4,42.3,41.5,0.8,0.1,0.5,5,8.4,0.5,0,14,14,13,8,0.2,0.4,0.23,0.05,1.7,3.2,0.11,19,0,1,18,1.4,181,191,44,1,1,0.15,134,0,A005E#F02.A06CN$F04.A001M$F10.A06HR$F22.A07SS
5.448,Banankake,Korn- og bakevarer,Korn- og bakevarer,1299,309,36,11.2,5.4,0.7,0.7,2,1.2,0.1,3.4,0.1,3.1,1.3,1,0.3,0,0,0,0,0,0,0,0.3,1,53,45.6,20.1,25.5,21.7,21.7,2,5.7,0.5,0,104,108,100,52,1.5,1.6,0.07,0.07,0.5,1.6,0.11,12,0.2,2,39,0.6,209,155,18,0.5,3,0.07,166,11,A00BA#F02.A0ERC$F04.A01LC
5.199,"Berlinerbolle, kjøpt",Korn- og bakevarer,Korn- og bakevarer,1767,423,22,23.1,11,3.3,1.4,2.3,3.4,0,7.8,0.1,7.2,3.1,2.3,0.5,0,0,0,0,0,0,0,0.5,2.4,48,45,28,17,15.8,15.8,2,7.7,0.6,0,26,26,26,2,0.4,3.2,0.17,0.12,0.9,2.4,0.08,37,0.3,3,37,0.9,241,151,20,0.9,4,0.08,109,11,A00BR#F04.A01MM$F22.A07SH$F28.A07GV$F28.A07HN
5.46,"Berlinerkrans, småkake",Korn- og bakevarer,Korn- og bakevarer,2038,489,14,29.6,17.5,0.8,2.6,8.1,2.9,0.8,7.5,0.7,6.4,1.5,1.1,0.1,0,0,0,0.1,0,0,0,0.2,0.9,150,47.4,26.8,20.6,20.2,20.2,2,7.3,0.4,0,246,256,235,131,4,2,0.09,0.07,0.5,1.9,0.07,10,0.5,0,27,1,158,105,16,0.7,7,0.08,108,28,A009X#F02.A06DN
5.433,Biscotti,Korn- og bakevarer,Korn- og bakevarer,1891,450,6,16.6,1.7,0,0,1.3,0.4,0,9.2,0.1,9.1,3.6,3.5,0,0,0,0,0,0,0,0,0.1,3.5,54,60.1,29.6,30.5,28.5,28.5,5,12.8,0.4,0,24,25,24,7,0.4,6.7,0.16,0.28,1,3.3,0.13,29,0.2,2,93,1.7,177,309,77,1.4,5,0.37,305,10,A009V#F04.A003Y$F04.A014C$F04.A014D$F04.A031G$F04.A032J$F04.A039C$F28.A07GX
5.112,"Bløtkake, med krem, syltetøy",Korn- og bakevarer,Korn- og bakevarer,1260,302,48,19,11.1,0.5,1.7,5.2,1.9,0.5,4.9,0.4,4.2,0.9,0.7,0.1,0,0,0,0,0,0,0,0.1,0.6,109,27.4,8,19.4,17.7,17.7,0.7,5.2,0.1,0,187,195,179,98,0.5,1.2,0.04,0.17,0.2,1.3,0.04,9,0.4,2,51,0.6,59,62,8,0.4,6,0.04,111,17,A00AQ#F04.A01MM$F04.A02ML$F28.A07MA
5.231,"Bokhvete, hele korn",Korn- og bakevarer,Korn- og bakevarer,1329,314,22,3.1,0.3,0,0,0.3,0,0,0.7,0,0.7,0.8,0.8,0,0,0,0,0,0,0,0,0,0.8,0,55.6,54.7,0.9,0,0,6,13.1,0,0,0,0,0,0,0,0.1,0.41,0.14,2.9,5.1,0.29,60,0,0,15,2.1,0,415,195,1.6,3,0.38,355,0,A000N
5.529,Bokhveteflak,Korn- og bakevarer,Korn- og bakevarer,1476,349,14,2.7,0.5,0,0,0.4,0.1,0,0.8,0,0.8,0.9,0.8,0,0,0,0,0,0,0,0,0.1,0.8,0,67.6,67.2,0.4,0,0,4,11.7,0,0,1,2,0,13,0,0.5,0.58,0.15,2.9,4.9,0.58,50,0,0,33,2.2,1,680,50,2.5,3,0.9,263,3,A000N#F01.A059C$F02.A066Q$F27.A000N
5.132,Bokhvetemel,Korn- og bakevarer,Korn- og bakevarer,1302,308,24,2.8,0.3,0,0,0.3,0,0,0.6,0,0.6,0.7,0.7,0,0,0,0,0,0,0,0,0,0.7,0,56.3,54.9,1.4,0,0,5,12,0,0,0,0,0,0,0,0,0.45,0.45,2.3,4.3,0.24,58,0,0,15,2.3,0,410,190,1.4,3,0.36,360,0,A002G#F10.A0F2Z
5.266,"Bolle, glutenfri, med lettmelk, hjemmebakt",Korn- og bakevarer,Korn- og bakevarer,1210,287,37,7,2.8,0.3,0.4,1.1,0.6,0.1,2.6,0.1,2.4,1,0.8,0.2,0,0,0,0,0,0,0,0.2,0.8,24,52.4,44.3,8.2,6,6,0.7,3.3,0.9,0,65,67,63,29,1,1,0.11,0.14,0.7,1.5,0.05,42,0.3,0,72,0.5,362,134,10,0.8,2,0.03,85,11,A00BL#F04.A02LZ$F10.A0B8L$F22.A07SS
5.095,"Bolle, med helmelk, hjemmebakt",Korn- og bakevarer,Korn- og bakevarer,1404,334,29,11.1,3.6,0.4,0.4,1.4,0.7,0.1,4.5,0.1,4.3,2.2,1.9,0.4,0,0,0,0,0,0,0,0.4,1.9,8,48.8,37.1,11.6,9.7,9.7,3,8.3,0.1,0,59,61,56,32,0.7,1.7,0.21,0.14,1.3,2.8,0.08,47,0.2,1,63,0.8,50,201,26,1.1,1,0.1,128,7,A00BL#F04.A02LY$F04.A039D$F22.A07SS
5.202,"Bolle, med lettmelk, hjemmebakt",Korn- og bakevarer,Korn- og bakevarer,1334,317,31,9.2,3.8,0.5,0.5,1.4,0.8,0.1,3.1,0.1,2.9,1.5,1.2,0.3,0,0,0,0,0,0,0,0.3,1.2,9,48.8,37.1,11.6,9.7,9.7,3,8.4,0.2,0,95,98,91,44,1.2,1.4,0.26,0.14,1.4,2.9,0.1,52,0.2,1,64,0.8,67,202,24,1.1,1,0.09,128,7,A00BL#F04.A02LZ$F22.A07SS
5.432,"Bolle, med sjokoladebiter",Korn- og bakevarer,Korn- og bakevarer,1555,370,22,13.2,5.1,1.3,0.6,1.6,1.1,0,4.9,0.1,4.8,2.5,2,0.5,0,0,0,0,0,0,0,0.5,2,2,52.8,38.5,14.3,13.4,13.4,4,8.1,0.4,0,3,2,2,5,0,2.3,0.21,0.13,1.3,2.6,0.08,40,0.1,1,36,0.9,158,178,28,1,1,0.13,114,4,A00BL#F04.A0EQD
5.286,"Bolle, med skummet melk, hjemmebakt",Korn- og bakevarer,Korn- og bakevarer,1324,315,31,8.9,3.6,0.5,0.5,1.3,0.8,0.1,3,0.1,2.9,1.5,1.2,0.3,0,0,0,0,0,0,0,0.3,1.2,8,48.8,37.1,11.6,9.7,9.7,3,8.3,0.2,0,80,83,77,36,1.1,1.1,0.22,0.14,1.4,2.9,0.09,48,0.2,1,63,0.8,67,201,25,1.1,2,0.1,129,7,A00BL#F04.A02LZ$F22.A07SS
5.217,"Bolle, uten rosiner, kjøpt",Korn- og bakevarer,Korn- og bakevarer,1482,353,24,11.3,3.5,1.4,0.6,0.8,0.2,0,4.4,0,4.3,2.6,2.1,0.5,0,0,0,0,0,0,0,0.5,2.1,0,52.8,42.5,10.3,10.1,10.1,4,8.1,0.4,0,0,0,0,1,0,2.5,0.22,0.08,1.4,2.7,0.09,43,0,1,15,0.9,167,151,25,1,1,0.11,93,0,A00BL#F04.A02LY$F04.A039D$F22.A07SH
5.536,"Bollemiks, glutenfri, økologisk, pulver, Det Glutenfrie Verksted",Korn- og bakevarer,Korn- og bakevarer,1487,351,11,0.6,0.1,0,0,0.1,0,0,0.2,0,0.2,0.2,0.2,0,0,0,0,0,0,0,0,0,0.2,0,82.1,61.3,20.8,20,20,5,1.8,0.1,0,0,0,0,0,0,0,0.07,0.03,0.6,0.9,0.07,5,0,0,28,2.5,44,78,32,0.9,0,0.15,78,2,A0CSM#F02.A0ERD$F10.A0B8L$F18.A07NK$F21.A07SE$F28.A07KG
5.501,Brioche,Korn- og bakevarer,Korn- og bakevarer,1815,435,23,26,14.9,0.7,2.2,7,2.5,0.6,6.7,0.6,5.8,1.6,1.3,0.1,0,0,0,0.1,0,0,0,0.2,1.1,160,38.1,34.4,3.6,3.2,3.2,2,10.9,1.1,0,223,232,214,109,3.5,2.4,0.16,0.16,0.8,3,0.1,28,0.5,1,36,1.3,450,163,23,1,9,0.1,144,27,A00BT#F02.A06DQ$F12.A008L$F28.A07GX
5.317,"Brownies, med glasur, kjøpt ",Korn- og bakevarer,Korn- og bakevarer,1941,464,13,23.4,8.9,0.1,0.1,5.4,3.2,0,10.2,0.1,9.9,3.1,2.5,0.5,0,0,0,0,0,0,0,0.5,2.3,37,59.1,11.6,47.5,46.1,46.1,2,3.3,0.3,0,17,16,16,4,0.3,4.1,0.03,0.07,0.2,0.8,0.02,7,0.2,0,31,1.2,123,256,40,0.9,3,0.27,152,8,A00BG#F02.A0ERC$F04.A0C6B$F22.A07SH$F28.A07HP
5.434,Brune pinner,Korn- og bakevarer,Korn- og bakevarer,1993,476,9,23.2,11.9,0.5,1.8,5.6,2,0.5,7,0.5,6.3,1.8,1.5,0.1,0,0,0,0,0,0,0,0.1,1.4,87,58.5,23.7,34.9,34.1,34.1,2,7.2,0.7,0,161,168,154,88,2.5,2.8,0.09,0.12,0.6,1.9,0.06,12,0.2,1,39,1,296,138,32,0.7,4,0.14,108,15,A009X#F02.A06DN$F04.A003Y$F04.A014D$F04.A031G$F04.A032J$F04.A033Z$F04.A039C$F28.A07GX
5.049,"Brød, 1/3 sammalt mel, skummet melk, hjemmebakt",Korn- og bakevarer,Korn- og bakevarer,1030,243,38,1.2,0.2,0,0,0.2,0,0,0.2,0,0.1,0.7,0.6,0,0,0,0,0,0,0,0,0,0.6,0,45.9,44.6,1.4,0,0,5,9.6,0.3,0,0,0,0,0,0,0.4,0.25,0.1,1.9,3.6,0.12,26,0.1,1,48,1.4,128,236,45,1.2,1,0.15,160,4,A0BY0#F10.A06HR$F22.A07SS$F26.A07XD
5.048,"Brød, 1/3 sammalt mel, vann, hjemmebakt",Korn- og bakevarer,Korn- og bakevarer,999,236,40,1.2,0.2,0,0,0.2,0,0,0.2,0,0.1,0.7,0.6,0,0,0,0,0,0,0,0,0,0.6,0,44.9,44.6,0.3,0,0,5,8.8,0.3,0,0,0,0,0,0,0.4,0.24,0.06,1.9,3.4,0.11,26,0,1,18,1.4,119,197,43,1.1,1,0.15,134,0,A0BY0#F04.A001M$F10.A06HR$F22.A07SS
5.041,"Brød, 100 % sammalt mel, skummet melk, hjemmebakt",Korn- og bakevarer,Korn- og bakevarer,1034,245,36,1.5,0.3,0,0,0.2,0,0,0.2,0,0.2,0.8,0.8,0.1,0,0,0,0,0,0,0,0.1,0.8,0,42.3,39.7,2.6,0,0,9,11,0.3,0,0,0,0,0,0,0.6,0.37,0.15,3.3,5.5,0.18,31,0.2,0,85,2.4,137,383,82,2,1,0.23,269,7,A005E#F02.A06CN$F04.A001M$F04.A02MA$F22.A07SS
5.045,"Brød, 2/3 sammalt mel, skummet melk, hjemmebakt",Korn- og bakevarer,Korn- og bakevarer,1049,248,36,1.4,0.3,0,0,0.2,0,0,0.2,0,0.2,0.8,0.7,0.1,0,0,0,0,0,0,0,0.1,0.7,0,44.6,42.1,2.5,0,0,7,10.7,0.3,0,0,0,0,0,0,0.5,0.41,0.15,2.7,4.6,0.17,40,0.3,1,82,1.9,137,329,64,1.6,1,0.19,228,7,A0BY0#F10.A06HR$F22.A07SS$F26.A07XD
5.044,"Brød, 2/3 sammalt mel, vann, hjemmebakt",Korn- og bakevarer,Korn- og bakevarer,985,233,40,1.3,0.2,0,0,0.2,0,0,0.2,0,0.2,0.8,0.7,0.1,0,0,0,0,0,0,0,0.1,0.7,0,42.6,42.1,0.4,0,0,7,9.1,0.3,0,0,0,0,0,0,0.5,0.3,0.07,2.6,4.2,0.14,28,0,0,22,1.9,119,251,60,1.5,1,0.18,175,0,A0BY0#F10.A06HR$F22.A07SS$F26.A07XD
5.051,"Brød, 25 % sammalt mel, skummet melk, hjemmebakt",Korn- og bakevarer,Korn- og bakevarer,1034,244,38,1.1,0.2,0,0,0.2,0,0,0.2,0,0.1,0.6,0.6,0,0,0,0,0,0,0,0,0,0.6,0,46.6,45.2,1.3,0,0,5,9.5,0.3,0,0,0,0,0,0,0.4,0.23,0.09,1.7,3.4,0.11,26,0.1,1,47,1.2,128,223,41,1.1,1,0.14,150,4,A0BY0#F10.A06HR$F22.A07SS$F26.A07XD
5.05,"Brød, 25 % sammalt mel, vann, hjemmebakt",Korn- og bakevarer,Korn- og bakevarer,1036,245,38,1.3,0.3,0,0,0.2,0,0,0.2,0,0.2,0.7,0.6,0,0,0,0,0,0,0,0,0,0.6,0,45.9,44.6,1.4,0,0,5,9.6,0.3,0,1,1,1,1,0.1,0.4,0.24,0.1,1.9,3.6,0.11,26,0.1,1,49,1.4,128,237,44,1.2,1,0.15,160,4,A0BY0#F10.A06HR$F22.A07SS$F26.A07XD
5.047,"Brød, 50 % sammalt mel, skummet melk, hjemmebakt",Korn- og bakevarer,Korn- og bakevarer,1023,242,38,1.3,0.2,0,0,0.2,0,0,0.2,0,0.2,0.7,0.7,0.1,0,0,0,0,0,0,0,0.1,0.7,0,44.8,43.4,1.4,0,0,6,9.7,0.3,0,0,0,0,0,0,0.5,0.28,0.1,2.2,4,0.13,27,0.1,0,50,1.6,128,263,54,1.4,1,0.17,181,4,A0BY0#F10.A06HR$F22.A07SS$F26.A07XD
5.046,"Brød, 50 % sammalt mel, vann, hjemmebakt",Korn- og bakevarer,Korn- og bakevarer,992,234,40,1.2,0.2,0,0,0.2,0,0,0.2,0,0.1,0.7,0.7,0.1,0,0,0,0,0,0,0,0.1,0.7,0,43.7,43.4,0.4,0,0,6,9,0.3,0,0,0,0,0,0,0.5,0.27,0.07,2.2,3.8,0.12,27,0,0,20,1.6,119,224,51,1.3,1,0.17,154,0,A0BY0#F10.A06HR$F22.A07SS$F26.A07XD
5.043,"Brød, 75 % sammalt mel, skummet melk, hjemmebakt",Korn- og bakevarer,Korn- og bakevarer,1045,247,36,1.4,0.3,0,0,0.2,0,0,0.2,0,0.2,0.8,0.7,0.1,0,0,0,0,0,0,0,0.1,0.7,0,44.1,41.5,2.5,0,0,8,10.7,0.3,0,0,0,0,0,0,0.5,0.33,0.14,2.8,4.8,0.16,29,0.2,0,82,2,137,343,69,1.7,1,0.2,238,7,A0BY0#F04.A02MA$F10.A06HR$F22.A07SS$F26.A07XD
5.042,"Brød, 75 % sammalt mel, vann, hjemmebakt",Korn- og bakevarer,Korn- og bakevarer,982,232,40,1.3,0.2,0,0,0.2,0,0,0.2,0,0.2,0.8,0.7,0.1,0,0,0,0,0,0,0,0.1,0.7,0,42,41.5,0.4,0,0,8,9.2,0.3,0,0,0,0,0,0,0.5,0.31,0.08,2.8,4.4,0.15,29,0,0,23,2,119,264,64,1.5,1,0.19,186,0,A0BY0#F10.A06HR$F22.A07SS$F26.A07XD
5.343,"Brød, ekstra grovt (75-100 %), kjøpt",Korn- og bakevarer,Korn- og bakevarer,1020,242,41,4.8,0.7,0,0,0.5,0.1,0,1.1,0,1.5,2.5,1.6,0.3,0,0,0,0,0,0,0,0.3,1.7,0,33.7,32.4,1.2,0.1,0.1,8,12,0.9,0,0,0,0,1,0,1.2,0.28,0.09,2.2,4.2,0.12,32,0,0,56,2.7,358,290,86,1.9,4,0.34,264,1,A0BY0#F02.A06CN$F10.A06HR$F22.A07SH
5.427,"Brød, glutenfritt, Semper formbrød",Korn- og bakevarer,Korn- og bakevarer,1041,247,41,4.4,0.6,0,0,0.3,0.1,0,1.3,0,1.3,2.5,2.4,0,0,0,0,0,0,0,0,0,2.4,0,45.9,38.2,7.7,7.7,7.7,6,2.9,2.1,0,0,0,0,0,0,3,0.06,0.15,0.9,1.4,0.03,23,0,0,28,0.9,820,170,18,0.8,5,0.12,86,2,A005S#F04.A003F$F04.A011G$F04.A011J$F18.A07NL$F19.A07PR
5.264,"Brød, glutenfritt, fint, med lettmelk, hjemmebakt",Korn- og bakevarer,Korn- og bakevarer,1081,257,35,2.9,1.3,0.2,0.2,0.5,0.3,0,1.1,0,1,0.4,0.3,0.1,0,0,0,0,0,0,0,0.1,0.2,3,50,46.6,3.3,1.7,1.7,10,2.6,0.9,0,27,28,26,13,0.5,0.3,0.24,0.3,2.6,3.1,0.2,35,0.2,0,52,3.6,378,105,11,0.6,1,0.04,82,6,A005S#F02.A06CT$F04.A02LZ$F10.A07XK$F10.A0B8L$F22.A07SS
5.262,"Brød, glutenfritt, fint, med vann, hjemmebakt",Korn- og bakevarer,Korn- og bakevarer,1025,243,38,2.6,1.1,0.1,0.1,0.4,0.2,0,1,0,0.9,0.4,0.3,0.1,0,0,0,0,0,0,0,0.1,0.2,3,48.4,46.6,1.8,1.7,1.7,10,1.4,0.9,0,26,27,25,12,0.3,0.3,0.23,0.25,2.6,2.8,0.2,34,0,0,6,3.6,364,44,9,0.5,0,0.03,43,0,A005S#F02.A06CT$F04.A03DL$F10.A07XK$F10.A0B8L$F22.A07SS
5.265,"Brød, glutenfritt, grovt, med lettmelk, hjemmebakt",Korn- og bakevarer,Korn- og bakevarer,797,190,56,4.9,0.7,0,0,0.4,0.1,0,1.9,0,1.8,1.8,1.6,0.1,0,0,0,0,0,0,0,0.1,1.6,1,27.4,21.7,5.7,3.1,3.1,6,6,1.2,0,3,2,2,2,0.1,2.1,0.22,0.15,1,2.2,0.09,45,0.3,0,86,1.2,482,236,46,1.3,2,0.19,175,8,A005T#F02.A06CT$F04.A02LZ$F10.A06HR$F10.A0B8L$F22.A07SS
5.263,"Brød, glutenfritt, grovt, med vann, hjemmebakt",Korn- og bakevarer,Korn- og bakevarer,716,170,60,4.5,0.5,0,0,0.3,0.1,0,1.8,0,1.8,1.8,1.6,0.1,0,0,0,0,0,0,0,0.1,1.6,0,25.2,21.7,3.5,3.1,3.1,6,4.3,1.2,0,0,0,0,0,0,2.1,0.21,0.08,1,1.7,0.09,44,0,0,20,1.2,462,150,43,1.2,2,0.18,119,0,A005T#F02.A06CT$F10.A06HR$F10.A0B8L$F22.A07SS
5.354,"Brød, glutenfritt, grovt, soyabasert drikke, hjemmebakt",Korn- og bakevarer,Korn- og bakevarer,774,184,57,5,0.6,0,0,0.4,0.1,0,2,0,1.9,2.3,2.1,0.2,0,0,0,0,0,0,0,0.2,2.1,0,26,21.7,4.2,3.8,3.8,6,6,1.2,0,0,0,0,0,0.2,2.2,0.22,0.19,1,2,0.09,49,0.1,0,95,1.4,474,294,52,1.3,2,0.24,189,0,A005T#F02.A06CT$F04.A03TJ$F10.A06HR$F10.A0B8L$F22.A07SS
5.129,"Brød, grovbakst, sammalt mel, hjemmebakt",Korn- og bakevarer,Korn- og bakevarer,1046,248,37,2.4,0.6,0.1,0,0.3,0.1,0,0.7,0,0.7,0.9,0.8,0.1,0,0,0,0,0,0,0,0.1,0.8,1,44.4,43.4,1.1,0.6,0.6,7,8.4,1,0,7,7,7,3,0.1,0.6,0.27,0.09,1.8,3.3,0.12,37,0,0,21,1.5,399,242,51,1.5,1,0.17,158,0,A005P#F04.A0CSL$F22.A07SS
5.342,"Brød, grovt (50-75 %), kjøpt",Korn- og bakevarer,Korn- og bakevarer,1010,239,41,3.1,0.4,0,0,0.3,0.1,0,1.1,0,1.1,1.3,1.1,0.1,0,0,0,0,0,0,0,0.1,1.1,0,40.6,38.4,2.3,0.3,0.3,6,9.3,1.1,0,0,0,0,0,0,1.1,0.26,0.09,1.9,3.5,0.12,30,0,0,25,1.7,437,226,52,1.3,3,0.21,171,0,A0BY0#F02.A06CN$F10.A06HR$F22.A07SH
5.392,"Brød, grovt (50-75 %), kjøpt, kneipp",Korn- og bakevarer,Korn- og bakevarer,1040,246,39,2.2,0.2,0,0,0.2,0,0,0.9,0,0.9,0.9,0.8,0.1,0,0,0,0,0,0,0,0.1,0.8,0,45.3,43.4,1.9,0,0,5,8.6,1.5,0,0,0,0,0,0,0.6,0.21,0.08,2.1,3.5,0.11,23,0,0,24,1.5,580,200,41,1.2,2,0.21,140,1,A0BY0#F10.A0EZZ$F22.A07SH
5.468,"Brød, grovt, glutenfritt, Fria",Korn- og bakevarer,Korn- og bakevarer,1055,250,38,2.5,0.6,0,0,0.5,0.1,0,1,0,1,0.7,0.3,0.3,0,0,0,0,0,0,0,0.3,0.3,0,53,46.2,6.8,6.7,6.7,6,0.9,1.2,0,0,0,0,1,0,0.5,0.24,0.08,0.9,1.1,0.04,48,0,0,42,1.7,467,169,12,0.2,0,0.03,45,0,A005T#F02.A06CT$F10.A06HR$F10.A0B8L
5.341,"Brød, halvgrovt (25-50 %), kjøpt",Korn- og bakevarer,Korn- og bakevarer,974,230,43,2.3,0.4,0,0,0.2,0,0,0.6,0,0.5,0.8,0.6,0.1,0,0,0,0,0,0,0,0.1,0.8,0,41.1,40.4,0.7,0,0,5,8.8,1.1,0,2,1,1,1,0,0.7,0.24,0.08,1.8,3.3,0.09,28,0,0,28,1.6,420,213,49,1.2,3,0.18,160,0,A0BY0#F02.A06CN$F10.A0EZZ$F22.A07SH
5.36,"Brød, halvgrovt (25-50 %), kjøpt, kneipp",Korn- og bakevarer,Korn- og bakevarer,981,232,42,1.5,0.2,0,0,0,0,0,0.2,0,0,0.6,0,0,0,0,0,0,0,0,0,0.1,0.8,0,45.5,45.2,0.3,0,0,4,7.1,1,0,1,1,1,1,0,0.6,0.21,0.08,2.2,3.4,0.08,31,0,0,17,1.7,400,192,45,1.1,5,0.18,162,1,A0BY0#F10.A0EZZ$F22.A07SH
5.535,"Brødmiks, eltefritt brød, glutenfri, økologisk, pulver, Det Glutenfrie Verksted",Korn- og bakevarer,Korn- og bakevarer,1584,377,14,9.7,1.3,0,0,0.8,0.4,0,2.2,0,2.2,5.5,4,0,0,0,0,0,0,0,0,1.4,4,0,58,57.4,0.6,0,0,8,10.4,1.4,0,0,0,0,0,0,4.5,0.49,0.08,2.1,3.8,0.28,48,0,0,44,4.1,577,355,135,2.6,0,0.57,287,33,A0CSL#F02.A0ERD$F10.A0B8L$F18.A07NK$F21.A07SE$F28.A07KG
5.534,"Brødmiks, fiberbrød, glutenfri, økologisk, pulver, Det Glutenfrie Verksted",Korn- og bakevarer,Korn- og bakevarer,1741,416,17,19.4,2.3,0,0,1.3,0.8,0,4.2,0,4.2,12.2,8.7,0,0,0,0,0,0,0,0,3.5,8.7,0,43.7,41.1,2.6,1.6,1.6,7,13,2,0,0,0,0,0,0,12.3,0.72,0.11,3.4,5.6,0.34,47,0,0,79,4,792,416,198,2.9,0,0.89,359,6,A0CSL#F02.A0ERD$F10.A0B8L$F18.A07NK$F21.A07SE$F28.A07KG
5.537,"Brødmiks, nistebrød, glutenfri, økologisk, pulver, Det Glutenfrie Verksted",Korn- og bakevarer,Korn- og bakevarer,1540,365,12,6.1,0.9,0,0,0.7,0.2,0,1.7,0,1.6,2.9,1.5,0,0,0,0,0,0,0,0,1.3,1.5,0,62.3,60.8,1.5,0.9,0.9,8,11.1,1.3,0,0,0,0,0,0,1.5,0.34,0,1.2,3.1,0.16,53,0,0,29,3,539,304,96,2.4,0,0.38,240,29,A0CSL#F02.A0ERD$F10.A0B8L$F18.A07NK$F21.A07SE$F28.A07KG
5.541,"Brødmiks, superbrød, glutenfri, økologisk, pulver, Det Glutenfrie Verksted",Korn- og bakevarer,Korn- og bakevarer,1570,374,15,11.3,1.6,0,0,1.2,0.3,0,3.4,0,3.3,5.5,3.3,0,0,0,0,0,0,0,0,2.2,3.3,0,48.5,47.4,1.1,0,0,12,13.8,1.2,0,0,0,0,0,0,1.7,0.53,0.09,1.9,4.2,0.32,67,0,1,114,4.2,478,521,150,3.4,0,0.7,375,2,A0CSL#F02.A0ERD$F10.A0B8L$F18.A07NK$F21.A07SE$F28.A07KG
5.285,"Bulgurgryn, kokt",Korn- og bakevarer,Korn- og bakevarer,379,90,77,0.6,0.1,0,0,0.1,0,0,0,0,0.1,0.2,0.2,0,0,0,0,0,0,0,0,0,0.2,0,15.9,15.6,0.3,0,0,3,3.7,0.4,0,0,0,0,0,0,0,0.03,0.01,0.4,1.1,0.03,5,0,0,10,0.6,164,84,23,0.7,1,0.14,78,0,A004G#F28.A07GG
5.233,"Bulgurgryn, tørr",Korn- og bakevarer,Korn- og bakevarer,1215,288,26,1.9,0.2,0,0,0.2,0,0,0.2,0,0.2,0.6,0.6,0,0,0,0,0,0,0,0,0,0.6,0,50.9,50,0.9,0,0,10,11.8,0,0,0,0,0,0,0,0.1,0.18,0.04,1.5,3.5,0.19,23,0,0,29,1.9,11,375,69,2.3,4,0.43,250,0,A004G
5.002,Byggmel,Korn- og bakevarer,Korn- og bakevarer,1413,334,14,2,0.4,0,0,0.3,0,0,0.2,0,0.2,1,0.9,0.1,0,0,0,0,0,0,0,0.1,0.9,0,65.6,64.9,0.7,0,0,10,8.7,0,0,0,0,0,0,0,0.5,0.3,0.07,2.8,4.3,0.22,29,0,0,27,1.8,0,288,61,1.3,0,0.29,210,0,A002L
5.001,Byggryn,Korn- og bakevarer,Korn- og bakevarer,1384,327,14,1.1,0.2,0,0,0.2,0,0,0.1,0,0.1,0.5,0.5,0.1,0,0,0,0,0,0,0,0.1,0.5,0,65.4,64.5,0.9,0,0,11,8.6,0,0,0,0,0,0,0,0.7,0.13,0.11,5.7,7.1,0.33,20,0,0,23,2.2,2,290,66,1.3,3,0.61,285,0,A002K
5.447,"Byggryn, kokt",Korn- og bakevarer,Korn- og bakevarer,438,103,73,0.3,0.1,0,0,0.1,0,0,0,0,0,0.2,0.1,0,0,0,0,0,0,0,0,0,0.1,0,20.7,20.4,0.3,0,0,3,2.7,0,0,0,0,0,0,0,0.2,0.02,0.02,1.4,2.4,0.06,5,0,0,8,0.7,1,66,22,0.4,1,0.2,90,0,A002K#F01.A059D$F02.A066Q$F27.A000P$F28.A07GG$F28.A0BZV
10.172,Byggrynsgrøt,Korn- og bakevarer,Korn- og bakevarer,390,92,77,1,0.5,0,0.1,0.2,0.1,0,0.2,0,0.2,0.1,0.1,0,0,0,0,0,0,0,0,0,0.1,2,14.9,10.5,4.4,0,0,2,4.9,0.2,0,5,5,5,4,0.3,0.1,0.04,0.14,0.7,2,0.05,5,0.5,0,131,0.4,60,201,19,0.5,1,0.1,157,15,A0F0T#F02.A06DX$F04.A000P$F04.A02LT$F10.A07VP
5.182,"Chapatti, med sammalt mel",Korn- og bakevarer,Korn- og bakevarer,1038,246,36,1.5,0.3,0,0,0.2,0,0,0.2,0,0.2,0.9,0.8,0.1,0,0,0,0,0,0,0,0.1,0.8,0,43.2,42.6,0.6,0,0,10,10,0.7,0,0,0,0,0,0,0.6,0.34,0.06,3.3,5.1,0.17,13,0,0,27,2.5,275,314,83,1.7,1,0.24,226,0,A006Y#F04.A004A
5.472,"Ciabatta, glutenfri, Schär",Korn- og bakevarer,Korn- og bakevarer,1201,286,33,7.2,0.8,0,0,0.5,0.2,0,2.4,0.1,2.4,3.5,2.3,1.1,0,0,0,0,0,0,0,1.1,2.3,0,44.6,38.6,6,3,3,10,6,0.8,0,0,0,0,0,0,3,0.43,0.13,1.6,2.6,0.14,66,0,0,22,1.3,323,238,48,1,0,0.21,109,0,A005T#F02.A06CT$F10.A06HR$F10.A0B8L
5.033,"Corn flakes, Kelloggs",Korn- og bakevarer,Korn- og bakevarer,1616,381,4,1,0.2,0,0,0.2,0,0,0.1,0,0.1,0.4,0.4,0,0,0,0,0,0,0,0,0,0.4,0,84.1,75.3,8.8,8.8,8.8,4,7.1,1.1,0,4,7,0,45,0,0,0.05,0.05,0.4,1.6,0.07,4,0,0,4,0.2,450,83,11,2,0,0.62,45,2,A00DD
5.476,"Corn flakes, glutenfri, Schär",Korn- og bakevarer,Korn- og bakevarer,1446,341,13,0.2,0,0,0,0,0,0,0.1,0,0.1,0.1,0.1,0,0,0,0,0,0,0,0,0,0.1,0,75.6,72.8,2.8,1.8,1.8,3,7.5,1.8,0,1,2,0,17,0,0.2,1.8,2,25,26.3,2.5,250,1.3,0,3,0.2,707,83,9,0.2,0,0.04,41,0,A00DD#F02.A068E$F10.A0B8L$F27.A000T$F28.A07LG
5.531,"Corn flakes, glutenfri, uten tilsatt sukker, økologisk, Det Glutenfrie Verksted",Korn- og bakevarer,Korn- og bakevarer,1573,371,6,1,0.2,0,0,0.2,0,0,0.3,0,0.2,0.4,0.4,0,0,0,0,0,0,0,0,0,0.4,0,80,79.7,0.3,0,0,5,8,0,0,25,49,0,299,0,1.1,0.44,0.13,1.9,2.7,0.06,10,0,0,35,4.7,5,232,87,4.6,0,0.33,497,5,A00DD#F02.A068E$F10.A0B8L$F18.A07NK$F21.A07SE$F27.A000T$F28.A07LG
5.239,"Corn flakes, søt, Frosties",Korn- og bakevarer,Korn- og bakevarer,1579,372,7,0.9,0.2,0,0,0.1,0,0,0.2,0,0.2,0.4,0.5,0,0,0,0,0,0,0,0,0,0.5,0,85.2,49.3,35.9,36,36,3,4.3,0.8,0,1,1,0,6,0,0,0.02,0.02,0.3,1,0.06,8,0,0,4,0.3,320,74,7,0,2,0.04,25,2,A00DD#F08.A032H
5.252,"Couscous, kokt",Korn- og bakevarer,Korn- og bakevarer,673,159,62,2,0.5,0.1,0,0.2,0.1,0,0.7,0,0.7,0.6,0.5,0.1,0,0,0,0,0,0,0,0.1,0.5,1,30.1,29.2,0.9,0,0,1,4.5,0.4,0,7,7,7,3,0.1,0.2,0.06,0.02,0.8,1.7,0.04,7,0,0,11,0.7,155,85,23,0.7,2,0.13,88,0,A008C#F28.A07GG
5.225,"Couscous, tørr",Korn- og bakevarer,Korn- og bakevarer,1657,391,3,2.1,0.3,0,0,0.3,0,0,0.3,0,0.2,0.8,0.8,0.1,0,0,0,0,0,0,0,0.1,0.8,0,79.2,76.9,2.3,0,0,4,12,0,0,0,0,0,0,0,0.1,0.28,0.06,2.6,4.6,0.15,28,0,0,28,2,4,287,59,1.8,5,0.36,238,2,A008C
5.312,"Croissant, uten fyll, kjøpt",Korn- og bakevarer,Korn- og bakevarer,1430,342,36,18.4,10.4,0.5,1.6,5.1,1.4,0.4,3.7,0.2,3.3,0.9,0.7,0.1,0,0,0,0,0,0,0,0.1,0.7,53,35.1,29.5,5.6,6,6,3,7.4,1,0,182,186,176,65,0,0.7,0.16,0.07,0.7,1.9,0.05,34,0.2,0,21,0.8,402,103,17,0.6,3,0.09,94,3,A00CD#F22.A07SH
5.346,"Cupcakes, med glasur, av pulver, smør",Korn- og bakevarer,Korn- og bakevarer,1576,375,23,13.9,8,0.7,0.5,1.4,1.1,0.5,3.5,0.1,3.8,0.4,1.6,0.4,0,0,0,0,0,0,0,0.4,1.6,48,59.4,15.1,44.3,44.3,44.3,0.4,2.9,0.8,0,197,203,190,79,1.7,0.4,0.04,0.07,0.3,0.8,0.02,4,0,0,15,0.3,300,45,10,0.2,2,0.03,32,4,A00BC#F04.A046F$F28.A07MR
5.435,Daimkake,Korn- og bakevarer,Korn- og bakevarer,1603,385,35,25.2,10.8,0.5,1.4,5.2,2.2,0.4,9.4,0.4,8.8,1.9,1.7,0.1,0,0,0,0,0,0,0,0.1,1.6,88,33.3,0.9,32.4,29.7,29.7,1,5.5,0.2,0,158,164,151,78,0.5,4.2,0.04,0.23,0.2,1.3,0.04,20,0.5,0,67,0.8,70,128,30,0.6,5,0.16,124,19,A00AV#F04.A031G$F04.A0EQD$F28.A07KQ
5.087,Delfiakake,Korn- og bakevarer,Korn- og bakevarer,2200,531,20,43,35,14.6,6,5.6,3.9,0,5.8,0.1,6.1,1.5,1.3,0,0,0,0,0,0,0,0,0.1,1.4,42,30.2,5.2,25,20.7,20.7,2,4.7,0.1,0,20,21,20,9,0.3,3.8,0.06,0.09,0.3,1.3,0.03,9,0.3,0,35,1.8,59,170,42,0.8,3,0.32,100,9,A00BF#F04.A009X$F04.A034H$F04.A035L$F04.A037M
5.318,"Donuts, med sjokoladeglasur, kjøpt",Korn- og bakevarer,Korn- og bakevarer,1712,411,28,25.6,12.9,1,0.6,9,2,0,8.6,0.1,8.5,2.8,2.5,0.2,0,0,0,0,0,0,0,0.2,2.5,2,37.2,25.5,11.7,10.6,10.6,3,6.6,0.9,0,6,7,6,6,0,2,0.13,0.07,0.7,1.8,0.06,20,0.1,1,40,1,375,254,37,0.9,1,0.21,104,1,A00BR#F02.A06DQ$F12.A008L$F22.A07SH$F28.A07HP$F28.A0BA1
5.522,"Eggnudler, kokt",Korn- og bakevarer,Korn- og bakevarer,509,120,70,0.8,0.1,0,0,0.1,0,0,0.1,0,0.1,0.3,0.3,0,0,0,0,0,0,0,0,0,0.3,6,22.9,22.6,0.3,0,0,2,4.2,0.1,0,0,0,0,0,0,0.2,0.02,0,0.5,1.2,0.04,6,0,0,17,0.8,55,38,24,0.5,4,0.19,70,2,A007R#F02.A06CZ$F28.A07GL
5.33,"Eggnudler, tørr",Korn- og bakevarer,Korn- og bakevarer,1521,359,12,2,0.3,0,0,0,0,0,0.3,0,0,0.7,0,0,0,0,0,0,0,0,0,0.1,2.2,2,72.6,70.9,1.7,0,0,1,12,0.6,0,6,7,4,23,0.2,0.5,0.12,0.02,3.3,5.3,0.15,19,0,0,73,2.7,240,378,49,1.3,16,0.2,187,6,A007R#F04.A031G
5.436,Eplekake,Korn- og bakevarer,Korn- og bakevarer,1198,286,45,14.1,8.3,0.4,1.2,3.8,1.4,0.4,3.6,0.3,3.1,0.7,0.5,0.1,0,0,0,0,0,0,0,0.1,0.4,75,34.9,10.6,24.3,19.7,19.7,2,4,0.4,0,121,127,115,73,1.9,1.1,0.04,0.06,0.2,1.1,0.05,6,0.2,1,31,0.5,148,94,9,0.3,4,0.05,101,13,A00BA#F04.A01DJ
5.131,Eplepai,Korn- og bakevarer,Korn- og bakevarer,894,214,59,10.8,4.5,0.6,0.6,1.6,1,0.1,3.8,0.1,3.6,1.6,1.2,0.4,0,0,0,0,0,0,0,0.4,1.1,10,25.4,13.9,11.5,5.1,5.1,3,2.6,0.2,0,105,109,99,63,1.4,1.3,0.04,0.01,0.3,0.8,0.05,2,0,1,8,0.3,66,86,9,0.2,0,0.05,31,2,A00BZ#F04.A01DJ
5.144,"Flatbrød, havre, kjøpt",Korn- og bakevarer,Korn- og bakevarer,1340,318,15,2,0.3,0,0,0.3,0,0,0.4,0,0.3,1,0.9,0.1,0,0,0,0,0,0,0,0.1,0.9,0,57,56,0.9,0,0,15,10.2,1.2,0,0,0,0,0,0,0.5,0.37,0.09,2.2,3.9,0.19,24,0,0,36,2.7,479,418,99,2.2,1,0.28,286,0,A0CHT#F02.A06CQ$F04.A002Y$F22.A07SH
5.146,"Flatbrød, hjemmebakt type, kjøpt",Korn- og bakevarer,Korn- og bakevarer,1377,327,15,2.6,0.3,0,0,0.3,0,0,0.5,0,0.5,1.4,1.3,0.1,0,0,0,0,0,0,0,0.1,1.3,0,58.4,56.5,1.9,1,1,14,10.4,0.9,0,0,0,0,0,0,1,0.42,0.12,2.1,3.8,0.19,43,0,0,32,2.3,374,391,86,2,1,0.3,255,0,A0CHT#F02.A06CQ$F22.A07SS
5.068,"Flatbrød, kjøpt",Korn- og bakevarer,Korn- og bakevarer,1359,322,15,2.3,0.3,0,0,0.3,0,0,0.4,0,0.4,1.2,1.1,0.1,0,0,0,0,0,0,0,0.1,1.1,0,57.7,56.3,1.4,0.5,0.5,15,10.3,1.1,0,0,0,0,0,0,0.7,0.4,0.11,2.1,3.9,0.19,34,0,0,34,2.5,427,404,93,2.1,1,0.29,270,0,A0CHT#F02.A06CQ$F22.A07SH$F26.A07XD
10.151,Fløyelsgrøt,Korn- og bakevarer,Korn- og bakevarer,603,144,75,8.8,5.5,0.3,0.9,2.5,0.9,0.2,2.1,0.2,1.8,0.3,0.2,0,0,0,0,0,0,0,0,0,0.1,22,11.5,7.2,4.3,0,0,0.5,4.6,0.4,0,66,69,62,45,0.6,0.2,0.03,0.14,0.1,1.1,0.02,3,0.5,0,126,0.1,152,184,15,0.5,1,0.04,121,17,A0F0T#F02.A06DX$F04.A001N$F04.A02LT$F10.A07VP
5.437,Focaccia,Korn- og bakevarer,Korn- og bakevarer,1305,311,36,12.2,1.8,0,0,1.4,0.3,0,8.5,0.1,8.3,1.3,1.2,0.1,0,0,0,0,0,0,0,0.1,1.2,0,41.4,40.7,0.6,0.3,0.3,3,7.5,1.3,0,1,1,0,7,0,1.6,0.18,0.06,1.1,2.4,0.08,29,0,1,18,0.9,524,134,24,0.8,1,0.1,83,0,A004Y#F02.A06CN$F04.A001M$F04.A01BP$F04.A036P$F04.A04MA$F10.A07XK
5.533,"Focacciamiks, glutenfri, økologisk, pulver, Det Glutenfrie Verksted",Korn- og bakevarer,Korn- og bakevarer,1410,333,15,0.7,0.2,0,0,0.1,0,0,0.2,0,0.2,0.3,0.3,0,0,0,0,0,0,0,0,0,0.3,0,76.7,76.4,0.2,0,0,5,2.3,2.2,0,0,0,0,0,0,0.1,0.1,0.03,0.8,1.2,0.1,6,0,0,35,1.6,860,80,40,1.1,0,0.17,100,3,A0CSK#F02.A0ERD$F10.A0B8L$F18.A07NK$F21.A07SE$F28.A07KG
5.091,"Formkake, fet, dansk sandkake",Korn- og bakevarer,Korn- og bakevarer,1693,405,26,22,9,1.1,1.1,3.3,2,0.2,7.9,0.2,7.5,3.2,2.4,0.7,0,0,0,0.1,0,0,0,0.8,2.4,92,46.4,19.7,26.7,26,26,0.6,5,0.4,0,223,230,216,87,3.2,3.3,0.04,0.1,0.2,1.3,0.04,9,0.3,0,34,0.6,159,87,9,0.4,5,0.04,85,18,A00AP#F04.A003Y$F04.A011F$F04.A02LY$F04.A032J$F04.A039D$F07.A073K
5.09,"Formkake, marmor",Korn- og bakevarer,Korn- og bakevarer,1501,358,30,16.6,6.8,0.8,0.8,2.6,1.6,0.1,5.9,0.2,5.6,2.5,1.9,0.5,0,0,0,0,0,0,0,0.6,1.9,78,44,21.1,22.9,21.8,21.8,2,7.4,0.5,0,163,168,158,62,2.4,2.6,0.08,0.11,0.4,1.9,0.06,10,0.4,0,53,0.9,205,172,22,0.7,5,0.12,170,17,A00BJ#F02.A0ERC$F04.A0C6B$F07.A073E
5.319,"Formkake, med glasur, kjøpt",Korn- og bakevarer,Korn- og bakevarer,1802,431,19,21.7,2,0,0,1.3,0.5,0,12.2,0.1,11.8,6.4,4.8,1.5,0,0,0,0,0,0,0,1.5,4.9,45,52.7,24.4,28.2,28.1,28.1,1,5.5,1,0,20,20,20,0,0.4,5.3,0.07,0.06,0.4,1.5,0.05,7,0.2,0,22,0.6,417,80,13,0.5,3,0.06,127,8,A00AP#F02.A0ERC$F22.A07SH$F28.A07HM
5.088,"Formkake, med mindre fett",Korn- og bakevarer,Korn- og bakevarer,1330,316,31,9,3.7,0.5,0.5,1.3,0.8,0.1,3,0.1,2.9,1.5,1.1,0.3,0,0,0,0,0,0,0,0.3,1.1,9,50.8,31,19.8,18,18,2,6.8,0.4,0,81,84,78,38,1.2,1.1,0.1,0.07,0.6,1.8,0.06,4,0.2,1,69,0.6,147,156,20,0.5,1,0.08,157,7,A00AP#F10.A077C
5.32,"Formkake, uten glasur, kjøpt",Korn- og bakevarer,Korn- og bakevarer,1489,356,32,17.1,1.7,0,0,1.1,0.4,0,9.7,0.1,9.4,4.7,3.5,1.2,0,0,0,0,0,0,0,1.2,3.5,54,44.6,18.8,25.8,25,25,1,5.3,1.1,0,24,24,24,0,0.4,4.2,0.06,0.09,0.3,1.4,0.05,8,0.2,0,29,0.6,432,89,12,0.5,4,0.05,136,11,A00AP#F02.A0ERC$F22.A07SH
5.543,"Frokostblanding, bokhvete og mørk sjokolade, glutenfri, økologisk, Det Glutenfrie Verksted",Korn- og bakevarer,Korn- og bakevarer,1607,381,11,7.4,2.5,0,0,1.2,1.3,0,2,0,2,2.5,1,0,0,0,0,0,0,0,0,1.5,1,0,65.4,58.5,6.9,5.5,5.5,6,10.2,0.7,0,1,1,1,0,0,1.8,0.33,0.11,2.3,4,0.29,28,0,0,43,4.5,267,423,97,2.3,0,1.03,272,16,A00EL#F02.A06DZ$F04.A000N$F04.A034G$F10.A0B8L$F18.A07NK$F21.A07SE
5.24,"Frokostblanding, ristet hvete og ris, Spesial K",Korn- og bakevarer,Korn- og bakevarer,1493,352,11,1.4,0.2,0,0,0.2,0,0,0.3,0,0.1,0.6,0.4,0.1,0,0,0,0,0,0,0,0.1,0.4,0,74.4,62.2,12.2,11.3,11.3,5,8,0.6,0,0,0,0,4,0,0.4,0.2,0.04,3.1,4.5,0.12,23,0,0,14,1.8,231,207,56,1.8,5,0.59,193,2,A00EM#F02.A068E$F27.A000P$F27.A001D$F27.A001N$F28.A07LG
5.158,"Frokostblanding, sjokoladesmak",Korn- og bakevarer,Korn- og bakevarer,1514,358,10,2.8,0.9,0,0,0.5,0.4,0,0.5,0,0.6,0.7,0.7,0.1,0,0,0,0,0,0,0,0.1,0.7,0,70.9,46.2,24.7,24.8,24.8,7,8.7,0.6,0,1,1,0,8,0,0.4,0.17,0.05,1.5,2.9,0.11,20,0,1,28,3.4,243,431,69,1.3,1,0.36,158,0,A00EL#F02.A06DZ$F04.A000L
5.375,"Frokostblanding, sjokoladesmak, Coco Pops Crunchers",Korn- og bakevarer,Korn- og bakevarer,1500,354,12,2.1,0.8,0,0,0.5,0.4,0,0.5,0,0.5,0.6,0.6,0,0,0,0,0,0,0,0,0,0.6,0,72.6,44.8,27.8,27.6,27.6,4,9.1,0.8,0,0,0,0,2,0,0.4,0.18,0.03,1,2.5,0.08,13,0,1,22,1.4,307,322,53,1.1,1,0.31,116,0,A00EF#F02.A068E$F27.A001M$F28.A07LG
5.395,"Frokostblanding, sjokoladesmak, Nestlé Nesquick",Korn- og bakevarer,Korn- og bakevarer,1527,362,9,3.4,0.9,0,0,0.5,0.4,0,0.6,0,0.6,0.9,0.9,0.1,0,0,0,0,0,0,0,0.1,0.9,0,69.1,47.6,21.5,22,21.9,11,8.4,0.5,0,1,2,0,13,0,0.4,0.16,0.07,2,3.4,0.13,27,0,0,34,5.4,180,540,85,1.5,2,0.42,200,0,A04QY#F08.A032H
5.474,"Fruktmüsli, frokostblanding, glutenfri, Finax",Korn- og bakevarer,Korn- og bakevarer,1562,372,0,4.7,0.5,0,0,0.3,0.1,0,1.5,0,1.5,1.9,1.8,0.1,0,0,0,0,0,0,0,0.1,1.8,0,61.8,41.8,20,13,13,25,8.1,1,0,59,117,0,703,0,2.6,0.19,0.13,1.4,2.8,0.15,42,0,22,53,1.9,401,179,61,0.8,0,0.17,122,0,A00EL#F02.A06DZ$F04.A000L$F10.A0B8L$F22.A07SH
5.093,"Fyrstekake, med epler",Korn- og bakevarer,Korn- og bakevarer,1308,312,37,12.9,5.3,0.7,0.7,1.9,1.2,0.1,4.6,0.1,4.3,2,1.5,0.5,0,0,0,0,0,0,0,0.5,1.5,32,42.9,21.4,21.5,18.3,18.3,2,4.9,0.2,0,126,131,121,60,1.7,1.8,0.07,0.04,0.4,1.3,0.05,5,0.1,1,18,0.5,84,98,13,0.3,2,0.06,60,6,A00CB#F04.A01DJ
5.094,"Fyrstekake, med mandler",Korn- og bakevarer,Korn- og bakevarer,1770,423,19,21.4,5.7,0.6,0.6,2.4,1.2,0.1,10.1,0.2,9.9,4.1,3.6,0.4,0,0,0,0,0,0,0,0.4,3.6,51,47.5,19.1,28.5,27.5,27.5,3,8.8,0.4,0,122,126,118,48,1.7,6,0.1,0.13,0.9,2.6,0.06,15,0.2,0,63,1.1,170,185,57,0.9,4,0.23,202,9,A00CB
5.524,"Glassnudler, kokt",Korn- og bakevarer,Korn- og bakevarer,892,210,47,0,0,0,0,0,0,0,0,0,0,0,0,0,0,0,0,0,0,0,0,0,0,0,52.1,51.9,0.2,0,0,0.3,0.1,0,0,0,0,0,0,0,0.1,0.08,0,0.1,0.1,0.03,0,0,0,15,1,3,4,2,0.3,5,0.05,19,0,A008E#F02.A06CZ$F28.A07GL
5.379,"Glassnudler, tørr",Korn- og bakevarer,Korn- og bakevarer,1464,345,14,0.1,0,0,0,0,0,0,0,0,0,0,0,0,0,0,0,0,0,0,0,0,0,0,85.6,85.3,0.3,0,0,0.5,0.2,0,0,0,0,0,0,0,0.1,0.15,0,0.2,0.2,0.05,2,0,0,25,2.2,10,10,3,0.4,8,0.08,32,0,A008E
5.461,"Goro, småkake",Korn- og bakevarer,Korn- og bakevarer,1944,466,19,29.2,17.9,0.8,2.8,8.1,3,0.8,7.1,0.7,6.1,1.1,0.8,0.1,0,0,0,0,0,0,0,0.1,0.6,102,44.3,29.2,15.2,14.4,14.4,2,5.8,0.3,0,246,257,234,143,2.9,1.1,0.08,0.08,0.4,1.5,0.05,7,0.2,1,31,0.7,135,92,14,0.4,4,0.06,88,15,A009X#F02.A06DN$F28.A07HA
5.483,"Granola, hjemmelaget",Korn- og bakevarer,Korn- og bakevarer,1943,466,12,26,2.9,0,0.1,1.9,0.8,0,10,0.1,9.9,9.3,7.6,1.6,0,0,0,0,0,0,0,1.6,7.7,1,40.7,16.9,23.8,2.9,17.4,9,12.7,0.5,0,5,5,4,9,0.1,5.7,0.39,0.2,1.4,3.5,0.17,51,0,1,87,3.3,199,487,154,2.4,6,0.67,356,0,A00EL#F02.A06DZ$F04.A000L$F04.A014C$F04.A01ME$F28.A07GY
5.121,Grovbakstmel,Korn- og bakevarer,Korn- og bakevarer,1404,332,14,1.6,0.3,0,0,0.2,0,0,0.2,0,0.2,0.9,0.8,0.1,0,0,0,0,0,0,0,0.1,0.8,0,62.7,62,0.6,0,0,10,11.7,0,0,0,0,0,0,0,0.6,0.39,0.07,2.1,4,0.17,27,0,1,29,2,0,316,70,1.6,1,0.23,211,0,A004S#F02.A067Z$F03.A06JD$F27.A001M$F27.A0D9R$F28.A0C0A
5.21,Gulrotkake,Korn- og bakevarer,Korn- og bakevarer,1189,283,39,8.9,3,0.3,0.3,1.3,0.7,0.1,3.5,0.1,3.4,1.6,1.3,0.2,0,0,0,0,0,0,0,0.2,1.3,54,43.3,18,25.4,23.3,23.3,2,6.3,0.5,0,164,255,72,1100,1.1,2.2,0.08,0.1,0.5,1.8,0.06,11,0.3,1,61,0.8,194,145,23,0.6,4,0.09,191,12,A00AP#F04.A00QH$F04.A014F$F04.A01ME
5.321,"Gulrotkake, med ostekrem, kjøpt",Korn- og bakevarer,Korn- og bakevarer,1705,408,25,21.8,7,2.9,1.1,1.5,0.6,0,9.2,0.1,8.9,4.4,3.2,1.1,0,0,0,0,0,0,0,1.1,3.2,38,47.7,16.7,31,30.1,30.1,2,4.2,1,0,69,121,17,626,0.3,3.8,0.05,0.05,0.3,1.2,0.05,9,0.2,0,30,0.6,416,106,14,0.4,3,0.07,143,7,A00AS#F02.A0ERC$F04.A00QH$F04.A02QE$F22.A07SH
5.061,"Hamburgerbrød, fint, kjøpt",Korn- og bakevarer,Korn- og bakevarer,1265,300,33,7.9,0.7,0,0,0.5,0.1,0,4.3,0,4.1,2.5,1.9,0.6,0,0,0,0,0,0,0,0.6,1.9,0,48,42.9,5.1,4.9,4.9,3,7.9,0.7,0,0,0,0,0,0,1.8,0.19,0.06,1.2,2.6,0.08,33,0,1,14,0.8,276,139,24,0.9,1,0.1,89,0,A0BB2#F10.A07XK$F22.A07SH
5.136,"Havre, ristet, med frukt, olje, Crüsli",Korn- og bakevarer,Korn- og bakevarer,1865,444,5,15,1.5,0,0,1.2,0.3,0,4.2,0,8,7.4,2.6,0.7,0,0,0,0,0,0,0,0.7,2.6,0,67,42,25,22.7,22.7,7,7,0.1,0,0,0,0,1,0,7,0.24,0.05,1.6,2.8,0.14,20,0,0,27,2.4,20,290,69,1.4,3,0.24,262,2,A00DN#F02.A068E$F07.A073B$F08.A0BY6$F27.A000G$F28.A07LG
10.176,"Havre- og bokhvetegrøt, glutenfri",Korn- og bakevarer,Korn- og bakevarer,543,129,69,2.4,0.6,0,0.1,0.3,0.1,0,0.5,0,0.5,0.8,0.5,0.4,0,0,0,0,0,0,0,0.4,0.4,1,18.7,15,3.6,0,0,3,6.7,0.1,0,4,4,4,3,0.2,0.1,0.1,0.13,0.6,2.1,0.05,14,0.4,0,118,0.9,30,223,60,0.8,2,0.14,201,12,A0F0T#F02.A06DX$F04.A000N$F04.A00DH$F04.A02LT$F10.A07VP$F10.A0B8L
5.003,Havregryn,Korn- og bakevarer,Korn- og bakevarer,1553,369,10,6.7,1,0,0,0.9,0,0,2.1,0,2.1,2.3,2.2,0.1,0,0,0,0,0,0,0,0.1,2.2,0,57.2,56.3,1,0,0,12,14.1,0,0,0,0,0,0,0,0.6,0.65,0.09,0.8,3.2,0.13,36,0,0,55,4.1,0,413,128,2.7,3,0.37,438,0,A00DL
5.497,"Havregryn, økologiske",Korn- og bakevarer,Korn- og bakevarer,1530,363,12,6.1,0.9,0,0,0.8,0,0,1.9,0,1.8,2.2,2.1,0.1,0,0,0,0,0,0,0,0.1,2.1,0,58.4,57.4,1.1,0,0,11,13.3,0,0,0,0,0,0,0,0.6,0.64,0.09,0.8,3,0.12,33,0,0,57,3.9,0,393,130,3.2,2,0.44,440,0,A00DL#F02.A068G$F10.A06HR$F27.A000G$F28.A07LH
10.149,"Havregrøt, med melk",Korn- og bakevarer,Korn- og bakevarer,318,75,82,1.4,0.5,0,0.1,0.3,0.1,0,0.4,0,0.3,0.2,0.2,0,0,0,0,0,0,0,0,0,0.2,2,10.3,6,4.3,0,0,1,4.8,0.8,0,5,5,5,4,0.3,0.1,0.06,0.14,0.1,1.2,0.03,5,0.5,0,130,0.4,313,194,21,0.5,1,0.05,151,15,A0F0T#F04.A000G
5.127,"Havregrøt, med vann",Korn- og bakevarer,Korn- og bakevarer,164,39,91,0.7,0.1,0,0,0.1,0,0,0.2,0,0.2,0.2,0.2,0,0,0,0,0,0,0,0,0,0.2,0,6.1,6,0.1,0,0,1,1.5,0.7,0,0,0,0,0,0,0.1,0.04,0.01,0.1,0.4,0.01,3,0,0,6,0.4,275,32,15,0.3,0,0.04,47,0,A0ESM#F04.A000G
10.196,"Havregrøt, med yoghurt, granola og bær, kjøpt i kafé/bakeri",Korn- og bakevarer,Korn- og bakevarer,606,144,68,4.2,1.6,0.2,0.2,0.8,0.2,0.1,1.3,0,1.2,0.8,0.6,0.1,0,0,0,0,0,0,0,0.1,0.6,5,19.7,11.1,8.6,5,5.1,4,5.1,0.3,0,20,25,16,55,0,0.4,0.12,0.11,0.2,1.2,0.04,7,0.3,2,100,0.9,103,215,35,0.8,1,0.09,159,10,A0F0T#F02.A06DX$F04.A001X$F04.A01DT$F04.A02LT$F04.A02NF$F10.A07VP$F22.A07SK
1.337,"Havregrøt, uten salt, med melk",Korn- og bakevarer,Korn- og bakevarer,321,76,82,1.4,0.6,0,0.1,0.3,0.1,0,0.4,0,0.3,0.2,0.2,0,0,0,0,0,0,0,0,0,0.2,2,10.4,6,4.3,0,0,1,4.8,0.1,0,5,5,5,4,0.3,0.1,0.06,0.14,0.1,1.2,0.03,5,0.5,0,131,0.5,38,195,20,0.5,1,0.05,152,15,A0F0T#F02.A06DX$F04.A000G$F04.A02LT$F10.A07VP
1.338,"Havregrøt, uten salt, med vann",Korn- og bakevarer,Korn- og bakevarer,165,39,90,0.7,0.1,0,0,0.1,0,0,0.2,0,0.2,0.2,0.2,0,0,0,0,0,0,0,0,0,0.2,0,6.1,6,0.1,0,0,1,1.5,0,0,0,0,0,0,0,0.1,0.04,0.01,0.1,0.4,0.01,3,0,0,6,0.5,0,32,14,0.3,0,0.04,47,0,A0ESM#F02.A06DX$F04.A000G$F04.A03DK$F10.A07VP
5.122,Havrekli,Korn- og bakevarer,Korn- og bakevarer,1518,361,13,7.5,1.6,0,0,1.2,0.1,0,2.7,0,2.6,2.7,2.9,0.1,0,0,0,0,0,0,0,0.1,2.9,0,54.6,51.4,3.2,0,0,13,12.3,0,0,0,0,0,0,0,7.5,0.5,0.22,4.7,6.8,0.17,52,0,0,58,5,4,566,235,3.1,1,0.62,734,0,A003B
5.14,"Havremakroner, kjøpt",Korn- og bakevarer,Korn- og bakevarer,1735,413,12,14.4,5,0.5,0.5,2.2,1.1,0.1,5.1,0.1,4.8,2.7,2.2,0.4,0,0,0,0.1,0,0,0,0.4,2.3,93,57.5,32.9,24.6,24,24,5,10.8,0.5,0,125,128,122,40,1.9,2.6,0.24,0.13,0.5,2.6,0.09,19,0.3,0,51,2.2,212,222,56,1.5,7,0.18,320,17,A00CN#F04.A000G$F22.A07SH
5.004,Havremel,Korn- og bakevarer,Korn- og bakevarer,1553,369,10,6.7,1,0,0,0.9,0,0,2.1,0,2.1,2.3,2.2,0.1,0,0,0,0,0,0,0,0.1,2.2,0,57.2,56.3,1,0,0,12,14.1,0,0,0,0,0,0,0,0.6,0.65,0.09,0.8,3.2,0.13,36,0,0,55,4.1,0,413,128,2.7,3,0.37,438,0,A002Y
5.528,"Havremel, økologisk, Det Glutenfrie Verksted",Korn- og bakevarer,Korn- og bakevarer,1547,367,12,6.7,1.1,0.1,0,1,0.1,0,2.2,0,2.1,2.2,2.2,0.1,0,0,0,0,0,0,0,0.1,2.2,0,58.8,58,0.8,0,0,10,13.2,0,0,0,0,0,0,0,0.8,0.56,0.03,1,3.2,0.1,87,0,0,16,4.4,2,382,121,3.6,3,0.41,325,0,A002Y#F02.A067Z$F03.A06JD$F18.A07NK$F21.A07SE$F27.A000G$F28.A0C0A
5.237,"Havreputer, Havrefras",Korn- og bakevarer,Korn- og bakevarer,1622,385,6,6.9,1.2,0,0,1,0.2,0,2.5,0,2.4,2.7,2.6,0.1,0,0,0,0,0,0,0,0.1,2.6,0,62.5,53.5,9,9,8.8,13,12,0.9,0,0,0,0,0,0,1.5,0.17,0.08,1.6,3.6,0.13,46,0,0,58,4.3,340,740,130,3.3,8,0.45,440,3,A00DN
5.394,"Havreringer, Nestlé Cheerios",Korn- og bakevarer,Korn- og bakevarer,1662,394,7,7.3,1.1,0,0,0.9,0.1,0,2.3,0,2.3,2.4,2.3,0.1,0,0,0,0,0,0,0,0.1,2.3,0,67.5,58.7,8.8,7,7,7,10.9,0.8,0,0,0,0,0,0,1.2,0.17,0.09,0.6,2.4,0.06,25,0,0,57,3.4,330,560,100,2.1,5,0.34,420,2,A00DN#F02.A068E$F27.A000G$F28.A07LG
5.005,"Hirse, hele korn",Korn- og bakevarer,Korn- og bakevarer,1443,341,17,2.9,0.6,0,0,0.4,0.1,0,0.6,0,0.5,1.3,1.4,0.1,0,0,0,0,0,0,0,0.1,1.4,0,66.6,66,0.6,0,0,3,10.5,0,0,0,0,0,0,0,0.1,0.73,0.38,2.3,4.1,0.75,27,0,0,10,4.8,5,220,100,3.4,2,0.49,240,4,A001B
5.53,Hirseflak,Korn- og bakevarer,Korn- og bakevarer,1511,357,14,3.9,0.9,0,0,0.7,0.2,0,0.8,0,0.8,1.7,1.6,0.1,0,0,0,0,0,0,0,0.1,1.6,0,68,66.4,1.6,0,0,4,10.6,0,0,0,0,0,0,0,0.1,0.43,0.11,1.8,3.6,0.52,20,0,0,10,6.9,3,173,123,2.9,2,0.61,275,3,A001B#F01.A059M$F02.A066Q$F18.A07NK$F27.A001B
5.452,"Horn, fint, hjemmelaget",Korn- og bakevarer,Korn- og bakevarer,1260,300,34,8.2,2.6,0.2,0.3,1.2,0.5,0.1,2.4,0.1,2.2,2.5,2.3,0.2,0,0,0,0,0,0,0,0.2,2.3,23,44.1,42.1,2,0.6,0.6,4,10.3,0.9,0,35,36,34,16,0.5,1.2,0.24,0.11,1.2,3.1,0.1,31,0.2,1,96,1.3,353,212,45,1.2,4,0.21,164,8,A004Y#F02.A06CN$F04.A001M$F04.A015J$F10.A07XK$F22.A07SS
5.453,"Horn, grov, hjemmelaget",Korn- og bakevarer,Korn- og bakevarer,1138,271,39,7.6,3.3,0.1,0.4,1.7,0.6,0.1,2,0.1,1.8,1.4,1.3,0.1,0,0,0,0,0,0,0,0.1,1.3,29,37.5,34.9,2.6,1,1,6,10.3,0.8,0,42,43,40,22,0.7,0.7,0.31,0.16,2.3,4.3,0.13,54,0.2,0,58,1.7,335,268,55,1.7,4,0.19,203,9,A005E#F02.A06CN$F04.A001M$F10.A06HR$F22.A07SS
5.009,"Hvete, helkorn",Korn- og bakevarer,Korn- og bakevarer,1331,315,18,2.4,0.3,0,0,0.3,0,0,0.4,0,0,1.1,0.9,0.1,0,0,0,0,0,0,0,0.1,0.9,0,54.4,52.4,2,0,0,12,13,0,0,0,0,0,3,0,0.9,0.52,0.08,6.4,8.6,0.19,40,0,0,31,4.1,2,414,116,2.7,10,0.35,371,2,A001N
5.244,"Hvetebrikker, Weetabix",Korn- og bakevarer,Korn- og bakevarer,1514,358,8,2.5,0.3,0,0,0.4,0,0,0.3,0,0.3,1.2,1,0.1,0,0,0,0,0,0,0,0.1,1,0,67.4,62.4,5,5,5,11,11.3,0.7,0,0,0,0,0,0,0.8,0.01,0.15,7.5,9.4,0.33,35,0,0,28,4.3,260,388,82,1.5,3,0.32,301,2,A00EF#F08.A032H$F08.A034B$F10.A06HR
5.156,"Hveteflak ristet, med hvetekli, All-bran Regular",Korn- og bakevarer,Korn- og bakevarer,1418,336,11,1.8,0.4,0,0,0.4,0,0,0.3,0,0.3,1.1,1,0.1,0,0,0,0,0,0,0,0.1,1,0,62.3,49,13.3,13.3,13.3,15,10.4,0.7,0,0,0,0,0,0,0.7,0.17,0.12,7,8.7,0.23,27,0,0,43,4.1,270,520,130,2.6,4,0.49,370,2,A00EF
5.096,Hvetekake,Korn- og bakevarer,Korn- og bakevarer,1165,276,36,5,2.7,0.1,0.4,1.3,0.4,0.1,1.1,0.1,0.9,0.6,0.5,0.1,0,0,0,0,0,0,0,0.1,0.5,10,47.2,41.4,5.9,3.6,3.6,3,9.1,0.7,0,32,34,31,20,0.6,0.4,0.19,0.12,1.1,2.8,0.09,29,0.2,1,74,0.8,275,212,26,0.9,1,0.1,136,8,A00BL#F04.A003Y$F04.A02LY$F04.A0F1G
5.007,Hvetekim,Korn- og bakevarer,Korn- og bakevarer,1383,331,20,9.3,1.6,0,0,1.5,0.1,0,1.4,0,1.3,5.6,5,0.7,0,0,0,0,0,0,0,0.7,5.3,0,25.1,11.8,13.3,0,0,18,27.4,0,0,5,10,0,62,0,16,2.13,0.44,6.8,11.4,1.82,330,0,0,60,8.2,3,1060,290,17.8,3,1.1,1000,0,A004Q
5.241,"Hvetekli, ristet, All-Bran plus",Korn- og bakevarer,Korn- og bakevarer,1472,349,10,3.6,0.7,0,0,0.6,0.1,0,0.6,0,0.5,1.8,1.7,0.1,0,0,0,0,0,0,0,0.1,1.7,0,61.9,49.1,12.8,12.5,12.5,14,10.3,0.6,0,0,0,0,0,0,1.5,0.72,0.54,16.8,18.5,0.91,98,0,0,35,5.3,230,440,120,2.4,0,0.4,310,2,A0F4Q#F27.A001N
5.006,"Hvetemel, sammalt, fint/grovt",Korn- og bakevarer,Korn- og bakevarer,1392,330,14,2.1,0.3,0,0,0.3,0,0,0.3,0,0.3,1.2,1.1,0.1,0,0,0,0,0,0,0,0.1,1.1,0,57.9,57.2,0.8,0,0,13,13.4,0,0,0,0,0,0,0,0.8,0.6,0.09,4.6,6.8,0.25,35,0,0,36,3.3,0,420,110,2.3,1,0.32,303,0,A004B#F02.A067Z$F03.A06JD$F10.A06HR$F27.A001M$F28.A0C0A
5.01,"Hvetemel, siktet",Korn- og bakevarer,Korn- og bakevarer,1451,343,14,1.4,0.2,0,0,0.2,0,0,0.2,0,0.1,0.8,0.8,0.1,0,0,0,0,0,0,0,0.1,0.8,0,68.1,67.8,0.3,0,0,5,12.1,0,0,0,0,0,0,0,0.5,0.27,0.04,1.3,3.3,0.12,16,0,2,21,1.2,0,188,35,0.8,1,0.16,123,0,A003Y
5.496,"Hvetemel, økologisk",Korn- og bakevarer,Korn- og bakevarer,1453,343,14,1.5,0.2,0,0,0.2,0,0,0.2,0,0.2,0.8,0.8,0.1,0,0,0,0,0,0,0,0.1,0.8,0,66.3,65.9,0.4,0,0,5,13.7,0,0,0,0,0,0,0,0.5,0.27,0.04,1.5,3.8,0.12,18,0,0,25,1.5,0,205,47,1.2,3,0.25,148,0,A003Y#F02.A067Z$F03.A06JD$F10.A07XK$F21.A07SE$F27.A001M$F28.A0C0A
5.438,Hvite kakemenn,Korn- og bakevarer,Korn- og bakevarer,1545,367,19,9.3,5.6,0.3,0.9,2.5,0.9,0.3,2.1,0.2,1.8,0.6,0.5,0.1,0,0,0,0,0,0,0,0.1,0.4,21,62.7,34.5,28.3,27.2,27.2,2,6.9,0.6,0,69,72,65,43,1,0.4,0.1,0.05,0.6,1.9,0.06,4,0.1,1,37,0.6,245,132,20,0.5,1,0.09,86,6,A009V#F04.A003Y$F04.A02LY$F04.A032J$F04.A039C$F28.A07GX
5.097,"Julekake, med tørket frukt",Korn- og bakevarer,Korn- og bakevarer,1417,336,25,8.4,3.5,0.4,0.5,1.3,0.7,0.1,2.8,0.1,2.7,1.4,1.1,0.3,0,0,0,0,0,0,0,0.3,1.1,8,56.1,34.5,21.6,13.2,13.2,3,7.6,0.5,0,75,77,72,35,1.1,1.1,0.16,0.09,1,2.4,0.08,24,0.2,1,60,0.9,186,245,26,0.8,3,0.11,115,6,A00BL#F04.A01ME$F04.A01QC$F04.A02LY$F04.A039D
5.352,"Kakebunn, glutenfri, av pulver, Toro",Korn- og bakevarer,Korn- og bakevarer,1472,348,20,5.6,1.5,0,0,1.1,0.4,0,2.1,0.1,2,1.1,0.9,0,0,0,0,0.1,0,0,0.1,0.1,1.1,160,67.4,35.1,32.4,32.2,32.2,0.1,7,1.3,0,70,70,70,0,1.3,2.6,0.04,0.17,0.1,1.8,0.06,17,0.6,0,52,1.1,522,79,9,0.8,11,0.04,258,30,A00AP#F10.A0B8L$F28.A07MR
5.351,"Kakemiks, fin, glutenfri, pulver, Toro",Korn- og bakevarer,Korn- og bakevarer,1591,375,7,0.7,0.1,0,0,0.1,0,0,0.4,0,0.3,0.2,0.3,0,0,0,0,0,0,0,0,0,0.3,0,91,87.2,3.8,3.7,3.7,0.2,1,1.5,0,0,0,0,0,0,0.2,0.01,0,0.2,0.4,0.02,0,0,0,10,0.4,600,18,7,0.2,0,0.02,10,0,A0CSM#F03.A06JD$F10.A07XK$F10.A0B8L
5.539,"Kakemiks, sjokoladekake, glutenfri, økologisk, pulver, Det Glutenfrie Verksted",Korn- og bakevarer,Korn- og bakevarer,1530,361,10,2,0.8,0,0,0.5,0.3,0,0.6,0,0.6,0.4,0.3,0,0,0,0,0,0,0,0,0,0.3,0,77.6,40.5,37.1,37,0,5,5.9,0.8,0,0,0,0,0,0,0.3,0.09,0.03,0.7,1.7,0.1,16,0,0,0,5.1,337,476,70,1.2,0,0.49,363,1,A0CSM#F02.A0ERD$F10.A0B8L$F18.A07NK$F21.A07SE$F28.A07KG
10.2,"Kaldgrøt, med bær, kjøpt i kafé/bakeri",Korn- og bakevarer,Korn- og bakevarer,638,153,69,7.7,4.3,2,0.8,0.6,0.3,0,0.6,0,0.6,2.1,0.7,1.4,0,0,0,0,0,0,0,1.4,0.7,0,14.8,7.1,7.7,6.5,6.5,5,3.7,0,0,0,0,0,5,0,0.2,0.11,0.03,0.5,1.1,0.03,15,0,6,49,1.3,19,160,46,0.8,2,0.17,114,0,A0F0V#F02.A06DX$F04.A00DH$F04.A01BK$F04.A01DT$F10.A07VP$F22.A07SK
5.187,"Kanelbolle, skillingsbolle, hjemmebakt",Korn- og bakevarer,Korn- og bakevarer,1427,339,26,10,4.1,0.5,0.5,1.5,0.9,0.1,3.4,0.1,3.2,1.7,1.3,0.3,0,0,0,0,0,0,0,0.3,1.3,9,52.8,37.3,15.6,13.8,13.8,3,8.1,0.2,0,89,93,86,42,1.3,1.2,0.18,0.11,1.1,2.6,0.08,32,0.2,1,60,0.8,70,187,24,0.9,1,0.09,118,7,A00BL#F04.A019V$F04.A032J$F04.A0F1G$F22.A07SS
5.314,"Kanelbolle, skillingsbolle, med sukkerstrø, kjøpt",Korn- og bakevarer,Korn- og bakevarer,1296,308,35,10.3,3.6,0.6,0.5,1.4,0.5,0.1,4,0.1,3.8,1.8,1.4,0.4,0,0,0,0,0,0,0,0.4,1.4,18,46.6,26,20.6,18.8,18.8,2,6.2,0.8,0,32,34,31,18,0.5,1.5,0.14,0.12,0.8,1.9,0.07,28,0.1,1,46,0.7,327,152,19,0.8,3,0.07,140,5,A00BL#F02.A06DQ$F04.A019V$F04.A032J$F04.A0F1G$F12.A008L$F22.A07SH$F28.A07GX
5.315,"Kanelbolle, skillingsbolle, med vaniljekrem, melisglasur, kjøpt",Korn- og bakevarer,Korn- og bakevarer,1241,295,36,8.8,3.2,0.5,0.5,1.3,0.4,0.1,3.4,0.1,3.2,1.5,1.2,0.3,0,0,0,0,0,0,0,0.3,1.1,16,47.4,21.9,25.5,23.6,23.6,2,5.5,0.7,0,29,29,27,17,0.4,1.2,0.12,0.11,0.7,1.7,0.06,23,0.1,1,49,0.6,276,140,17,0.7,2,0.06,125,6,A00BL#F02.A06DQ$F04.A019V$F04.A02PX$F04.A032J$F04.A0F1G$F12.A008L$F22.A07SH$F28.A07GX$F28.A07HM
5.192,"Kavring, søt, sukkerkavring",Korn- og bakevarer,Korn- og bakevarer,1865,444,5,14.6,4.3,0.5,0.5,1.6,0.9,0.1,6.1,0.1,6,3.2,2.8,0.6,0,0,0,0,0,0,0,0.6,2.7,7,64.4,53.7,10.7,7.9,7.9,4,11.8,0.2,0,75,78,72,37,1.2,2.4,0.24,0.15,1.5,3.6,0.11,38,0.3,1,91,1,72,268,33,1.2,2,0.13,172,10,A006N#F04.A003Y$F10.A077J
5.383,Kikertmel,Korn- og bakevarer,Korn- og bakevarer,1581,375,8,5.4,0.6,0,0,0.5,0.1,0,1,0,1.2,2.8,2.4,0.1,0,0,0,0,0,0,0,0.1,2.4,0,53.8,51.5,2.3,0,0,10,22.7,0,0,3,5,0,32,0,2.5,0.45,0.17,1.9,5.7,0.45,193,0,0,58,2.6,2,297,62,1.5,4,0.27,220,0,A01BH#F03.A07Y3$F28.A07LA
5.526,"Kikertmel, økologisk",Korn- og bakevarer,Korn- og bakevarer,1376,327,18,5.9,1.1,0,0,0.9,0.1,0,0.3,0.1,0.3,3.3,1.9,0.1,0,0,0,0,0,0,0,1.4,1.9,0,42.2,39.8,2.4,0,0,16,18.6,0.1,0,15,30,0,180,0,5.9,0.52,0.13,1.7,4.8,0.56,340,0,5,124,6.1,23,800,126,2.4,4,0.45,332,9,A01BH#F03.A07Y3$F18.A07NK$F21.A07SE$F28.A07LA
5.152,"Kjeks, Kaptein",Korn- og bakevarer,Korn- og bakevarer,1570,372,12,6.4,1.7,0,0,1.1,0.5,0,2.3,0,2.1,0.9,0.9,0,0,0,0,0,0,0,0,0.5,0.5,0,61.1,58.5,2.6,1.3,1.3,5,14.8,1.4,0,0,0,0,0,0,0.9,0.17,0.03,1.2,3.7,0.14,12,0,0,20,1.4,554,175,26,1.1,5,0.19,105,1,A005Y#F22.A07SH$F26.A07XD
5.075,"Kjeks, fet, Cream cracker",Korn- og bakevarer,Korn- og bakevarer,715,171,68,9.8,3.6,1.5,0.6,0.7,0.2,0,3.7,0,3.5,2,1.6,0.5,0,0,0,0,0,0,0,0.5,1.6,0,11.2,0.2,11,11,11,3,8,2.2,0,0,0,0,0,0,2.2,0.1,0.04,0.8,2.2,0.01,21,0,0,13,1.3,885,14,19,0.7,4,0.12,75,2,A005Y#F04.A003Y
5.077,"Kjeks, grov, Kornmo",Korn- og bakevarer,Korn- og bakevarer,1766,420,7,12.9,2,0.2,0.1,0.9,0.6,0,3.5,0,3.4,6.9,6.8,0.1,0,0,0,0,0,0,0,0.1,6.8,0,62.4,49,13.4,12.9,12.9,7,10.1,0.3,0,0,0,0,0,0,5.3,0.27,0.05,2.3,4.1,0.14,10,0,1,23,1.8,139,248,60,1.3,1,0.19,174,0,A005Y#F04.A003Y$F04.A004B$F04.A032J$F04.A034E$F04.A039G
5.154,"Kjeks, salt, fet, Ritz, Seltiner",Korn- og bakevarer,Korn- og bakevarer,1950,466,11,23.4,12.1,3.1,1.3,5.7,1.7,0.1,6.8,0,6,2.1,1.8,0.1,0,0,0,0,0,0,0,0.1,1.8,0,53.5,46.1,7.4,5.6,5.6,4,8.6,2.1,0,0,0,0,0,0,2.4,0.14,0.06,1.8,3.2,0.14,19,0,0,108,1.2,832,170,25,0.7,3,0.13,223,1,A005Y#F04.A003Y$F07.A073L
5.473,"Kjeks, salt, glutenfri, Salti",Korn- og bakevarer,Korn- og bakevarer,1847,439,6,13,5.7,0,0.1,5.2,0.5,0,4.5,0,4.5,1.9,1.8,0.1,0,0,0,0,0,0,0,0.1,1.8,0,76.9,69.6,7.3,5,5,2,2.6,1.7,0,1,1,0,8,0,4.2,0.03,0.02,0.2,0.6,0.03,15,0,0,16,0.4,680,116,18,0.2,0,0.05,60,0,A005Y#F02.A0ERA$F04.A042P$F10.A0B8L
5.08,"Kjeks, søt, Gjende",Korn- og bakevarer,Korn- og bakevarer,1942,463,6,18.6,10.3,3.1,1.2,2.9,1.7,0,5.2,0,5.1,1.4,1.4,0.1,0,0,0,0,0,0,0,0.1,1.4,0,65.5,44.3,21.2,21.2,21.2,4,6.6,0.7,0,0,0,0,0,0,2.3,0.06,0.03,1.3,2.4,0.12,9,0.1,0,14,0.9,268,191,21,0.5,3,0.15,78,0,A009X
5.079,"Kjeks, søt, Mariekjeks",Korn- og bakevarer,Korn- og bakevarer,1879,446,3,12.8,5.1,0,0.1,3.1,1.6,0,5.5,0,5.4,1.6,1.5,0.1,0,0,0,0,0,0,0,0.1,1.5,2,74.7,54.7,20,20,20,3,6.6,1.1,0,7,7,7,2,0.1,1.4,0.04,0.02,1.1,2.2,0.09,15,0.1,0,27,0.8,447,141,16,0.5,2,0.11,76,0,A009X
5.151,"Kjeks, søt, barnekjeks",Korn- og bakevarer,Korn- og bakevarer,1852,440,5,12.5,4.8,0,0.1,2.9,1.5,0,5.2,0,5.1,1.5,1.4,0.1,0,0,0,0,0,0,0,0.1,1.4,0,74.8,45,29.8,27.9,27.9,2,5.9,1.3,0,0,0,0,0,0,2.1,0.05,0.02,1.3,2.3,0.12,8,0,0,12,0.9,538,129,14,0.4,4,0.12,40,0,A03RA#F07.A073A
5.15,"Kjeks, søt, barnekjeks med sjokolade",Korn- og bakevarer,Korn- og bakevarer,2022,482,5,21.3,10.3,0.1,0.2,5.7,4,0.8,6.9,0.1,6.9,1.4,1.3,0.1,0,0,0,0,0,0,0,0.1,1.3,0,64.6,33,31.6,28,28,2,7,0.6,0,14,14,14,0,0,1.3,0.09,0.13,0.9,2.1,0.16,12,0.2,0,80,1.7,258,232,30,0.6,2,0.22,96,0,A03RA#F07.A073J$F28.A07HP
5.308,"Kjeks, søt, fylt med syltetøy el. frukt",Korn- og bakevarer,Korn- og bakevarer,1628,386,15,9.8,3.3,0,0.1,1.5,1.7,0,2.6,0,2.5,0.7,0.6,0.1,0,0,0,0,0,0,0,0.1,0.6,0,68.9,17.3,51.6,50.4,51.6,2,4.6,0.3,0,15,15,13,16,0,0.8,0.05,0.07,0.5,1.3,0.13,6,0.2,0,17,2,114,129,25,0.5,4,0.19,98,0,A00AE#F04.A01QP
5.469,"Kjeks, søt, glutenfri, Choco chip cookies",Korn- og bakevarer,Korn- og bakevarer,2062,494,10,27.7,14.4,1.2,0.7,10.1,2.2,0,8.9,0.1,8.8,3,2.6,0.1,0,0,0,0,0,0,0,0.1,2.6,3,55.2,38,17.2,14.4,14.4,3,4.5,0.5,0,5,7,3,27,0,7.1,0.07,0.1,0.4,1.2,0.06,16,0.1,0,23,3.4,205,193,42,0.6,0,0.27,76,0,A009Z#F02.A06DN$F04.A0C6B$F10.A0B8L
5.197,"Kjeks, søt, grov, Digestive",Korn- og bakevarer,Korn- og bakevarer,1971,470,6,20.3,7.5,0.1,0.1,5.6,1.5,0,7.9,0,7.7,3.3,3.1,0.2,0,0,0,0,0,0,0,0.2,3.1,0,62.9,46.9,16,15,15,4,7.2,1.6,0,0,0,0,0,0,3.7,0.05,0.03,2.2,3.4,0.15,8,0,0,16,1.1,629,164,28,0.8,3,0.14,108,0,A00AA
5.149,"Kjeks, søt, havre og sjokolade",Korn- og bakevarer,Korn- og bakevarer,2047,489,6,24.2,10.8,0,0.2,8.5,3.2,0.7,9.2,0,8.7,2.4,2,0.1,0,0,0,0,0,0,0,0.1,2,4,58.6,28.2,30.4,28,28,4,7.2,0.5,0,0,0,0,0,0,2.3,0.18,0.11,0.8,2,0.11,10,0,0,95,1.8,190,255,65,1.2,3,0.2,171,12,A00AB#F07.A073M$F28.A07HP
5.221,"Kjeks, søt, havre, Bixit",Korn- og bakevarer,Korn- og bakevarer,1918,458,7,19.1,6.9,0.1,0.1,3.7,2.6,0,8.9,0,8,2.4,2.3,0.1,0,0,0,0,0,0,0,0.1,2.3,4,60.9,35.3,25.6,25,25,6,7.7,0.9,0,0,0,0,0,0,2.3,0.14,0.12,1.2,2.5,0.06,18,0,0,34,1.8,374,224,55,1,1,0.41,206,0,A00AB#F07.A073G
5.31,"Kjeks, søt, havreflarn",Korn- og bakevarer,Korn- og bakevarer,1888,451,13,22,10.8,1.2,1.5,4.3,2.2,0.3,6.6,0.3,6,2.4,1.9,0.4,0,0,0,0,0,0,0,0.4,1.8,77,54.8,18.6,36.2,35.7,35.7,4,6.7,0.8,0,185,192,178,85,2.7,2.1,0.17,0.08,0.3,1.5,0.06,13,0.2,0,47,1.6,337,154,41,1.1,5,0.13,309,13,A00AB#F02.A06DN$F04.A000G
5.309,"Kjeks, søt, havrekjeks, Sibas",Korn- og bakevarer,Korn- og bakevarer,1909,455,8,18.5,5.7,0.1,0.1,4,1.5,0,6.6,0,4.8,3.7,3.4,0.3,0,0,0,0,0,0,0,0.3,3.4,0,62.2,46.3,15.9,15.9,15.9,4,8.1,0.5,0,100,100,100,0,1.5,3.1,0.08,0.04,1.5,2.9,0.14,13,0,0,18,1.3,196,180,41,1,2,0.16,174,0,A00AB
5.078,"Kjeks, søt, kremfyll",Korn- og bakevarer,Korn- og bakevarer,2014,480,5,21.2,12.5,3.4,1.3,4.4,2.1,0.1,5.7,0,5.7,1.5,1.4,0,0,0,0,0,0,0,0,0,1.4,0,65.3,33.4,31.9,30.3,30.3,2,5.9,0.7,0,3,5,0,34,0,2.5,0.09,0.08,0.9,1.9,0.13,10,0.1,0,44,1.3,272,196,20,0.4,3,0.18,66,0,A00AE
5.386,"Kjeks, søt, nougat, type Ballerina",Korn- og bakevarer,Korn- og bakevarer,2114,505,1,23.2,11.7,4.5,1.8,2.6,1.5,0,9.1,0,9,1.4,1.3,0.1,0,0,0,0,0,0,0,0.1,1.3,1,66.4,34.7,31.7,29,29,4,5.6,0.5,0,0,0,0,0,0,5.3,0.06,0.11,0.4,1.3,0.06,15,0,0,67,1.8,200,270,38,0.6,0,0.24,130,0,A00AE
5.311,"Kjeks, søt, sjokoladebiter, cookies, store",Korn- og bakevarer,Korn- og bakevarer,1764,420,14,16.4,6.1,0,0.1,5.3,2,0,7.1,0,5.4,1.2,1.3,0,0,0,0,0,0,0,0,0,1.3,24,60.7,22.8,37.9,37,37,3,6.1,0.8,0,8,8,8,0,0,1.5,0.1,0.1,0.7,1.7,0.14,19,0.2,0,55,3.2,310,289,45,0.8,2,0.35,112,14,A00AE#F04.A0EQD
5.153,"Kjeks, søt, sjokoladebiter, nøtter, cookies, små",Korn- og bakevarer,Korn- og bakevarer,2056,492,8,25.3,12.4,0,0.2,8.8,3.3,0.2,9.1,0,9,2.1,2.1,0.1,0,0,0,0,0,0,0,0.1,2.1,0,59.1,28.4,30.7,29.4,29.4,2,5.7,0.8,0,0,0,0,0,0,2.9,0.1,0.09,1.6,2.6,0.14,9,0.1,0,78,2.4,313,230,35,0.6,3,0.59,142,14,A00AE#F04.A014C$F04.A0EQD$F07.A073N
5.135,"Kjeks, søt, vaffel, fylt",Korn- og bakevarer,Korn- og bakevarer,1598,383,33,23.5,21.2,10.7,4.3,2.3,0.7,0,1.5,0,1.7,0.7,0.6,0,0,0,0,0,0,0,0,0,0.6,0,38,0,38,38,38,1,4.1,0,0,0,0,0,0,0,2.1,0.03,0.01,0.3,1,0,3,0,0,6,0.6,0,1,8,0.3,2,0.06,36,0,A0BYR#F28.A07MA
10.173,"Kjøleskapsgrøt, havregryn",Korn- og bakevarer,Korn- og bakevarer,479,114,74,2.6,0.9,0,0.1,0.5,0.1,0,0.7,0,0.7,0.5,0.5,0,0,0,0,0,0,0,0,0,0.5,3,15.9,12.6,3.3,0,0,3,5.5,0.3,0,11,12,11,7,0.1,0.1,0.17,0.12,0.2,1.3,0.04,10,0.4,0,101,0.9,121,210,35,0.8,1,0.09,170,10,A0F0T#F02.A06DX$F04.A00DH$F04.A02LT$F10.A07VP
10.175,"Kjøleskapsgrøt, havregryn og chiafrø",Korn- og bakevarer,Korn- og bakevarer,586,140,69,4.7,1.4,0.1,0.2,0.7,0.2,0,0.8,0,0.8,1.8,0.7,1.1,0,0,0,0,0,0,0,1.1,0.7,4,16,8.9,7.1,0,3.1,4,6.3,0.1,0,18,18,17,11,0.1,0.1,0.16,0.15,0.4,1.7,0.05,12,0.4,0,149,1.1,34,250,47,1.1,2,0.16,191,12,A0F0T#F02.A06DX$F04.A00DH$F04.A02LT$F04.A16FZ$F10.A07VP
5.071,"Klibrød, med hvetekli",Korn- og bakevarer,Korn- og bakevarer,1216,292,10,3.2,0.5,0,0,0.5,0,0,0.5,0,0.5,1.8,1.6,0.1,0,0,0,0,0,0,0,0.1,1.6,0,29.8,27.9,2,0,0,42,14.8,0.3,0,0,0,0,0,0,0.8,0.61,0.2,14.4,16.9,0.65,40,0,0,84,9.8,139,1279,404,6.4,2,0.49,1016,0,A0CHT#F02.A06CQ$F04.A002C
5.399,"Knekkebrød, Mesterbakeren Original",Korn- og bakevarer,Korn- og bakevarer,1978,476,11,29,3.4,0,0,2.1,1.1,0,9.6,0,9.5,12.8,10.7,2.1,0,0,0,0,0,0,0,2.1,10.7,0,29.9,27.6,2.3,0,0,14,17,1.5,0,0,0,0,0,0,5.4,0.45,0.12,2.6,5.4,0.31,58,0,0,72,4.6,590,520,230,4.4,11,1,570,2,A0CHT#F04.A00DH$F04.A015F$F04.A0D9R
5.398,"Knekkebrød, Synnøve Grovkrisp sesamfrø og linfrø",Korn- og bakevarer,Korn- og bakevarer,1841,442,12,23,3.3,0,0,2,1.1,0,9.7,0,9.6,11.9,8,3.4,0,0,0,0,0,0,0,3.8,8,0,32.3,30.6,1.7,0,0,13,20,0.7,0,0,0,0,0,0,1.4,0.53,0.14,4.7,8,0.34,76,0,0,430,4.8,280,510,210,3.8,15,0.94,490,2,A006E#F04.A015G$F04.A015K
5.19,"Knekkebrød, glutenfritt",Korn- og bakevarer,Korn- og bakevarer,1648,391,4,6.8,0.7,0,0,0.5,0.2,0,2.8,0,2.9,2.5,1.8,0.6,0,0,0,0,0,0,0,0.6,1.8,0,70.9,69.9,1,0.1,0.1,13,5.4,1.2,0,0,0,0,2,0,0.9,0.11,0.05,0.9,1.8,0.08,24,0,0,113,2.1,490,174,55,1.1,3,0.21,148,0,A0CHT#F02.A06CQ$F10.A0B8L
5.467,"Knekkebrød, glutenfritt, Superknäcke chia",Korn- og bakevarer,Korn- og bakevarer,1529,363,4,2.3,0.3,0,0,0.2,0.1,0,0.6,0,0.6,1.2,0.4,0.6,0,0,0,0,0,0,0,0.6,0.4,0,72.7,72.3,0.4,0,0,16,4.7,1.3,0,0,0,0,0,0,0.2,0.07,0.05,0.9,1.7,0.08,8,0,0,79,2.7,527,173,54,1,0,0.2,121,0,A0CHT#F02.A06CQ$F10.A0B8L
5.466,"Knekkebrød, glutenfritt, laktosefri, sesam og havsalt, Wasa",Korn- og bakevarer,Korn- og bakevarer,1767,420,4,11.2,1.2,0,0,0.7,0.4,0,5.1,0,5.2,3.9,3.3,0.5,0,0,0,0,0,0,0,0.5,3.3,0,69,67.4,1.6,0.5,0.5,10,6.1,1.1,0,0,0,0,3,0,1.6,0.14,0.05,0.9,1.9,0.08,39,0,0,147,1.5,453,175,56,1.2,5,0.22,175,0,A0CHT#F02.A06CQ$F04.A015K$F10.A0B8L$F10.A0CQD
5.142,"Knekkebrød, havre",Korn- og bakevarer,Korn- og bakevarer,1473,349,13,4.2,0.6,0,0,0.6,0,0,1.2,0,1.2,1.6,1.5,0.1,0,0,0,0,0,0,0,0.1,1.5,0,61.1,60.4,0.7,0,0,10,11.9,1,0,0,0,0,0,0,0.5,0.38,0.08,1,2.9,0.11,23,0,0,39,2.7,381,317,84,1.9,2,0.27,289,0,A0CHT#F02.A06CQ$F04.A00DL
5.459,"Knekkebrød, hjemmelaget",Korn- og bakevarer,Korn- og bakevarer,1782,428,16,24.3,2.9,0,0,1.8,0.9,0,7.6,0,7.5,11.4,8.7,2.7,0,0,0,0,0,0,0,2.7,8.7,0,28.9,27.4,1.5,0,0,14,16.5,1.2,0,0,0,0,0,0,6.4,0.72,0.13,2.6,5.4,0.28,68,0,0,127,4.5,470,543,222,3.5,8,0.85,498,0,A0CHT#F02.A06CQ$F04.A015F$F22.A07SS
5.069,"Knekkebrød, lyst",Korn- og bakevarer,Korn- og bakevarer,1593,378,14,9.1,1,0,0,0.7,0.2,0,2.1,0,2.1,5.5,5.4,0.1,0,0,0,0,0,0,0,0.1,5.4,0,59.9,59.2,0.6,0.2,0.2,5,11.7,1,0,0,0,0,0,0,3.1,0.27,0.06,1.3,3.3,0.11,23,0,1,94,1.5,416,207,50,1.2,2,0.25,156,0,A0CHT#F02.A06CQ$F10.A07XK
5.143,"Knekkebrød, med ekstra fiber",Korn- og bakevarer,Korn- og bakevarer,1323,316,16,5.7,0.8,0,0,0.6,0.2,0,1.6,0,1.6,2.5,2.4,0.1,0,0,0,0,0,0,0,0.1,2.4,0,41.5,40,1.5,0,0,25,12.1,1.1,0,0,0,0,1,0,0.7,0.48,0.14,5.9,7.9,0.36,39,0,0,107,5.6,448,737,223,4.1,3,0.45,579,0,A0CHT#F02.A06CQ
5.397,"Knekkebrød, rug og speltkli, Sigdal helsprøtt",Korn- og bakevarer,Korn- og bakevarer,1902,457,13,26,3.4,0,0,2.1,1.1,0,8.8,0,8.7,14.2,11.6,2.6,0,0,0,0,0,0,0,2.6,11.6,0,32.9,30.5,2.4,0,0,12,17,1,0,0,0,0,0,0,6,0.8,0.13,4,6.8,0.39,60,0,0,88,5.2,410,630,250,4.7,15,1,640,2,A0CHT#F04.A00DL
5.07,"Knekkebrød, rug, Husman",Korn- og bakevarer,Korn- og bakevarer,1347,319,14,1.1,0.1,0,0,0.1,0,0,0.1,0,0.1,0.2,0.1,0,0,0,0,0,0,0,0,0,0.1,0,62.3,60.6,1.7,0,0,14,7.8,1,0,0,0,0,0,0,0.5,0.31,0.16,1,2.3,0.21,57,0,0,39,2.2,410,510,87,2,2,0.3,300,2,A006A#F10.A06HR
5.419,"Knekkebrød, rug, Husman Sport",Korn- og bakevarer,Korn- og bakevarer,1344,319,15,1.9,0.3,0,0,0.2,0,0,0.2,0,0.2,0.9,0.7,0.1,0,0,0,0,0,0,0,0.1,0.7,0,57.3,56,1.3,0,0,16,10,1.3,0,0,0,0,0,0,0.7,0.22,0.1,1.1,2.8,0.31,67,0,0,55,3.4,500,530,110,3.1,1,0.36,325,6,A006A#F18.A07NK$F19.A07PN
5.396,"Knekkebrød, rug, Ryvita",Korn- og bakevarer,Korn- og bakevarer,1417,336,10,1.1,0.1,0,0,0.1,0,0,0,0,0,0.2,0.2,0,0,0,0,0,0,0,0,0,0.2,0,64.6,61.6,3,0,0,16,9.1,0.6,0,0,0,0,0,0,0.4,0.36,0.1,0.7,2.2,0.19,24,0,0,44,2.3,240,490,81,1.7,5,0.3,270,2,A006A#F10.A06HR
5.148,"Knekkebrød, rug, grovt",Korn- og bakevarer,Korn- og bakevarer,1299,308,16,1.5,0.2,0,0,0.2,0,0,0.2,0,0.2,0.8,0.7,0.1,0,0,0,0,0,0,0,0.1,0.7,0,55.4,54.3,1.1,0,0,18,9,1.1,0,0,0,0,0,0,0.5,0.34,0.12,1.1,2.6,0.18,28,0,0,37,2.5,433,467,100,2.5,1,0.29,293,0,A006A#F02.A06CQ$F04.A001K
5.446,"Knekkebrød, rug, med fyll, sandwich",Korn- og bakevarer,Korn- og bakevarer,1865,447,14,24.5,16.6,3.7,2,7.6,1.4,0,5.5,0.1,5.3,1.3,1.1,0.1,0,0,0,0,0,0,0,0.3,1.1,23,39.6,36.5,3.1,0,0,9,12.6,2.2,0,79,100,58,256,0.1,1.7,0.15,0.27,1,3.1,0.24,74,0.3,0,200,1.5,860,383,57,2.5,4,0.23,414,11,A006A#F02.A06CQ$F04.A001K$F18.A07NK$F28.A07MA
5.189,"Knekkebrød, rug, tynt, Rugsprø, Finncrisp",Korn- og bakevarer,Korn- og bakevarer,1345,319,15,2,0.3,0,0,0.2,0,0,0.2,0,0.2,0.9,0.8,0.1,0,0,0,0,0,0,0,0.1,0.8,0,56.3,53,3.3,0,0,16,11.1,1.5,0,0,0,0,0,0,0.7,0.26,0.18,1.5,3.4,0.36,90,0,0,34,4,615,520,88,3.1,24,0.3,390,113,A006A
5.439,Kokosbollekake,Korn- og bakevarer,Korn- og bakevarer,1558,371,26,15.5,13,5.7,2.2,1.9,1.4,0,1.7,0,1.8,0.3,0.3,0,0,0,0,0,0,0,0,0,0.3,1,51.7,0.2,51.6,49.2,49.2,2,5.5,0.1,0,1,1,1,3,0,0.6,0.02,0.1,0.2,1.4,0.02,3,0,0,13,0.9,56,166,29,0.3,1,0.23,48,2,A00AN#F04.A031T$F04.A032J$F04.A03HJ$F04.A0EQD$F04.A0F5E$F28.A07KP
5.098,Kokosmakroner,Korn- og bakevarer,Korn- og bakevarer,1920,461,19,29.2,26.3,14.1,5.3,2.3,0.8,0,1.3,0,1.3,0.2,0.2,0,0,0,0,0,0,0,0,0,0.2,0,42,0,42,39.1,39.1,4,5.6,0.2,0,0,0,0,0,0,0,0.01,0.06,0.5,1.8,0.05,2,0,0,7,1.1,62,354,51,0.5,1,0.29,85,2,A00CN#F04.A014K
5.445,Kokosmel,Korn- og bakevarer,Korn- og bakevarer,2664,648,2,61.3,53.3,27.4,9.7,4.3,1.7,0,2.4,0,2.4,0.4,0.4,0,0,0,0,0,0,0,0,0,0.4,0,5.2,0,5.2,0,0,25,6.5,0,0,0,0,0,0,0,0,0.03,0,0.6,1.7,0.09,21,0,0,13,2.8,19,710,100,1.5,8,0.76,165,0,A04KS#F01.A05RC$F02.A067Z$F03.A06JD$F28.A0C0A
5.034,"Kornblanding, 4-korn",Korn- og bakevarer,Korn- og bakevarer,1397,331,14,2.9,0.4,0,0,0.4,0,0,0.7,0,0.6,1.2,1.1,0.1,0,0,0,0,0,0,0,0.1,1.1,0,58.4,57.1,1.3,0,0,13,11.2,0,0,0,0,0,1,0,0.6,0.43,0.1,3.5,5.4,0.21,34,0,0,37,3.2,1,397,103,2.3,4,0.41,347,0,A00EH#F27.A000G$F27.A000P$F27.A001K$F27.A001N
5.377,"Kornblanding, med bær, Blåbærmüsli",Korn- og bakevarer,Korn- og bakevarer,1316,312,19,3,0.4,0,0,0.4,0,0,0.8,0,0.7,1.2,1.1,0.1,0,0,0,0,0,0,0,0.1,1.1,0,55.6,48.8,6.8,5.2,5.2,13,9.2,0.5,0,2,3,0,19,0,0.7,0.4,0.09,2.2,3.7,0.18,32,0,1,36,2.9,203,384,102,2.1,2,0.28,310,0,A00EL#F02.A06DZ$F04.A000L$F04.A01MA
5.235,"Kornblanding, med frukt og nøtter, Energimüsli",Korn- og bakevarer,Korn- og bakevarer,1686,401,9,11,1.2,2.3,0.9,1.3,0.2,0,4.8,0,2.4,4.5,2.5,0.1,0,0,0,0,0,0,0,0.1,2.5,0,60,43,17,0.7,0.7,9,11,0,0,1,1,0,6,0,2.6,0.4,0.1,0.8,2.6,0.26,30,0,5,54,3,4,533,98,2,1,0.45,353,2,A00EL#F04.A014C$F04.A01ME$F08.A032H$F18.A07NK
5.4,"Kornblanding, med frukt, Fruktmüsli",Korn- og bakevarer,Korn- og bakevarer,1587,376,10,5.7,2.2,0.9,0.3,0.6,0.1,0,1.1,0,1,1.4,1.3,0.1,0,0,0,0,0,0,0,0.1,1.3,0,69.8,50.8,19,5.6,5.6,6,8.5,0.4,0,0,0,0,0,0,0.8,0.24,0.07,1.2,2.6,0.11,18,0,0,45,2.7,160,440,93,1.8,1,0.34,300,2,A00EL#F04.A01MA$F18.A07NK
5.544,"Kornblanding, müsli med bær, glutenfri, økologisk, Det Glutenfrie Verksted",Korn- og bakevarer,Korn- og bakevarer,1501,356,13,5.1,0.9,0,0,0.8,0.1,0,1.6,0,1.6,1.8,1.7,0,0,0,0,0,0,0,0,0.1,1.7,0,62.2,53.3,8.8,1.2,0,8,11,0,0,0,0,0,0,0,0.8,0.49,0.04,1.3,3.2,0.15,0,0,4,0,4,0,0,0,3,0,0.39,0,6,A00EL#F02.A06DZ$F04.A000L$F04.A00DH$F04.A00DS$F04.A01DT$F10.A0B8L$F18.A07NK$F21.A07SE
5.538,"Kornblanding, müsli med chiafrø, glutenfri, økologisk, Det Glutenfrie Verksted",Korn- og bakevarer,Korn- og bakevarer,1559,371,12,7.8,1.2,0,0,1,0.2,0,2.3,0,2.2,3.2,2.3,0,0,0,0,0,0,0,0,0.9,2.3,0,56.4,55.6,0.9,0,0,10,13.6,0,0,0,0,0,0,0,1.2,0.54,0.04,1.1,3.4,0.13,84,0,0,30,4.5,4,409,134,3.6,0,0.46,344,0,A00EL#F02.A06DZ$F04.A000L$F04.A16FZ$F10.A0B8L$F18.A07NK$F21.A07SE
5.238,"Kornblanding, müsli med frukt, nøtter, søtet",Korn- og bakevarer,Korn- og bakevarer,1542,365,9,3.8,0.5,0,0,0.5,0.1,0,0.9,0,0.8,1.3,1.2,0.1,0,0,0,0,0,0,0,0.1,1.3,0,70.6,41.5,29.1,8.6,8.6,8,8,0.4,0,0,0,0,0,0,1.5,0.28,0.59,1.9,3.2,0.15,41,0,0,25,3,174,410,89,2.2,1,0.5,272,2,A00EL#F04.A01MA$F04.A0EZH
5.099,Kransekake,Korn- og bakevarer,Korn- og bakevarer,2006,480,8,24.5,1.9,0,0,1.5,0.3,0,15.6,0.1,15.4,5.8,5.8,0,0,0,0,0,0,0,0,0,5.8,0,51.2,2.4,48.8,46.6,46.6,5,11.3,0.1,0,0,0,0,2,0,11.1,0.09,0.22,1.7,3.6,0.06,23,0,0,111,1.6,26,328,127,1.4,2,0.49,229,1,A00CJ#F04.A003Y$F04.A014F$F04.A031T$F04.A032J
5.1,"Kringle, gjærdeig, med tørket frukt",Korn- og bakevarer,Korn- og bakevarer,1464,348,23,9,3.6,0.5,0.5,1.4,0.8,0.1,3.1,0.1,2.9,1.5,1.2,0.3,0,0,0,0,0,0,0,0.3,1.2,21,57.2,34.3,22.8,15.6,15.6,3,7.9,0.5,0,81,83,78,35,1.2,1.3,0.19,0.11,1.2,2.6,0.09,37,0.2,1,52,1,190,234,26,0.9,4,0.11,119,7,A00BS#F04.A01ME$F04.A01QC$F04.A02LY$F04.A031G$F04.A039D
5.44,Krumkaker,Korn- og bakevarer,Korn- og bakevarer,1835,439,21,25.2,14.8,0.7,2.2,6.9,2.5,0.6,6.4,0.6,5.5,1.3,1,0.1,0,0,0,0.1,0,0,0,0.1,0.8,140,45.4,18.3,27.1,26.8,26.8,1,7,0.4,0,216,225,207,110,3.4,1.9,0.07,0.11,0.3,1.8,0.06,12,0.4,0,26,0.9,157,99,13,0.6,7,0.06,95,23,A009X#F04.A003X$F04.A031G$F04.A032J$F04.A039C$F28.A07HA
5.548,"Kruskakli, hvetekli",Korn- og bakevarer,Korn- og bakevarer,1027,249,18,3.6,0.6,0,0,0.5,0,0,0.6,0,0.6,2,1.9,0.1,0,0,0,0,0,0,0,0.1,1.9,0,13.6,11.4,2.2,0,0,49,15.9,0,0,0,0,0,0,0,0.9,0.91,0.23,20.3,22.9,0.9,91,0,1,97,12.3,0,1525,505,7.6,2,0.53,1250,0,A004P#F02.A067Y$F27.A001M$F28.A0C09
5.449,Krydderkake,Korn- og bakevarer,Korn- og bakevarer,1278,304,35,9.2,5.3,0.2,0.8,2.5,0.9,0.2,2.2,0.2,1.9,0.6,0.5,0.1,0,0,0,0,0,0,0,0.1,0.4,45,48.8,20,28.8,27.3,27.3,2,5.6,0.7,0,73,76,70,41,1.1,0.8,0.07,0.09,0.4,1.5,0.05,6,0.2,0,79,0.7,293,147,18,0.5,3,0.06,161,12,A00AP#F02.A0ERC$F04.A018Q$F04.A019S
5.441,"Kvæfjordkake, Verdens beste",Korn- og bakevarer,Korn- og bakevarer,1242,297,45,16,7.1,0.9,0.9,2.6,1.6,0.2,5.5,0.2,5.2,1.9,1.5,0.3,0,0,0,0,0,0,0,0.4,1.5,60,32.6,6.8,25.8,23.4,23.4,0.8,5.3,0.4,0,139,143,133,61,1.3,2.5,0.04,0.17,0.2,1.3,0.03,8,0.5,0,86,0.5,158,131,19,0.5,4,0.07,158,18,A00AQ#F02.A0ERC$F04.A00CP$F04.A02PX$F12.A009K$F28.A07GX
5.313,"Lefse, ferdig smurt, kjøpt",Korn- og bakevarer,Korn- og bakevarer,1625,388,23,16.6,6.6,3,1.2,1.1,0.4,0,5.7,0,5.5,3.2,2.5,0.7,0,0,0,0,0,0,0,0.7,2.5,0,52.1,29.8,22.3,21.9,21.9,2,6.3,1.1,0,0,0,0,0,0,2.2,0.09,0.03,0.6,1.6,0.05,5,0,1,20,0.6,432,94,17,0.4,1,0.07,63,0,A00CM#F02.A06DT$F04.A003Y$F04.A02LV$F04.A032J$F04.A039D$F28.A07MA$F28.A0BA1
5.284,"Loff, fint brød (0-25 %), formstekt, kjøpt",Korn- og bakevarer,Korn- og bakevarer,1012,240,42,2.9,0.3,0,0,0.2,0,0,1.3,0,1.2,1.1,0.9,0.2,0,0,0,0,0,0,0,0.2,0.9,0,42.9,42.6,0.3,0,0,4,8.4,1.1,0,0,0,0,0,0,0.7,0.23,0.06,1.1,2.5,0.09,26,0,1,16,0.9,446,154,30,0.7,1,0.16,101,0,A004Y#F02.A06CN$F04.A001M$F10.A07XK$F22.A07SH
5.186,"Loff, fint brød (0-25 %), halvstekt, stekt",Korn- og bakevarer,Korn- og bakevarer,1083,257,40,4.6,0.5,0,0,0.3,0.1,0,2.1,0,2,1.7,1.5,0.3,0,0,0,0,0,0,0,0.3,1.5,0,43.1,42.8,0.3,0,0,4,8.9,1.1,0,0,0,0,0,0,1,0.25,0.06,1.1,2.6,0.08,28,0,1,31,1,438,146,31,0.8,1,0.17,107,0,A004Y#F02.A06CN$F04.A001M$F10.A07XK$F22.A07SH
5.06,"Loff, fint brød (0-25 %), kjøpt",Korn- og bakevarer,Korn- og bakevarer,1077,255,39,3.4,1,0.2,0.1,0.4,0.1,0,1.1,0,1.1,1,0.8,0.1,0,0,0,0,0,0,0,0.1,0.8,1,45.7,44.8,0.9,0.7,0.7,4,8.5,1.1,0,4,3,3,2,0.1,0.7,0.21,0.06,1.1,2.5,0.08,25,0,1,15,0.9,455,149,28,0.8,1,0.13,96,0,A004Y#F22.A07SH$F26.A07XD
5.283,"Loff, fint brød (0-25 %), spiral, kjøpt",Korn- og bakevarer,Korn- og bakevarer,1143,271,36,4,1.7,0.5,0.3,0.5,0.1,0,1,0,1,0.9,0.8,0.1,0,0,0,0,0,0,0,0.1,0.8,2,48.5,46.9,1.6,1.4,1.4,3,8.5,1.2,0,7,7,7,4,0.1,0.6,0.18,0.05,1.1,2.5,0.08,23,0,1,15,0.9,463,144,26,0.8,1,0.11,92,0,A004Y#F02.A06CN$F04.A001M$F10.A07XK$F22.A07SH
5.053,"Loff, skummet melk, hjemmebakt",Korn- og bakevarer,Korn- og bakevarer,1134,269,37,4.2,1.2,0.1,0.1,0.5,0.2,0,1.6,0,1.6,1.2,1,0.2,0,0,0,0,0,0,0,0.2,1,1,46.5,44.2,2.3,0,0,3,9.6,0.8,0,18,19,18,9,0.3,0.8,0.2,0.12,1.2,3,0.09,29,0.2,1,73,0.8,306,217,29,1,1,0.11,142,8,A004Y#F04.A02MA$F22.A07SS$F26.A07XD
5.052,"Loff, vann, hjemmebakt",Korn- og bakevarer,Korn- og bakevarer,1072,254,40,4.2,1.1,0.1,0.1,0.5,0.2,0,1.6,0,1.5,1.2,1,0.2,0,0,0,0,0,0,0,0.2,1,1,44.4,44.2,0.2,0,0,3,8.1,0.7,0,18,18,17,9,0.3,0.8,0.18,0.06,1.2,2.5,0.08,28,0,1,14,0.8,288,140,25,0.8,1,0.11,89,0,A004Y#F22.A07SS$F26.A07XD
5.428,Lussekatter,Korn- og bakevarer,Korn- og bakevarer,1434,341,27,10.7,6.2,0.3,0.9,2.9,1,0.3,2.6,0.2,2.2,0.8,0.7,0.1,0,0,0,0,0,0,0,0.1,0.6,42,50.8,37.2,13.6,9.8,9.8,3,9,0.2,0,84,87,80,47,1.3,0.8,0.21,0.12,1,2.7,0.09,25,0.3,1,62,0.8,83,205,24,0.7,3,0.14,127,12,A00BK#F04.A01AR$F04.A01ME
5.477,"Mais- og risflak, frokostblanding, glutenfri, Schär",Korn- og bakevarer,Korn- og bakevarer,1436,339,14,0.6,0.1,0,0,0.1,0,0,0.1,0,0.2,0.2,0,0,0,0,0,0,0,0,0,0,0,0,74.7,67.4,7.3,4.9,11.2,5,6.3,0.6,0,0,0,0,0,0,0,1.8,2,25,26.1,2.5,250,1.3,0,31,3.6,232,120,32,1.3,0,0.23,122,0,A00EL#F02.A06DZ$F04.A000L$F04.A00DD$F04.A00DS$F10.A0B8L$F22.A07SH
5.475,"Mais- og risflak, frokostblanding, glutenfri, special flakes, Semper",Korn- og bakevarer,Korn- og bakevarer,1569,370,8,0.7,0.2,0,0,0.1,0,0,0.2,0,0.2,0.2,0.1,0,0,0,0,0,0,0,0,0,0.1,0,84,75,9,9,9,1,6.2,0.4,0,0,0,0,4,0,0,1.8,2.9,25,26,2.5,250,1.3,0,8,12,174,88,32,1.4,0,0.18,117,0,A00EL#F02.A06DZ$F04.A000L$F04.A00DD$F04.A00DS$F10.A0B8L$F22.A07SH
5.013,Maismel,Korn- og bakevarer,Korn- og bakevarer,1541,364,9,2.3,0.3,0,0,0.3,0,0,0.6,0,0.6,1,1,0,0,0,0,0,0,0,0,0,1,0,77,76.1,0.9,0,0,6,6,0,0,9,18,0,110,0,1.1,0.14,0.05,1,1.6,0.1,10,0,0,2,1.5,0,182,53,1,0,0.11,138,0,A002P
5.015,Maisstivelse,Korn- og bakevarer,Korn- og bakevarer,1509,355,11,0,0,0,0,0,0,0,0,0,0,0,0,0,0,0,0,0,0,0,0,0,0,0,88.8,88.8,0,0,0,0,0,0,0,0,0,0,0,0,0,0,0,0,0,0,0,0,0,8,0.1,6,5,2,0,0,0,13,0,A002R
5.42,Mandelmel,Korn- og bakevarer,Korn- og bakevarer,2492,603,11,53.1,4.2,0,0,3.3,0.8,0,33.4,0.2,33,13.1,13.1,0,0,0,0,0,0,0,0,0,13.1,0,4,0,4,0,0,10,22.4,0,0,0,0,0,3,0,25.5,0.21,0.78,3.1,6.8,0.11,34,0,0,270,3.6,8,670,280,3,0,0.92,520,0,A0F0N#F27.A014D
5.139,Marengs,Korn- og bakevarer,Korn- og bakevarer,1649,388,3,0,0,0,0,0,0,0,0,0,0,0,0,0,0,0,0,0,0,0,0,0,0,0,92.4,0,92.4,92.2,92.2,0,4.6,0.2,0,0,0,0,0,0,0,0,0.12,0,1.2,0,0,0,0,3,0,87,75,6,0,3,0.02,8,2,A00CP
5.429,Marengsbunn,Korn- og bakevarer,Korn- og bakevarer,1514,356,11,0,0,0,0,0,0,0,0,0,0,0,0,0,0,0,0,0,0,0,0,0,0,0,83.5,1.6,81.8,81.6,81.6,0,5.6,0.3,0,0,0,0,0,0,0,0,0.14,0,1.4,0,0,0,0,4,0,105,90,7,0,3,0.02,10,2,A00CP
5.2,"Marsipankake, med syltetøy og krem",Korn- og bakevarer,Korn- og bakevarer,1480,356,42,25.4,11.2,0.5,1.6,5.3,1.9,0.5,8,0.4,7.3,3.4,2.9,0.4,0,0,0,0,0,0,0,0.4,2.8,75,25.3,4.2,21.1,19,19,2,5.7,0.1,0,170,178,162,97,0.3,3,0.05,0.17,0.5,1.6,0.04,15,0.3,1,68,0.7,38,113,36,0.6,4,0.17,136,11,A00AQ#F04.A01MM$F04.A02ML$F04.A035P$F04.A0DXG$F28.A07MA
5.203,"Mazarin, kjøpt",Korn- og bakevarer,Korn- og bakevarer,1825,436,16,20.6,7.7,1.9,0.8,4.2,0.7,0,8,0.1,7.9,3.1,2.6,0.5,0,0,0,0,0,0,0,0.5,2.6,65,55,20.3,34.7,34.7,34.7,2,6.7,0.4,0,225,228,222,36,1.7,4.8,0.03,0.16,0.7,1.8,0.05,23,0.3,0,39,0.9,157,150,30,0.7,4,0.2,99,5,A00CN
5.478,"Mel, glutenfritt, Finax",Korn- og bakevarer,Korn- og bakevarer,1455,343,14,0.7,0.2,0,0,0.1,0,0,0.2,0,0.2,0.3,0.2,0,0,0,0,0,0,0,0,0,0.2,1,79.7,76,3.7,0,0,2,3.4,0,0,0,0,0,0,0,0.1,0.6,0.2,6.4,7,0.6,3,0,0,4,5.1,1,34,16,0.2,0,0.03,34,0,A04KS#F02.A067Z$F03.A06JD$F10.A0B8L$F27.A000F$F27.A001M$F28.A0C0A
5.479,"Mel, glutenfritt, Finmix, Semper",Korn- og bakevarer,Korn- og bakevarer,1578,373,0,0,0.1,0,0,0,0,0,0.1,0,0.1,0.1,0,0,0,0,0,0,0,0,0,0,0,0,82.9,79.9,3,3,3,17,2,0.1,0,0,0,0,0,0,0,0.4,0.4,4,4.3,0.35,40,0,0,8,6.1,48,44,12,0.4,0,0.05,56,0,A04KS#F02.A067Z$F03.A06JD$F10.A0B8L$F22.A07SH$F27.A000S$F27.A001C$F28.A0C0A
5.425,"Mel, glutenfritt, Jyttemel Original",Korn- og bakevarer,Korn- og bakevarer,1442,341,13,1.4,0.2,0,0,0.2,0,0,0.4,0,0.4,0.8,0.3,0.2,0,0,0,0,0,0,0,0.2,0.3,0,71.7,71,0.7,0,0,7,6.9,0,0,0,0,0,0,0,0.1,0.16,0.09,1.9,3.1,0.21,23,0,2,37,2.5,0,210,68,1.5,3,0.26,160,2,A004S#F10.A0B8L$F18.A07NK$F19.A07PQ$F22.A07SH$F27.A000N$F27.A000T$F27.A001C
5.426,"Mel, glutenfritt, Schär",Korn- og bakevarer,Korn- og bakevarer,1418,335,15,0.7,0.1,0,0,0.1,0,0,0.3,0.1,0.1,0.1,0,0,0,0,0,0,0,0,0,0,0.2,0,77.4,73.9,3.5,0,0,5,2.5,1,0,0,0,0,0,0,0.1,0.03,0.04,0.5,0.9,0.04,14,0,0,12,0.6,380,97,16,0.4,2,0.07,56,2,A004S#F10.A0B8L$F18.A07NK$F19.A07PS$F22.A07SH
5.424,"Mel, glutenfritt, grovt, Semper",Korn- og bakevarer,Korn- og bakevarer,1421,336,13,0.7,0.1,0,0,0.1,0,0,0.2,0,0.2,0.3,0.3,0,0,0,0,0,0,0,0,0,0.3,0,76,72.2,3.8,0,0,8,2.3,0.1,0,0,0,0,0,0,0,0.3,0.56,4.3,4.7,0.21,42,0,5,34,8.5,58,52,14,0.4,2,0.08,58,10,A004S#F10.A0B8L$F22.A07SH
5.251,"Mel, glutenfritt, grovt, Toro",Korn- og bakevarer,Korn- og bakevarer,1653,391,3,4,0.6,0,0,0.4,0.2,0,1.5,0,1.5,1.4,1.3,0.1,0,0,0,0,0,0,0,0.1,1.3,0,79.9,75.5,4.4,4.4,4.4,8,5,1,0,0,0,0,0,0,0.1,0.14,0.09,0.9,1.7,0.09,18,0,0,50,3.9,406,143,57,0.8,0,0.18,109,0,A004S#F10.A06HR$F10.A0B8L$F18.A07NK
5.25,"Mel, glutenfritt, lyst, Toro",Korn- og bakevarer,Korn- og bakevarer,1529,361,9,1.1,0.1,0,0,0.1,0,0,0.3,0,0.2,0.7,0.7,0,0,0,0,0,0,0,0,0.1,1.1,0,84.6,79.9,4.7,4.7,4.7,4,1.1,1.3,0,2,2,2,1,0,0.3,0.04,0.01,0.9,1.1,0.02,3,0,3,66,0.3,520,74,7,0.2,1,0.04,100,2,A004S#F10.A07XK$F10.A0B8L$F18.A07NK
5.48,"Mel, havrebrødmiks, glutenfri, Toro",Korn- og bakevarer,Korn- og bakevarer,1689,400,3,6.3,0.6,0,0,0.4,0.2,0,2.2,0,2.2,2.9,1.9,1,0,0,0,0,0,0,0,1,1.9,0,76.9,73.4,3.5,0.2,0.2,10,4.1,1.6,0,0,0,0,0,0,2.2,0.18,0.03,0.6,1.3,0.09,15,0,0,126,3.2,634,105,37,0.6,0,0.12,199,0,A004S#F02.A067Z$F03.A06JD$F10.A0B8L$F18.A07NK$F28.A0C0A
5.481,"Mel, vaffelmiks, glutenfri, Toro",Korn- og bakevarer,Korn- og bakevarer,1557,367,10,1.3,0.4,0,0,0.3,0.1,0,0.5,0,0.4,0.3,0.2,0,0,0,0,0,0,0,0,0,0.2,101,83.2,65.2,18,15,15,0.4,5.4,1.2,0,31,31,31,0,0.2,0.4,0.07,0.21,0.5,1.4,0.13,15,0.6,6,119,0.6,469,168,15,0.6,0,0.05,268,15,A0CSN#F02.A0ERD$F10.A0B8L$F18.A07NK$F28.A07KG
5.5,"Mor Monsen, kake",Korn- og bakevarer,Korn- og bakevarer,1866,447,19,25.2,13.4,0.6,1.9,6.3,2.3,0.6,7.3,0.5,6.5,1.8,1.5,0.1,0,0,0,0.1,0,0,0,0.1,1.4,136,46.2,16.6,29.6,25.8,25.8,2,7.9,0.4,0,196,204,188,97,3,3.1,0.08,0.15,0.4,2,0.08,15,0.4,1,45,1.1,163,168,26,0.7,8,0.12,161,23,A00AP#F02.A0ERC$F04.A014D$F04.A01ME
5.43,Muffins,Korn- og bakevarer,Korn- og bakevarer,1689,404,23,19.6,9.6,1.3,1.3,3.5,2.1,0.3,6,0.2,5.5,2.1,1.6,0.5,0,0,0,0,0,0,0,0.5,1.5,82,49.7,19.2,30.5,29.6,29.6,1,6.5,0.8,0,183,189,176,78,2.7,2.4,0.07,0.1,0.3,1.7,0.05,9,0.3,0,55,0.7,334,108,13,0.6,5,0.06,225,17,A00BC#F22.A07SS
5.487,"Muffins, av pulver, glutenfrie",Korn- og bakevarer,Korn- og bakevarer,1833,437,16,19.8,11.9,0.5,1.8,5.5,2,0.5,5,0.5,4.3,0.7,0.5,0.1,0,0,0,0,0,0,0,0.1,0.4,98,62.1,27.3,34.8,34.6,34.6,0,2.6,1.6,0,169,177,162,90,2.6,1.2,0.01,0.06,0,0.6,0.02,6,0.2,0,67,0.4,660,35,3,0.4,4,0.01,427,16,A00BC#F02.A0ERC$F10.A0B8L$F28.A07GX$F28.A07MR
5.488,"Muffins, av pulver, med melisglasur, glutenfrie",Korn- og bakevarer,Korn- og bakevarer,1779,424,15,17,10.2,0.5,1.6,4.7,1.7,0.5,4.3,0.4,3.7,0.6,0.5,0.1,0,0,0,0,0,0,0,0.1,0.3,84,65.5,23.4,42,41.9,41.9,0,2.3,1.4,0,145,151,139,77,2.2,1,0.01,0.05,0,0.5,0.02,5,0.2,0,57,0.3,565,30,3,0.3,4,0.01,366,13,A00BC#F02.A0ERC$F08.A032R$F10.A0B8L$F28.A07GX$F28.A07MR
5.431,"Muffins, med banan",Korn- og bakevarer,Korn- og bakevarer,1454,347,33,16,7.9,1,1.1,2.9,1.7,0.2,4.9,0.2,4.5,1.7,1.3,0.4,0,0,0,0,0,0,0,0.4,1.2,67,44.6,16.6,28.1,24.1,24.1,1,5.5,0.7,0,149,155,143,73,2.2,2,0.06,0.08,0.4,1.5,0.1,12,0.3,2,46,0.6,271,154,17,0.5,4,0.07,189,14,A00BC#F04.A0DQG$F22.A07SS
5.406,"Muffins, med banan, melisglasur",Korn- og bakevarer,Korn- og bakevarer,1454,346,31,14.1,7,0.9,0.9,2.6,1.5,0.2,4.3,0.2,4,1.5,1.1,0.3,0,0,0,0,0,0,0,0.3,1.1,59,49.3,14.7,34.6,31.1,31.1,1,4.9,0.6,0,132,137,127,65,1.9,1.8,0.06,0.07,0.4,1.4,0.09,11,0.2,2,41,0.5,240,137,15,0.4,4,0.06,167,12,A00BC#F04.A032R$F04.A0DQK$F22.A07SS
5.401,"Muffins, med blåbær",Korn- og bakevarer,Korn- og bakevarer,1396,334,35,15.8,7.7,1,1.1,2.8,1.7,0.2,4.8,0.2,4.5,1.8,1.3,0.4,0,0,0,0,0,0,0,0.4,1.3,66,41.4,15.3,26,23.6,23.6,2,5.4,0.7,0,147,153,140,81,2.1,2.4,0.06,0.08,0.4,1.5,0.06,11,0.3,2,50,0.6,266,111,13,0.5,4,0.07,186,14,A00BC#F04.A01EY$F22.A07SS
5.322,"Muffins, med blåbær, kjøpt",Korn- og bakevarer,Korn- og bakevarer,1610,385,28,19.8,1.6,0,0,1.1,0.4,0,11.5,0.1,11.2,5.7,4.1,1.5,0,0,0,0,0,0,0,1.5,4.2,16,45.9,25.4,20.5,20,20,2,4.9,1.2,0,7,7,7,4,0.1,4.6,0.07,0.04,0.4,1.3,0.04,5,0.1,1,17,0.5,467,82,14,0.3,2,0.06,96,3,A00BC#F02.A0ERC$F04.A01EY$F22.A07SH$F28.A07GX
5.407,"Muffins, med blåbær, melisglasur",Korn- og bakevarer,Korn- og bakevarer,1403,334,33,14,6.8,0.9,0.9,2.5,1.5,0.2,4.3,0.2,4,1.6,1.2,0.4,0,0,0,0,0,0,0,0.4,1.1,58,46.3,13.6,32.7,30.5,30.5,2,4.8,0.6,0,131,137,125,72,1.9,2.1,0.06,0.07,0.4,1.4,0.05,10,0.2,2,45,0.6,236,99,12,0.5,3,0.06,165,12,A00BC#F04.A01EY$F04.A032R$F22.A07SS
5.45,"Muffins, med gulrot",Korn- og bakevarer,Korn- og bakevarer,1397,334,36,15.9,7.8,1,1.1,2.9,1.7,0.2,4.9,0.2,4.5,1.7,1.3,0.4,0,0,0,0,0,0,0,0.4,1.2,67,41.6,15.6,25.9,24.1,24.1,1,5.3,0.7,0,242,340,143,1184,2.2,2.1,0.06,0.08,0.4,1.5,0.06,11,0.3,0,51,0.6,275,137,13,0.5,4,0.05,188,14,A00BC#F02.A0ERC$F04.A00QH$F28.A07GX
5.451,"Muffins, med gulrot, melisglasur",Korn- og bakevarer,Korn- og bakevarer,1404,335,33,14.1,6.9,0.9,0.9,2.5,1.5,0.2,4.3,0.2,4,1.5,1.1,0.3,0,0,0,0,0,0,0,0.3,1.1,59,46.6,13.9,32.8,31.1,31.1,1,4.7,0.6,0,214,301,127,1048,1.9,1.8,0.06,0.07,0.3,1.3,0.05,10,0.2,0,45,0.5,244,122,12,0.4,4,0.05,167,12,A00BC#F02.A0ERC$F04.A00QH$F04.A032R$F28.A07GX
5.402,"Muffins, med kakao",Korn- og bakevarer,Korn- og bakevarer,1691,404,23,19.7,9.7,1.2,1.3,3.6,2.2,0.3,6.1,0.2,5.6,2.1,1.6,0.5,0,0,0,0,0,0,0,0.5,1.5,81,49.1,19.1,29.9,29.1,29.1,2,6.8,0.8,0,180,186,173,78,2.6,2.4,0.07,0.1,0.4,1.8,0.05,9,0.3,0,56,0.9,328,175,24,0.8,5,0.13,234,16,A00BC#F04.A03HG$F22.A07SS
5.408,"Muffins, med kakao, melisglasur",Korn- og bakevarer,Korn- og bakevarer,1659,396,22,17,8.4,1.1,1.1,3.1,1.9,0.2,5.2,0.2,4.8,1.8,1.3,0.4,0,0,0,0,0,0,0,0.4,1.3,70,54,16.5,37.5,36.7,36.7,1,5.9,0.7,0,155,161,150,67,2.3,2.1,0.06,0.08,0.3,1.5,0.05,8,0.3,0,49,0.8,284,152,20,0.7,4,0.11,203,14,A00BC#F04.A032R$F04.A03HG$F22.A07SS
5.405,"Muffins, med melisglasur",Korn- og bakevarer,Korn- og bakevarer,1657,395,22,16.9,8.3,1.1,1.1,3,1.8,0.2,5.2,0.2,4.8,1.8,1.4,0.4,0,0,0,0,0,0,0,0.4,1.3,71,54.6,16.6,38,37.2,37.2,1,5.6,0.7,0,158,163,152,67,2.3,2.1,0.06,0.08,0.3,1.5,0.05,8,0.3,0,47,0.6,288,93,12,0.5,4,0.05,194,14,A00BC#F04.A032R$F22.A07SS
5.403,"Muffins, med sitron",Korn- og bakevarer,Korn- og bakevarer,1636,391,25,18.9,9.3,1.2,1.3,3.4,2.1,0.3,5.8,0.2,5.4,2.1,1.5,0.5,0,0,0,0,0,0,0,0.5,1.5,80,48.1,18.6,29.6,28.6,28.6,1,6.3,0.8,0,177,182,170,76,2.6,2.3,0.07,0.09,0.3,1.6,0.05,9,0.3,2,54,0.7,323,109,13,0.5,5,0.06,218,16,A00BC#F04.A01BY$F22.A07SS
5.409,"Muffins, med sitron, melisglasur",Korn- og bakevarer,Korn- og bakevarer,1611,384,24,16.4,8.1,1.1,1.1,3,1.8,0.2,5,0.2,4.7,1.8,1.3,0.4,0,0,0,0,0,0,0,0.4,1.3,69,53.1,16.1,37,36.2,36.2,1,5.5,0.7,0,153,159,148,66,2.2,2,0.06,0.08,0.3,1.4,0.05,8,0.3,2,47,0.6,280,95,12,0.5,4,0.05,189,14,A00BC#F04.A01BY$F04.A032R$F22.A07SS
5.404,"Muffins, med sjokoladebiter",Korn- og bakevarer,Korn- og bakevarer,1772,424,19,20.9,10.7,1.1,1.2,4,3,0.2,6.4,0.2,6,2,1.5,0.4,0,0,0,0,0,0,0,0.4,1.5,74,51.4,17.2,34.2,31.7,31.7,2,6.6,0.7,0,163,169,157,73,2.4,2.2,0.08,0.1,0.4,1.7,0.05,9,0.3,0,58,1.2,298,147,27,0.7,4,0.17,225,15,A00BC#F04.A0EQD$F22.A07SS
5.268,"Muffins, med sjokoladebiter, kjøpt",Korn- og bakevarer,Korn- og bakevarer,1616,386,27,20.2,8.4,2.5,1.1,2.3,1.6,0,7.5,0.1,7.3,3.4,2.6,0.7,0,0,0,0,0,0,0,0.7,2.6,50,41.6,26.4,15.2,12.2,12.2,2,8.3,0.9,0,24,23,23,5,0.4,4.2,0.11,0.11,0.6,2.2,0.06,10,0.3,0,70,1.4,350,187,33,0.9,4,0.2,248,13,A00BC#F04.A0EQD$F22.A07SH
5.41,"Muffins, med sjokoladebiter, melisglasur",Korn- og bakevarer,Korn- og bakevarer,1733,413,19,18.3,9.3,1,1.1,3.5,2.6,0.2,5.6,0.2,5.2,1.8,1.3,0.4,0,0,0,0,0,0,0,0.4,1.3,65,55.6,15.1,40.5,38.3,38.3,2,5.7,0.7,0,143,148,138,64,2.1,1.9,0.07,0.09,0.3,1.5,0.05,8,0.3,0,51,1.1,261,130,23,0.6,4,0.15,198,13,A00BC#F04.A032R$F04.A0EQD$F22.A07SS
5.462,"Müslibar, energibar, hjemmelaget",Korn- og bakevarer,Korn- og bakevarer,1955,468,9,24.3,4.5,0,0,2.5,1.6,0,10.3,0.1,10.6,7.1,6.1,0.7,0,0,0,0,0,0,0,0.7,6.2,17,43,21.5,21.5,2.5,15.9,9,15.2,0.2,0,8,8,7,7,0.3,4,0.36,0.18,1.8,4.4,0.18,44,0.1,4,81,4.1,84,502,175,2.9,5,0.73,415,5,A00FA#F02.A06DY$F04.A000L$F04.A014C$F04.A015F$F04.A01MA$F22.A07SS
5.506,"Müslibrød, müslirundstykke, kjøpt i kafé/bakeri",Korn- og bakevarer,Korn- og bakevarer,1276,304,29,7.7,0.9,0,0,0.6,0.2,0,1.5,0,1.4,4.1,3.2,1,0,0,0,0,0,0,0,0.9,3.2,0,43,38.2,4.8,0,0,9,11.3,0.6,0,0,0,0,0,0,0.6,0.35,0.1,3.1,5.1,0.17,46,0,1,37,2.5,253,366,102,1.7,3,0.35,267,0,A005E#F02.A06CN$F04.A001M$F04.A015F$F04.A01ME$F04.A0DXG$F10.A06HR$F22.A07SK
5.508,"Napoleonshatt, småkake",Korn- og bakevarer,Korn- og bakevarer,1925,461,15,24.8,12,0.5,1.8,5.6,2,0.5,8.1,0.5,7.4,2.1,1.9,0.1,0,0,0,0,0,0,0,0.1,1.7,66,50.1,22.1,28,27,27,3,8.1,0.3,0,154,160,146,89,2.3,3.5,0.09,0.15,0.7,2.2,0.06,13,0.1,0,43,0.9,119,169,42,0.7,3,0.17,113,10,A00AE#F02.A06DN$F04.A014D
5.102,Napoleonskake,Korn- og bakevarer,Korn- og bakevarer,1242,297,43,14.4,6.8,0.7,0.9,2.7,1.4,0.2,4.6,0.2,4.3,1.7,1.2,0.4,0,0,0,0,0,0,0,0.4,1.2,51,35.9,14,21.9,19.9,19.9,0.9,5.3,0.2,0,143,147,137,65,1.5,1.5,0.06,0.11,0.3,1.4,0.04,7,0.3,0,64,0.4,99,112,11,0.4,3,0.04,94,13,A00CC#F04.A02ML$F04.A02PX
5.52,"Nudler, fullkorn, kokt",Korn- og bakevarer,Korn- og bakevarer,520,123,69,0.9,0.1,0,0,0.1,0,0,0.1,0,0.1,0.4,0.4,0,0,0,0,0,0,0,0,0,0.4,0,22.1,21.6,0.5,0,0,4,4.8,0.2,0,0,1,0,6,0,0.4,0.11,0.04,1.6,2.6,0.04,12,0,0,12,1.1,81,93,38,1.1,3,0.14,122,2,A007R#F02.A06CZ$F28.A07GL
5.523,"Nudler, fullkorn, tørr",Korn- og bakevarer,Korn- og bakevarer,1420,336,14,2.4,0.3,0,0,0.3,0,0,0.3,0,0.3,1.1,1,0.1,0,0,0,0,0,0,0,0,1,0,61.2,59.7,1.5,0,0,10,12.6,1.1,0,1,2,0,17,0,1,0.34,0.15,4.8,6.9,0.11,44,0,0,34,3.8,427,406,119,2.9,8,0.42,338,5,A007R#F02.A06CZ
5.243,"Nudler, hvete, uten egg, kokt",Korn- og bakevarer,Korn- og bakevarer,672,159,62,1.6,0.6,0,0,0.4,0.1,0,0.4,0,0.1,0.4,0.3,0,0,0,0,0,0,0,0,0,0.3,0,30,29.8,0.2,0,0,2,5.3,0,0,0,0,0,2,0,0.2,0.03,0.03,0.4,1.3,0.03,4,0,0,10,1.5,0,51,7,0.5,4,0.18,54,0,A007R#F28.A07GG
5.222,"Nudler, hvete, uten egg, tørr",Korn- og bakevarer,Korn- og bakevarer,1467,347,16,3.3,1.2,0,0,0.9,0.3,0,0.9,0,0.2,0.8,0.7,0,0,0,0,0,0,0,0,0,0.7,0,66.4,65.9,0.5,0,0,3,11.2,0,0,0,0,0,4,0,0.5,0.08,0.07,0.9,2.8,0.06,11,0,0,22,4.1,2,180,18,1,8,0.42,120,0,A007R
5.333,"Nudler, med krydder, kokt",Korn- og bakevarer,Korn- og bakevarer,884,211,59,10.1,1.5,0,0,1.1,0.3,0,2.3,0,2.3,5.7,5,0.5,0,0,0,0,0,0,0,0.5,5,0,24.6,24.1,0.5,0.2,0.2,1,4.7,1.8,0,0,0,0,0,0,0.6,0.08,0.05,1,1.7,0.04,5,0,0,10,0.4,734,122,22,0.5,2,0.08,60,13,A007R#F28.A07GG
5.103,Nøttebunn,Korn- og bakevarer,Korn- og bakevarer,1739,417,26,25.3,2.3,0,0,1.6,0.7,0,14.5,0.1,14.4,2.4,2.2,0,0,0,0,0.1,0,0,0,0.1,2.4,115,36.3,2.3,34,32.9,32.9,3,9.4,0.1,0,51,51,51,5,0.9,10.4,0.09,0.25,0.2,2.2,0.11,39,0.5,2,67,1.6,53,255,52,1.2,8,0.49,170,22,A00BD#F04.A014L
5.208,"Nøttekake, myk",Korn- og bakevarer,Korn- og bakevarer,1784,428,23,25.1,2.1,0,0,1.5,0.6,0,14.5,0.1,14.4,2.4,2.1,0,0,0,0,0.1,0,0,0,0.1,2.3,89,39.1,7.3,31.8,30.3,30.3,4,9.6,0.3,0,40,40,39,6,0.7,10.2,0.1,0.24,0.3,2.3,0.11,37,0.4,2,85,1.6,138,276,55,1.2,6,0.51,241,18,A00AP#F04.A014L
5.345,"Oreokake, av pulver, fløte og smør",Korn- og bakevarer,Korn- og bakevarer,1835,441,27,30.7,18.1,0.6,1.9,9.5,3.8,0.6,8.7,0.5,7.9,1.5,1.2,0.1,0,0,0,0,0,0,0,0.1,1,46,35.3,12.6,22.8,19.4,19.4,2,4.8,0.6,0,175,184,166,113,0.9,2.8,0.07,0.1,0.4,1.3,0.03,8,0.2,0,54,1.2,255,186,37,0.8,2,0.25,137,9,A00BF#F02.A0ERC$F04.A02ML$F04.A039C$F04.A0C6B$F28.A07MR
5.205,"Ostekake, med kjeksbunn",Korn- og bakevarer,Korn- og bakevarer,1393,334,40,19.1,9.9,0.7,1.5,4.2,1.8,0.4,5.4,0.3,4.9,2.1,1.8,0.3,0,0,0,0,0,0,0,0.3,1.7,33,36.2,7.6,28.6,26.6,26.6,1,3.6,0.3,0,177,185,169,97,0.8,1.8,0.06,0.1,0.4,1.1,0.03,5,0.2,0,60,0.3,135,98,14,0.4,2,0.03,82,9,A00AS#F04.A009X$F04.A02NA
5.532,"Paibunnmiks, glutenfri, økologisk, pulver, Det Glutenfrie Verksted",Korn- og bakevarer,Korn- og bakevarer,1577,372,7,1,0.4,0,0,0.3,0,0,0.2,0,0.2,0.3,0.3,0,0,0,0,0,0,0,0,0,0.3,0,81.8,80,1.8,1.8,1.8,2,7.9,0.5,0,0,0,0,0,0,0.1,0.06,0.03,1.4,2.7,0.2,10,0,0,7,0.4,195,105,23,0.3,0,0.2,90,11,A0CSK#F02.A0ERD$F10.A0B8L$F21.A07SE$F28.A07KG
5.549,"Pannekaker, amerikanske",Korn- og bakevarer,Korn- og bakevarer,1198,286,43,12.5,6.7,0.3,0.9,3.2,1.2,0.3,3.3,0.3,2.9,1.1,0.9,0.1,0,0,0,0.1,0,0,0,0.1,0.8,103,32.6,27.3,5.2,2.6,2.6,2,10,1.8,0,110,113,106,47,1.8,1.7,0.11,0.18,0.5,2.6,0.08,14,0.6,1,118,1,701,206,22,0.9,7,0.08,342,26,A00CL#F02.A06DT$F28.A0BA1
5.356,"Pannekaker, av pulver",Korn- og bakevarer,Korn- og bakevarer,629,149,64,1.8,0.5,0,0,0.3,0.1,0,0.7,0,0.6,0.5,0.4,0.1,0,0,0,0,0,0,0,0.1,0.5,32,26.8,21.3,5.5,4,4,1,5.5,0.3,0,14,13,13,2,0.1,0.4,0.1,0.08,0.4,1.5,0.05,9,0.1,1,62,0.5,126,104,15,0.4,4,0.05,77,5,A00CL#F28.A07MR
9.144,"Pannekaker, grove",Korn- og bakevarer,Korn- og bakevarer,636,151,66,4.3,1.6,0.1,0.2,0.9,0.3,0,1.4,0.1,1.3,0.8,0.7,0.1,0,0,0,0,0,0,0,0.1,0.7,51,19.5,16.2,3.3,0,0,2,7.6,0.4,0,40,40,39,10,0.9,1.1,0.12,0.16,0.7,2.3,0.07,11,0.5,0,107,0.9,149,218,27,0.8,4,0.08,166,20,A00CL#F10.A06HR
10.153,"Pannekaker, med banan",Korn- og bakevarer,Korn- og bakevarer,740,176,60,4.2,1.3,0,0.1,0.9,0.3,0,1.4,0.1,1.3,0.9,0.8,0,0,0,0,0,0,0,0,0.1,0.8,72,24.5,15.9,8.7,0.6,0.6,4,8,0.5,0,40,41,38,22,0.6,1.4,0.15,0.16,0.8,2.5,0.18,23,0.5,4,98,1.5,215,327,47,1.2,6,0.14,307,19,A00CL#F02.A06DT$F04.A01LC$F28.A0BA1
5.513,"Pannekaker, med søtpotet",Korn- og bakevarer,Korn- og bakevarer,919,218,51,5.6,1.5,0,0,1.1,0.4,0,2,0.1,1.9,1.3,1,0.1,0,0,0,0.1,0,0,0.1,0.1,1.2,150,30.1,23.9,6.1,4,4,3,10.2,1.2,0,301,535,66,2817,1.2,2.7,0.12,0.19,0.6,2.9,0.15,22,0.6,1,72,1.7,478,260,31,1.1,11,0.15,286,29,A00CL#F02.A06DT$F04.A010C$F28.A0BA1
5.514,"Pannekaker, stekt i fett",Korn- og bakevarer,Korn- og bakevarer,765,182,61,5.7,2,0.1,0.2,0.9,0.4,0,2.1,0.1,2,1.1,0.9,0.1,0,0,0,0,0,0,0,0.1,0.9,45,23.8,19.7,4.1,0,0,1,8.1,0.8,0,43,44,42,16,0.8,1.3,0.09,0.18,0.4,2.1,0.06,9,0.6,0,129,0.6,301,224,19,0.7,4,0.06,161,22,A00CL#F04.A02LV
5.515,"Pannekaker, stekt uten fett",Korn- og bakevarer,Korn- og bakevarer,675,160,63,2.9,1.1,0,0.1,0.7,0.2,0,0.8,0.1,0.8,0.6,0.5,0,0,0,0,0,0,0,0,0,0.5,45,24.4,20.3,4.2,0,0,1,8.3,0.7,0,28,28,27,8,0.6,0.8,0.09,0.18,0.4,2.2,0.06,9,0.6,0,132,0.6,291,230,20,0.7,4,0.06,165,22,A00CL#F04.A02LV
5.546,"Pasta, fersk med kjøtt og ost, tortellini, kokt",Korn- og bakevarer,Korn- og bakevarer,662,157,66,4.6,1.1,0,0.1,0.6,0.2,0,1.3,0,1.2,1.8,1.7,0,0,0,0,0,0,0,0,0.1,1.7,29,22.2,20.9,1.3,0,0,0.9,6.4,0.2,0,18,18,18,4,0.2,2,0.15,0.07,0.6,1.9,0.06,8,0.2,3,38,0.4,66,81,10,0.7,5,0.05,117,7,A040V#F04.A02QE
5.326,"Pasta, fersk med kjøtt og ost, tortellini, rå",Korn- og bakevarer,Korn- og bakevarer,1206,286,38,8.1,1.9,0,0.1,1.1,0.4,0,2.3,0.1,2.2,3.2,3,0.1,0,0,0,0,0,0,0,0.1,3,51,41.3,38.9,2.4,0.1,0.1,2,11.3,0.6,0,36,36,35,8,0.3,3.5,0.31,0.16,1.3,3.4,0.11,19,0.4,7,71,0.9,233,238,21,1.2,8,0.1,217,12,A007S#F02.A0EQJ$F04.A007D$F04.A01TN$F04.A02QE$F24.A07VS$F28.A07MA
5.547,"Pasta, fersk med kjøtt, tortellini, kokt",Korn- og bakevarer,Korn- og bakevarer,598,142,68,3.1,0.5,0,0,0.3,0.1,0,0.9,0,0.9,1.4,1.3,0,0,0,0,0,0,0,0,0.1,1.3,19,22.4,20.1,2.3,0,0,1,5.4,0.2,0,9,10,9,7,0.1,1.6,0.08,0.08,0.8,1.8,0.08,7,0.1,2,31,0.5,83,101,13,0.6,3,0.06,95,6,A040V#F02.A06GT$F04.A0ERE$F04.A0EZS$F28.A0BA1
5.325,"Pasta, fersk med kjøtt, tortellini, rå",Korn- og bakevarer,Korn- og bakevarer,1094,259,41,5.5,0.9,0,0,0.6,0.2,0,1.6,0,1.6,2.4,2.3,0.1,0,0,0,0,0,0,0,0.1,2.3,34,41.7,37.5,4.2,0,0,2,9.6,0.7,0,18,19,17,14,0.2,2.8,0.17,0.19,1.6,3.3,0.16,18,0.2,4,58,1.2,293,298,28,1.1,6,0.11,177,10,A007S#F02.A0EQJ$F04.A007D$F04.A0EYH$F24.A07VS$F28.A07MA
5.545,"Pasta, fersk med ost, ravioli, kokt",Korn- og bakevarer,Korn- og bakevarer,630,150,68,5.2,1.9,0.1,0.2,1,0.4,0.1,1.4,0.1,1.2,1.5,1.3,0.1,0,0,0,0,0,0,0,0.1,1.3,24,20.1,19.3,0.8,0,0,2,4.9,0.4,0,30,31,29,17,0.3,1.6,0.06,0.08,0.7,1.7,0.08,9,0.2,3,42,0.4,153,108,12,0.5,5,0.08,86,6,A0CDP#F02.A06GT$F04.A02QE$F04.A0ERE$F28.A0BA1
5.327,"Pasta, fersk med ost, ravioli, rå",Korn- og bakevarer,Korn- og bakevarer,1146,273,42,9.2,3.3,0.1,0.4,1.7,0.6,0.1,2.4,0.1,2.2,2.6,2.4,0.1,0,0,0,0,0,0,0,0.1,2.4,43,37.4,36,1.4,0,0,3,8.7,1.4,0,59,62,57,33,0.6,2.9,0.12,0.2,1.4,3.1,0.16,22,0.3,8,79,1.1,541,319,24,1,9,0.15,161,11,A007S#F02.A0EQJ$F04.A007D$F04.A02QE$F24.A07VS$F28.A07MA
5.335,"Pasta, fullkorn, kokt med salt",Korn- og bakevarer,Korn- og bakevarer,585,139,67,2.5,0.6,0.1,0.1,0.3,0.1,0,0.8,0,0.8,0.7,0.6,0.1,0,0,0,0,0,0,0,0.1,0.6,1,23.1,21.8,1.3,0,0,3,4.5,0.5,0,9,9,9,4,0.1,0.5,0.1,0.02,1.8,2.7,0.1,7,0,0,13,1,198,92,32,1,5,0.17,113,0,A04LC#F28.A07GG
5.332,"Pasta, fullkorn, tørr",Korn- og bakevarer,Korn- og bakevarer,1532,362,9,2.5,0.4,0,0,0.5,0,0,0.3,0,0.3,1.1,1,0,0,0,0,0,0,0,0,0,1,0,68.3,64.4,3.9,0,0,8,12.6,0,0,0,0,0,0,0,0.6,0.33,0.06,5.6,7.7,0.31,29,0,0,39,3.6,3,426,103,2.8,15,0.54,333,0,A04LC
5.421,"Pasta, glutenfri, av mais og ris, tørr, Barilla",Korn- og bakevarer,Korn- og bakevarer,1499,353,12,1.4,0.2,0,0,0.2,0,0,0.4,0,0.4,0.6,0.5,0,0,0,0,0,0,0,0,0,0.5,0,78.3,77.7,0.6,0,0,2,5.8,0,0,9,17,0,104,0,0.1,0.06,0.07,0.6,1.6,0.1,8,0,5,5,0.3,0,100,17,0.4,3,0.06,58,2,A008B#F04.A002Q$F04.A003F$F18.A07NL$F19.A07PQ
5.423,"Pasta, glutenfri, av ris og grønnsaker, tørr, Orgran tricolore",Korn- og bakevarer,Korn- og bakevarer,1440,340,15,1,0.1,0,0,0.2,0,0,0.3,0,0.3,0.6,0,0,0,0,0,0,0,0,0,0,0,0,75.2,74.5,0.7,0,0,3,6.2,0,0,2,3,0,23,0,0.1,0.11,0.05,2.3,3.3,0.15,15,0,0,14,0.8,12,180,51,1.4,8,0.27,150,2,A008B#F04.A003F$F04.A07XJ$F18.A07NK$F19.A07PR
5.498,"Pasta, glutenfri, kokt",Korn- og bakevarer,Korn- og bakevarer,560,133,69,2.2,0.6,0.1,0.1,0.3,0.1,0,0.9,0,0.9,0.6,0.4,0.1,0,0,0,0,0,0,0,0.1,0.4,1,25.5,25.3,0.2,0,0,1,2.2,0.5,0,10,12,9,18,0.1,0.3,0.04,0.02,0.9,1.4,0.06,3,0,1,4,0.2,199,38,19,0.4,2,0.06,58,0,A008B#F02.A06CZ$F10.A0B8L$F28.A07GL
5.422,"Pasta, glutenfri, spagetti, tørr, Semper",Korn- og bakevarer,Korn- og bakevarer,1470,347,14,2.4,1,0,0,0.4,0.1,0,0.5,0,0.6,0.9,1,0.1,0,0,0,0,0,0,0,0.1,1,0,72.7,72.1,0.6,0,0,4,6.8,0,0,0,0,0,0,0,0.1,0.26,0.06,5.4,6.5,0.27,18,0,4,14,1.3,0,250,120,1.9,5,0.24,310,2,A008B#F04.A002R$F04.A003G$F04.A011G$F18.A07NL$F19.A07PQ
5.253,"Pasta, grønn, fersk, kokt",Korn- og bakevarer,Korn- og bakevarer,374,89,80,2.5,0.6,0,0,0.3,0.1,0,1,0,0.9,0.6,0.5,0.1,0,0,0,0,0,0,0,0.1,0.6,26,12.6,12.5,0.1,0,0,1,3.5,0.4,0,31,44,18,158,0.3,0.8,0.05,0.03,0.2,0.9,0.03,8,0.1,0,14,0.3,180,39,8,0.3,2,0.04,39,5,A007E#F04.A047N$F10.A0F2Q$F28.A07GG
5.227,"Pasta, grønn, fersk, rå",Korn- og bakevarer,Korn- og bakevarer,949,225,47,3.9,0.9,0,0,0.7,0.2,0,1.4,0.1,1.3,1.2,1,0.1,0,0,0,0,0,0,0,0.1,1.1,69,36.4,36.2,0.3,0,0,3,9.6,0.7,0,77,116,38,473,0.5,1.8,0.16,0.12,0.7,2.6,0.1,30,0.3,1,39,1.2,272,176,26,0.8,5,0.11,114,13,A007F#F10.A0F2Q
5.229,"Pasta, naturell, fersk, kokt",Korn- og bakevarer,Korn- og bakevarer,397,94,79,2.6,0.7,0,0,0.4,0.1,0,1,0,1,0.7,0.6,0.1,0,0,0,0,0,0,0,0.1,0.6,28,13.6,13.6,0.1,0,0,1,3.7,0.4,0,19,19,19,3,0.3,0.8,0.05,0.03,0.2,1,0.03,6,0.1,0,9,0.3,180,31,8,0.3,2,0.03,41,5,A007F#F28.A07GG
5.226,"Pasta, naturell, fersk, rå",Korn- og bakevarer,Korn- og bakevarer,1014,240,44,4.1,0.9,0,0,0.7,0.2,0,1.5,0.1,1.4,1.2,1.1,0.1,0,0,0,0,0,0,0,0.1,1.1,75,39.4,39.2,0.3,0,0,3,10,0.7,0,41,41,41,0,0.6,1.7,0.17,0.12,0.8,2.7,0.1,25,0.3,1,25,1.1,270,142,24,0.8,6,0.11,119,14,A007F
5.13,"Pasta, naturell, kokt",Korn- og bakevarer,Korn- og bakevarer,562,133,69,2.1,0.5,0.1,0.1,0.2,0.1,0,0.8,0,0.8,0.5,0.4,0.1,0,0,0,0,0,0,0,0.1,0.4,1,23.6,23.4,0.2,0,0,1,4.2,0.5,0,9,9,9,4,0.1,0.3,0.07,0.02,0.9,1.7,0.03,4,0,0,9,0.3,198,45,16,0.5,2,0.08,59,0,A007L#F28.A07GL
5.016,"Pasta, naturell, tørr",Korn- og bakevarer,Korn- og bakevarer,1471,347,13,1.3,0.1,0,0,0.2,0,0,0.2,0,0.1,0.6,0.5,0,0,0,0,0,0,0,0,0,0.5,0,69.8,69.3,0.5,0,0,4,11.9,0,0,0,0,0,0,0,0.1,0.22,0.06,2.8,4.8,0.11,16,0,0,25,1,2,208,52,1.4,6,0.24,174,0,A007L
5.411,"Pavlova, med kremfløte og bær",Korn- og bakevarer,Korn- og bakevarer,1147,274,49,14.3,9,0.4,1.4,4,1.5,0.4,3.4,0.3,2.9,0.4,0.2,0.1,0,0,0,0,0,0,0,0.1,0.1,35,33,0.6,32.5,29.8,29.8,0.9,2.9,0.1,0,136,143,128,93,0,0.4,0.01,0.13,0.1,0.8,0.02,9,0.2,8,36,0.1,48,74,6,0.1,2,0.03,47,5,A00BD#F02.A0ERC$F04.A01DT$F04.A02ML$F04.A036A
5.198,Pepperkaker,Korn- og bakevarer,Korn- og bakevarer,1776,423,13,15.6,9.4,0.4,1.4,4.3,1.5,0.4,3.7,0.3,3.2,0.8,0.7,0.1,0,0,0,0,0,0,0,0.1,0.5,49,62.9,32.2,30.7,30.3,30.3,3,6.5,0.8,0,125,131,119,75,1.7,0.7,0.1,0.05,0.6,1.8,0.06,5,0.1,1,41,0.8,302,147,24,0.5,2,0.13,93,7,A00CT#F02.A06DT$F12.A009Q$F28.A0BA1
5.134,Peppernøtter,Korn- og bakevarer,Korn- og bakevarer,2051,489,3,21.6,9.6,1.1,1.3,3.5,2,0.3,7.3,0.2,6.9,3,2.2,0.7,0,0,0,0,0,0,0,0.7,2.1,29,65.9,34.6,31.2,30.7,30.7,3,6.7,0.6,0,205,213,197,100,2.5,2.2,0.1,0.05,0.6,1.8,0.06,5,0.1,1,41,0.7,243,130,22,0.5,1,0.11,162,4,A00AD#F04.A034E
5.443,Perlebygg,Korn- og bakevarer,Korn- og bakevarer,1219,289,24,2,0.4,0,0,0.4,0,0,0.1,0,0.1,0.6,0.6,0,0,0,0,0,0,0,0,0,0.6,0,52,50.6,1.4,0,0,13,9.1,0,0,0,0,0,0,0,0,0.19,0.06,1.3,2.8,0.19,50,0,0,23,1.9,2,300,71,2,3,0.38,250,0,A002K#F01.A059D$F02.A066Q$F27.A000P$F28.A0BZV
5.442,Perlespelt,Korn- og bakevarer,Korn- og bakevarer,1185,282,25,2.4,0.3,0,0,0.3,0,0,0.3,0,0.3,0.8,0.8,0,0,0,0,0,0,0,0,0,0.8,0,44.8,43.8,1,0,0,16,12.1,0,0,0,0,0,0,0,0.4,0.25,0.07,0.8,2.8,0.18,52,0,0,24,2.5,1,325,105,3.3,10,0.45,350,0,A001R#F01.A05AK$F02.A066Q$F27.A001R
5.188,"Pitabrød, fint, kjøpt",Korn- og bakevarer,Korn- og bakevarer,967,228,42,1,0.2,0,0,0.1,0,0,0.1,0,0.1,0.5,0.5,0,0,0,0,0,0,0,0,0,0.5,0,45.3,45,0.2,0,0,4,7.7,1.1,0,0,0,0,0,0,0.3,0.21,0.07,1.2,2.5,0.08,36,0,1,14,0.9,434,150,25,0.9,1,0.11,91,0,A006S#F10.A07XK$F22.A07SH
5.551,"Pitabrød, fint, med salt tilsatt jod, kjøpt",Korn- og bakevarer,Korn- og bakevarer,967,228,42,1,0.2,0,0,0.1,0,0,0.1,0,0.1,0.5,0.5,0,0,0,0,0,0,0,0,0,0.5,0,45.3,45,0.2,0,0,4,7.7,1.1,0,0,0,0,0,0,0.3,0.21,0.07,1.2,2.5,0.08,36,0,1,14,0.9,434,150,25,0.9,1,0.11,91,16,A006S#F09.A0EXA$F10.A07XK$F22.A07SH
5.062,"Pizzabunn, uten fyll",Korn- og bakevarer,Korn- og bakevarer,1063,252,40,3.4,0.4,0,0,0.3,0.1,0,1.4,0,1.4,1.3,1.2,0.1,0,0,0,0,0,0,0,0.1,1.2,0,45.1,44.9,0.2,0,0,3,8.4,0.7,0,0,0,0,0,0,0.8,0.23,0.09,1.5,2.9,0.09,48,0,1,15,0.9,293,156,26,1.1,1,0.11,98,0,A006Q
5.542,"Pizzabunnmiks, glutenfri, økologisk, pulver, Det Glutenfrie Verksted",Korn- og bakevarer,Korn- og bakevarer,1389,328,18,1.1,0.3,0,0,0.3,0,0,0.3,0,0.3,0.4,0.4,0,0,0,0,0,0,0,0,0,0.4,0,73.5,72.9,0.6,0.3,0,4,4.2,2.2,0,0,0,0,0,0,0.2,0.18,0.05,2.3,3,0.14,12,0,0,50,1.7,861,148,61,1.3,0,0.2,0,2,A0CSK#F02.A0ERD$F10.A0B8L$F18.A07NK$F21.A07SE$F28.A07KG
5.385,"Polarbrød, hvete",Korn- og bakevarer,Korn- og bakevarer,1325,314,26,5,0.5,0,0,0.3,0.1,0,2.5,0,2.4,1.7,1.4,0.3,0,0,0,0,0,0,0,0.3,1.4,0,55.7,50.4,5.4,5.1,5.1,3,9.6,0.7,0,0,0,0,0,0,1.2,0.17,0.04,1,2.6,0.08,13,0,1,22,0.9,279,161,30,0.7,1,0.13,96,0,A004Y
5.084,"Potetlompe, potetlefse, kjøpt",Korn- og bakevarer,Korn- og bakevarer,696,164,58,0.4,0.1,0,0,0.1,0,0,0,0,0,0.3,0.2,0,0,0,0,0,0,0,0,0,0.2,0,33.9,32,1.9,0,0,3,4.8,0.8,0,0,0,0,0,0,0.2,0.11,0.04,2.2,3.2,0.18,21,0,13,15,1,316,619,46,0.5,0,0.17,92,1,A006X#F04.A00ZT
5.02,"Potetmel, potetstivelse",Korn- og bakevarer,Korn- og bakevarer,1431,337,16,0,0,0,0,0,0,0,0,0,0,0,0,0,0,0,0,0,0,0,0,0,0,0,84.2,84.2,0,0,0,0,0,0,0,0,0,0,0,0,0,0,0,0.2,0.2,0,0,0,0,11,0.1,3,68,3,0,0,0,64,0,A011F
5.037,Puffet havre,Korn- og bakevarer,Korn- og bakevarer,1701,403,5,6.5,0.9,0,0,0.8,0.1,0,2.2,0,2.1,2.1,2.1,0.1,0,0,0,0,0,0,0,0.1,2.1,0,69.1,68.9,0.2,0,0,6,14.1,0,0,0,0,0,0,0,0.5,0,0.07,1.1,3.5,0.46,16,0,0,37,3.5,3,399,105,2.3,1,0.59,436,2,A00DM
5.036,"Puffet hvete, med sukker og honning, Honni korn",Korn- og bakevarer,Korn- og bakevarer,1405,332,16,1.2,0.2,0,0,0.2,0,0,0.1,0,0.1,0.6,0.5,0,0,0,0,0,0,0,0,0,0.5,0,69.3,34,35.3,34.8,34.8,6,7.9,0,0,0,0,0,0,0,0.4,0.07,0.03,2.9,3.2,0.2,10,0,0,13,1.8,1,224,61,1.3,2,0.22,214,1,A00EE#F02.A068F$F08.A033J$F27.A001M$F28.A07LL
5.039,Puffet ris,Korn- og bakevarer,Korn- og bakevarer,1603,378,6,0.9,0.2,0,0,0.2,0,0,0.3,0,0.3,0.3,0.2,0,0,0,0,0,0,0,0,0,0.2,0,86,85.7,0.3,0,0,0.8,6,0,0,1,1,0,6,0,0.1,0,0.02,1.1,2.1,0.08,15,0.1,0,3,0.4,4,84,21,1.5,2,0.93,91,2,A00DR
5.184,"Pumpernikkel, fullkornsbrød, ekstra grovt (75-100 %), kjøpt",Korn- og bakevarer,Korn- og bakevarer,859,204,46,1.6,0.2,0,0,0.1,0,0,0.3,0,0.4,0.6,0.5,0,0,0,0,0,0,0,0,0,0.5,0,37,33.5,3.5,1.8,1.8,10,5.4,0.9,0,0,0,0,0,0,0.5,0.24,0.15,0.5,1.4,0.18,16,0,0,77,3,370,530,75,2.3,1,0.19,198,2,A005J#F22.A07SH
5.063,"Pølsebrød, fint, kjøpt",Korn- og bakevarer,Korn- og bakevarer,1272,302,33,7.8,0.7,0,0,0.5,0.1,0,4.2,0,4.1,2.4,1.9,0.6,0,0,0,0,0,0,0,0.6,1.9,0,48.7,42.3,6.4,6.2,6.2,3,7.8,0.4,0,0,0,0,0,0,1.8,0.2,0.07,1.3,2.6,0.08,37,0,1,13,0.8,158,141,24,0.9,1,0.1,89,0,A0BB2#F10.A07XK$F22.A07SH
5.527,Quinoamel,Korn- og bakevarer,Korn- og bakevarer,1531,363,13,5.9,0.5,0,0,0.4,0,0,1.3,0,1.2,2.6,2.4,0.3,0,0,0,0,0,0,0,0.2,2.4,0,61.7,59.9,1.8,0,0,7,12.2,0,0,0,0,0,0,0,0.1,0.46,0.05,0.5,2.5,0.14,49,0,4,25,2.9,3,562,198,2.2,1,0.48,592,2,A04KS#F01.A059F$F02.A067Z$F03.A06JD$F28.A0C0A
5.384,"Ris, arborio, risottoris, tørr",Korn- og bakevarer,Korn- og bakevarer,1603,378,6,1,0.2,0,0,0.2,0,0,0.4,0,0.4,0.4,0.4,0,0,0,0,0,0,0,0,0,0.4,0,85.1,84.9,0.2,0,0,1,6.4,0,0,0,0,0,0,0,0,0.09,0,1.6,2.7,0.11,13,0,0,5,0.2,1,86,30,1.4,5,0.2,125,2,A001D
5.337,"Ris, basmati, kokt",Korn- og bakevarer,Korn- og bakevarer,489,115,72,0.3,0.1,0,0,0.1,0,0,0.1,0,0.1,0.1,0.1,0,0,0,0,0,0,0,0,0,0.1,0,25,24.9,0.1,0,0,0.2,3,0,0,0,0,0,0,0,0,0.02,0.01,0.3,1,0.07,2,0,0,6,0.1,0,14,9,0.5,5,0.09,33,0,A001D#F28.A07GL
5.023,"Ris, grøtris, 1 times koketid, tørr",Korn- og bakevarer,Korn- og bakevarer,1515,357,11,0.8,0.1,0,0,0.2,0,0,0.3,0,0.2,0.3,0.2,0,0,0,0,0,0,0,0,0,0.2,0,80.5,80.3,0.2,0,0,1,6.4,0,0,0,0,0,0,0,0,0.2,0.05,1.3,2.4,0.21,9,0,0,0,0.2,1,96,28,1.1,0,0.16,96,2,A001D
5.307,"Ris, grøtris, 5-25 min koketid, tørr",Korn- og bakevarer,Korn- og bakevarer,1503,354,12,0.7,0.1,0,0,0.2,0,0,0.2,0,0.2,0.2,0.2,0,0,0,0,0,0,0,0,0,0.2,0,80,76.1,3.9,0,0,1,6.5,1.7,0,0,0,0,0,0,0,0.11,0.05,1.3,2.4,0.29,7,0,0,5,0,692,64,19,1.2,3,0.16,79,2,A001D
5.336,"Ris, hurtigris, 1 % salt, kokt",Korn- og bakevarer,Korn- og bakevarer,479,113,72,0.1,0,0,0,0,0,0,0,0,0,0,0,0,0,0,0,0,0,0,0,0,0,0,25.3,25.2,0,0,0,0.5,2.6,0.1,0,0,0,0,0,0,0,0.01,0,0.2,0.7,0.06,1,0,0,4,0,57,9,5,0.5,4,0.06,45,0,A001D#F28.A07GL
5.304,"Ris, hurtigris, 1 % salt, tørr",Korn- og bakevarer,Korn- og bakevarer,1483,349,12,0.2,0,0,0,0.1,0,0,0.1,0,0.1,0.1,0,0,0,0,0,0,0,0,0,0,0,0,78.2,78.1,0.1,0,0,2,7.9,0.7,0,0,0,0,0,0,0,0.05,0,0.8,2.1,0.35,5,0,0,11,0,279,46,15,1.4,13,0.2,139,2,A001D
5.254,"Ris, hurtigris, kokt",Korn- og bakevarer,Korn- og bakevarer,492,116,71,0.2,0,0,0,0.1,0,0,0.1,0,0.1,0.1,0.1,0,0,0,0,0,0,0,0,0,0.1,0,25.3,25.1,0.2,0,0,0.8,2.7,0,0,0,0,0,0,0,0,0.04,0,1,1.9,0.07,2,0,0,25,0.1,0,30,10,0.2,0,0.05,53,0,A001D#F01.A059Y$F02.A066Q$F27.A001D$F28.A07GL
5.024,"Ris, hurtigris, tørr",Korn- og bakevarer,Korn- og bakevarer,1524,359,10,0.7,0.1,0,0,0.2,0,0,0.2,0,0.2,0.2,0.2,0,0,0,0,0,0,0,0,0,0.2,0,78.4,77.8,0.6,0,0,3,8.5,0,0,0,0,0,0,0,0,0.25,0,4.1,5.5,0.44,8,0,0,73,0.4,2,158,30,0.7,0,0.17,165,2,A001D
5.338,"Ris, jasmin, kokt",Korn- og bakevarer,Korn- og bakevarer,486,115,72,0.2,0,0,0,0.1,0,0,0.1,0,0.1,0.1,0.1,0,0,0,0,0,0,0,0,0,0.1,0,25.7,25.7,0.1,0,0,0,2.4,0,0,0,0,0,0,0,0,0.01,0.01,0.2,0.7,0.13,3,0,0,0,0,0,10,3,0.5,0,0.04,22,0,A001D#F28.A07GL
5.305,"Ris, polert, basmatiris, tørr",Korn- og bakevarer,Korn- og bakevarer,1504,354,13,1.1,0.2,0,0,0.3,0,0,0.3,0,0.3,0.3,0.2,0.1,0,0,0,0,0,0,0,0.1,0.2,0,76.8,76.6,0.2,0,0,0.5,9.2,0,0,0,0,0,0,0,0,0.15,0.05,1.3,2.8,0.42,9,0,0,18,0.4,0,76,26,1.5,14,0.27,101,2,A003D
5.306,"Ris, polert, jasminris, tørr",Korn- og bakevarer,Korn- og bakevarer,1506,355,12,0.7,0.1,0,0,0.2,0,0,0.2,0,0.2,0.2,0.2,0,0,0,0,0,0,0,0,0,0.2,0,79.6,79.4,0.2,0,0,0,7.5,0,0,0,0,0,0,0,0,0.05,0.05,0.7,2,0.75,11,0,0,0,0,1,56,10,1.6,0,0.12,68,2,A003D
5.289,"Ris, polert, langkornet, kokt",Korn- og bakevarer,Korn- og bakevarer,470,111,72,0.2,0,0,0,0.1,0,0,0.1,0,0.1,0.1,0.1,0,0,0,0,0,0,0,0,0,0.1,0,24.5,24.5,0,0,0,0.3,2.5,0,0,0,0,0,0,0,0,0.01,0.01,0.1,0.6,0.09,2,0,0,0,0,0,10,3,0.4,0,0.05,43,0,A001F#F28.A07GG$F28.A0BZV
5.212,"Ris, polert, langkornet, tørr",Korn- og bakevarer,Korn- og bakevarer,1456,343,15,0.7,0.1,0,0,0.2,0,0,0.2,0,0.2,0.2,0.2,0,0,0,0,0,0,0,0,0,0.2,0,75.9,75.8,0.1,0,0,1,7.8,0,0,0,0,0,0,0,0,0.04,0.05,0.5,1.8,0.56,9,0,0,0,0,0,52,9,1.3,0,0.14,132,2,A003D#F01.A059Z
5.125,"Ris, polert, parboiled, langkornet, kokt",Korn- og bakevarer,Korn- og bakevarer,475,112,72,0.4,0.1,0,0,0.1,0,0,0.1,0,0.1,0.1,0.1,0,0,0,0,0,0,0,0,0,0.1,0,24.5,24.3,0.1,0,0,0.5,2.5,0,0,0,0,0,0,0,0,0.04,0.01,1.2,2,0.09,2,0,0,61,0.4,0,31,13,0.2,2,0.09,59,0,A001F#F01.A059Z$F02.A066Q$F27.A001F$F28.A07GL
5.022,"Ris, polert, parboiled, langkornet, tørr",Korn- og bakevarer,Korn- og bakevarer,1473,347,14,1.2,0.2,0,0,0.3,0,0,0.4,0,0.3,0.4,0.4,0,0,0,0,0,0,0,0,0,0.4,0,75.7,75.3,0.4,0,0,1,7.7,0,0,0,0,0,0,0,0,0.24,0.05,4.7,6,0.51,8,0,0,178,1.3,1,166,38,0.8,7,0.27,182,2,A001F#F01.A059Z$F02.A066Q$F27.A001F
5.521,"Ris, sushiris, kokt",Korn- og bakevarer,Korn- og bakevarer,648,153,62,0.4,0.1,0,0,0.1,0,0,0.1,0,0.1,0.1,0.1,0,0,0,0,0,0,0,0,0,0.1,0,33.9,33.3,0.6,0,0,1,2.8,0.7,0,0,0,0,0,0,0,0.01,0,0.1,0.6,0,2,0,0,6,0.1,280,23,6,0.4,1,0.07,30,22,A001D#F01.A059Y$F02.A066Q$F27.A001D$F28.A07GL
5.255,"Ris, upolert, naturris, langkornet, kokt",Korn- og bakevarer,Korn- og bakevarer,496,117,71,0.9,0.2,0,0,0.1,0,0,0.3,0,0.3,0.3,0.3,0,0,0,0,0,0,0,0,0,0.3,0,23.5,23.4,0.1,0,0,1,3,0,0,0,0,0,0,0,0,0.06,0.01,1.4,2.4,0.1,3,0,0,4,0.4,1,53,39,0.7,5,0.09,91,0,A001E#F28.A07GL
5.021,"Ris, upolert, naturris, langkornet, tørr",Korn- og bakevarer,Korn- og bakevarer,1541,364,11,3,0.6,0,0,0.5,0.1,0,1.1,0,1.1,1.1,1,0,0,0,0,0,0,0,0,0,1,0,72.8,72.4,0.4,0,0,4,9.4,0,0,0,0,0,0,0,0,0.36,0.05,5.4,7,0.56,14,0,0,11,1.3,3,193,115,2.1,14,0.26,282,2,A001E#F01.A059Y$F02.A066Q$F27.A001E
5.34,"Ris, villris, kokt",Korn- og bakevarer,Korn- og bakevarer,483,114,71,0.3,0,0,0,0.1,0,0,0,0,0.1,0.2,0.1,0.1,0,0,0,0,0,0,0,0.1,0.1,0,22.2,21.4,0.8,0,0,2,4.5,0,0,0,0,0,3,0,0.3,0.02,0.07,1.7,3.1,0.07,23,0,0,7,0.7,2,116,60,1.9,1,0.18,140,0,A001E#F28.A07GL
5.339,"Ris, villris, tørr",Korn- og bakevarer,Korn- og bakevarer,1495,353,10,1.1,0.2,0,0,0.2,0,0,0.2,0,0.2,0.7,0.4,0.3,0,0,0,0,0,0,0,0.3,0.4,0,68.7,66.2,2.5,0,0,6,14,0,0,1,1,0,11,0,0.8,0.12,0.26,6.7,9,0.39,95,0,0,21,2,7,427,177,6,3,0.52,433,2,A001E
5.245,"Risgrøt, med helmelk",Korn- og bakevarer,Korn- og bakevarer,377,89,81,2.7,1.6,0.1,0.3,0.8,0.3,0.1,0.6,0.1,0.6,0.1,0.1,0,0,0,0,0,0,0,0,0,0,7,13.1,9.8,3.2,0,0,0.1,3.2,0.6,0,18,18,16,14,0,0,0.02,0.1,0.1,0.9,0.02,2,0.4,0,95,0,226,131,12,0.5,1,0.03,93,12,A0F0T#F04.A001D$F04.A02LY
5.128,"Risgrøt, med lettmelk",Korn- og bakevarer,Korn- og bakevarer,304,72,83,0.6,0.4,0,0.1,0.2,0.1,0,0.1,0,0.1,0,0,0,0,0,0,0,0,0,0,0,0,1,13.1,9.8,3.2,0,0,0.1,3.3,0.6,0,4,4,4,3,0.2,0,0.03,0.1,0.2,0.9,0.03,3,0.4,0,95,0,226,131,9,0.3,1,0.02,92,12,A0F0T#F04.A001D$F04.A02LZ
5.193,"Riskaker, lettsaltet",Korn- og bakevarer,Korn- og bakevarer,1437,340,17,3,0.7,0,0,0.1,0,0,1,0,1.1,1.1,1.1,0,0,0,0,0,0,0,0,0,1.1,0,67.9,67,0.9,0,0,5,8,0.3,0,0,0,0,0,0,1,0.05,0.03,4.3,5.6,0.61,20,0,0,20,1.7,100,320,100,1.5,23,0.2,330,2,A006K#F04.A042P
5.194,"Riskaker, usaltet",Korn- og bakevarer,Korn- og bakevarer,1437,340,17,3,0.7,0,0,0.1,0,0,1,0,1.1,1.1,1.1,0,0,0,0,0,0,0,0,0,1.1,0,67.9,67,0.9,0,0,5,8,0,0,0,0,0,0,0,1,0.05,0.03,4.3,5.6,0.61,20,0,0,20,1.7,0,320,100,1.5,23,0.2,330,2,A006K#F07.A06ZR
5.223,Rismel,Korn- og bakevarer,Korn- og bakevarer,1566,369,7,0.5,0.1,0,0,0.1,0,0,0.1,0,0.1,0,0,0,0,0,0,0,0,0,0,0,0,0,83.9,83.7,0.2,0,0,2,6.2,0,0,0,0,0,0,0,0,0.08,0.03,1.9,2.9,0.2,4,0,0,6,0.2,5,82,27,1,0,0.14,98,0,A003F
5.525,"Rismel, fullkorn, økologisk, Det Glutenfrie Verksted",Korn- og bakevarer,Korn- og bakevarer,1479,349,14,2.2,0.6,0,0,0.5,0,0,0.6,0,0.5,0.8,0.8,0,0,0,0,0,0,0,0,0,0.8,0,73.4,72.7,0.7,0,0,2,7.8,0,0,0,0,0,0,0,0.6,0.41,0.09,5.2,6.5,0.28,22,0,0,16,3.2,10,260,110,2,0,0.3,282,2,A003F#F02.A067Z$F03.A06JD$F10.A06HR$F18.A07NK$F21.A07SE$F27.A001D$F28.A0C0A
5.334,"Risnudler, kokt",Korn- og bakevarer,Korn- og bakevarer,760,180,59,3.1,0.4,0,0,0.3,0.1,0,1.6,0,1.6,1,0.8,0.1,0,0,0,0,0,0,0,0.1,0.8,0,34.9,34.7,0.3,0,0,0.7,2.7,0.1,0,0,0,0,0,0,0.6,0.01,0.01,0.1,0.5,0.01,0,0,0,8,0.2,41,8,5,0.3,7,0.03,65,1,A008F#F28.A07GG
5.331,"Risnudler, tørr",Korn- og bakevarer,Korn- og bakevarer,1532,361,10,0.6,0.2,0,0,0.1,0,0,0.2,0,0.2,0.2,0.1,0,0,0,0,0,0,0,0,0,0.1,0,82.2,81.6,0.6,0,0,2,6,0.5,0,0,0,0,0,0,0.1,0.03,0.02,0.2,1.2,0.02,3,0,0,18,0.7,182,30,12,0.7,15,0.08,153,3,A008F
5.207,"Rosinbolle, kjøpt",Korn- og bakevarer,Korn- og bakevarer,1490,354,22,10.2,3.2,1.3,0.5,0.8,0.2,0,4,0,3.9,2.4,1.9,0.5,0,0,0,0,0,0,0,0.5,1.9,0,55.8,39.3,16.5,9.2,9.2,4,7.7,0.4,0,0,0,0,1,0,2.3,0.21,0.08,1.3,2.6,0.1,43,0,1,20,1,162,228,26,1,3,0.13,96,0,A00BL#F04.A01ME$F22.A07SH
5.272,"Rugbrød, fint (0-25 %), kjøpt",Korn- og bakevarer,Korn- og bakevarer,1046,248,39,2.6,0.9,0.1,0.1,0.3,0.2,0,0.7,0.1,0.6,1,0.8,0.1,0,0,0,0,0,0,0,0.1,0.8,6,45.7,43,2.8,0,0,5,7.9,1,0,0,0,0,0,0,0.4,0.18,0.11,1.1,2.4,0.12,25,0,0,24,1,401,163,25,0.9,5,0.13,116,1,A005G
5.273,"Rugbrød, grovt (50-75 %), kjøpt",Korn- og bakevarer,Korn- og bakevarer,1075,255,34,1.9,0.5,0.1,0.1,0.2,0,0,0.5,0,0.5,0.7,0.6,0.1,0,0,0,0,0,0,0,0.1,0.6,0,47.4,41.2,6.1,5.5,5.5,10,6.7,0.4,0,0,0,0,0,0,0.5,0.25,0.09,1,2.2,0.12,32,0,0,23,1.5,167,281,56,1.6,1,0.18,173,0,A005H#F04.A032H$F04.A0F3D$F22.A07SH
5.026,"Rugmel, sammalt",Korn- og bakevarer,Korn- og bakevarer,1322,314,14,1.5,0.2,0,0,0.2,0,0,0.2,0,0.2,0.8,0.7,0.1,0,0,0,0,0,0,0,0.1,0.7,0,56.5,55.4,1.2,0,0,19,9.1,0,0,0,0,0,0,0,0.5,0.44,0.12,1.1,2.6,0.2,41,0,0,37,2.5,0,470,101,2.5,1,0.29,296,0,A003M
5.027,"Rugmel, siktet",Korn- og bakevarer,Korn- og bakevarer,1405,332,13,1.2,0.2,0,0,0.1,0,0,0.1,0,0.1,0.5,0.5,0.1,0,0,0,0,0,0,0,0.1,0.5,0,69,68.4,0.6,0,0,11,5.8,0,0,0,0,0,0,0,0.1,0.3,0.05,0.6,1.6,0.09,22,0,0,20,0.9,0,213,30,0.9,0,0.14,98,0,A003K
5.51,"Rullekake, med sjokoladekrem",Korn- og bakevarer,Korn- og bakevarer,1629,389,25,19.3,7.6,1.6,0.7,2.1,2.6,0,7.1,0.1,6.9,3.1,2.3,0.7,0,0,0,0.1,0,0,0,0.7,2.4,114,44.4,11.3,33.1,32.9,32.9,3,8.1,0.4,0,212,217,206,66,2.7,4.4,0.06,0.13,0.4,2.1,0.06,18,0.5,0,34,1.9,171,389,57,1.5,8,0.38,164,23,A00BB#F04.A031G$F04.A032R$F04.A03HG$F04.A0F1G$F22.A07SS
5.105,"Rullekake, med smørkrem",Korn- og bakevarer,Korn- og bakevarer,1635,390,26,19,7.1,1.8,0.7,1.8,2.2,0,7.1,0.1,6.8,3.3,2.4,0.8,0,0,0,0.1,0,0,0,0.8,2.5,126,47.8,11.4,36.4,36.1,36.1,0.8,6.6,0.5,0,232,238,227,68,3,4.8,0.06,0.12,0.2,1.7,0.06,16,0.6,0,27,1,184,79,10,0.7,8,0.05,115,25,A00BB#F04.A031G$F04.A032R$F04.A0F1G$F22.A07SS
5.323,"Rullekake, med smørkrem, kjøpt",Korn- og bakevarer,Korn- og bakevarer,1690,402,17,13.9,6.3,0.2,0.6,4.1,0.9,0.2,4.9,0.2,4.6,1.6,1.3,0.2,0,0,0,0,0,0,0,0.2,1.2,41,63.4,14.1,49.3,49.2,49.2,0.9,5.3,0.6,0,55,56,52,26,0.9,2.4,0.06,0.07,0.3,1.4,0.03,4,0.1,0,37,0.4,229,51,15,0.3,2,0.04,88,8,A00BB#F02.A0ERC$F04.A031G$F04.A032R$F04.A0F1G$F12.A009K$F22.A07SH$F28.A07GX
5.104,"Rullekake, med syltetøy",Korn- og bakevarer,Korn- og bakevarer,1045,247,42,3.7,1,0,0,0.7,0.3,0,1.3,0.1,1.2,0.9,0.7,0,0,0,0,0.1,0,0,0,0.1,0.8,103,46.3,12,34.3,33.2,33.2,1,6.4,0.2,0,45,45,45,3,0.8,1.9,0.06,0.12,0.3,1.7,0.06,16,0.4,5,26,0.9,68,104,13,0.6,7,0.06,108,19,A00BB#F04.A01MM
5.216,"Rundstykke, fint, halvstekt, kjøpt, stekt",Korn- og bakevarer,Korn- og bakevarer,1150,272,34,3.2,1,0.4,0.1,0.3,0.1,0,1,0,1,1,0.9,0.1,0,0,0,0,0,0,0,0.1,0.9,0,50,49.7,0.2,0,0,4,9.1,0.7,0,0,0,0,0,0,0.9,0.25,0.06,1.3,2.8,0.1,36,0,1,16,0.9,295,156,27,0.9,1,0.12,100,0,A004Y#F17.A0CQX$F22.A07SH
5.552,"Rundstykke, fint, halvstekt, med salt tilsatt jod, kjøpt",Korn- og bakevarer,Korn- og bakevarer,1150,272,34,3.2,1,0.4,0.1,0.3,0.1,0,1,0,1,1,0.9,0.1,0,0,0,0,0,0,0,0.1,0.9,0,50,49.7,0.2,0,0,4,9.1,0.7,0,0,0,0,0,0,0.9,0.25,0.06,1.3,2.8,0.1,36,0,1,16,0.9,295,156,27,0.9,1,0.12,100,18,A004Y#F09.A0EXA$F17.A0CQX$F22.A07SH
5.064,"Rundstykke, fint, kjøpt",Korn- og bakevarer,Korn- og bakevarer,1169,277,33,3.3,1,0.4,0.1,0.3,0.1,0,1,0,1,1,0.9,0.1,0,0,0,0,0,0,0,0.1,0.9,0,50.8,50.5,0.2,0,0,4,9.2,0.7,0,0,0,0,0,0,0.9,0.21,0.06,1.3,2.9,0.09,30,0,1,16,1,300,158,28,0.9,1,0.12,101,0,A004Y#F04.A0F1G$F22.A07SH
5.206,"Rundstykke, fint, med skummet melk, hjemmebakt",Korn- og bakevarer,Korn- og bakevarer,1159,275,36,5.2,1.4,0.2,0.1,0.6,0.3,0,2,0,2,1.4,1.2,0.2,0,0,0,0,0,0,0,0.2,1.2,2,45.8,43.6,2.2,0,0,3,9.5,0.5,0,24,25,23,12,0.3,1,0.22,0.13,1.3,3,0.1,36,0.2,1,72,0.9,192,219,29,1.1,1,0.11,142,7,A004Y#F04.A02MA$F04.A0F1G$F22.A07SS
5.3,"Rundstykke, fint, med vann, hjemmebakt",Korn- og bakevarer,Korn- og bakevarer,1098,260,40,5.2,1.4,0.2,0.1,0.6,0.3,0,2,0,2,1.4,1.2,0.2,0,0,0,0,0,0,0,0.2,1.2,2,43.8,43.6,0.2,0,0,3,8,0.4,0,23,24,23,11,0.3,1,0.2,0.07,1.3,2.6,0.08,35,0,1,14,0.9,174,143,24,0.9,1,0.1,91,0,A004Y#F04.A0F1G$F22.A07SS
5.215,"Rundstykke, grovt, halvstekt, kjøpt, stekt",Korn- og bakevarer,Korn- og bakevarer,1218,289,31,5.3,1.6,0.1,0.1,1.4,0.2,0,2,0.1,1.9,1.4,1.1,0.2,0,0,0,0,0,0,0,0.2,1.1,0,48.7,46,2.7,0,0,7,8.4,1.3,0,0,0,0,0,0,1.3,0.22,0.13,1.9,3.3,0.07,35,0,0,34,1,519,201,32,1.1,3,0.12,138,0,A005E#F04.A001M$F10.A06HR$F17.A0CQX$F22.A07SH
5.271,"Rundstykke, grovt, kjøpt",Korn- og bakevarer,Korn- og bakevarer,1082,257,40,5.1,1.8,0.7,0.3,0.4,0.1,0,1.8,0,1.7,1.3,1.1,0.2,0,0,0,0,0,0,0,0.2,1.1,0,42.1,41.9,0.3,0,0,5,8.2,0.8,0,0,0,0,0,0,1.3,0.23,0.07,1.7,3.2,0.1,34,0,1,16,1.2,320,178,36,1.1,1,0.13,118,0,A005E#F02.A06CN$F04.A001M$F22.A07SH
5.553,"Rundstykke, grovt, med salt tilsatt jod, kjøpt",Korn- og bakevarer,Korn- og bakevarer,1082,257,40,5.1,1.8,0.7,0.3,0.4,0.1,0,1.8,0,1.7,1.3,1.1,0.2,0,0,0,0,0,0,0,0.2,1.1,0,42.1,41.9,0.3,0,0,5,8.2,0.8,0,0,0,0,0,0,1.3,0.23,0.07,1.7,3.2,0.1,34,0,1,16,1.2,320,178,36,1.1,1,0.13,118,16,A005E#F02.A06CN$F04.A001M$F22.A07SH
5.067,"Rundstykke, grovt, med skummet melk, hjemmebakt",Korn- og bakevarer,Korn- og bakevarer,1125,267,37,5.4,1.5,0.2,0.1,0.6,0.3,0,2,0,2,1.5,1.3,0.2,0,0,0,0,0,0,0,0.2,1.3,2,42.2,39.8,2.4,0,0,6,9.6,3.8,0,24,25,23,12,0.3,1.1,0.23,0.11,1.9,3.7,0.12,12,0.2,0,77,1.4,1529,276,54,1.2,1,0.16,188,7,A005E#F02.A06CN$F04.A001M$F04.A02MA$F22.A07SS
5.301,"Rundstykke, grovt, med vann, hjemmebakt",Korn- og bakevarer,Korn- og bakevarer,1079,256,40,5.4,1.4,0.2,0.1,0.6,0.3,0,2.1,0,2,1.5,1.3,0.2,0,0,0,0,0,0,0,0.2,1.3,2,40.5,40.2,0.4,0,0,6,8.4,0.4,0,23,24,23,11,0.3,1.1,0.28,0.08,2.3,3.8,0.12,38,0,0,19,1.5,174,217,48,1.4,1,0.16,148,0,A005E#F02.A06CN$F04.A001M$F22.A07SS
5.066,"Rundstykke, mellomgrovt, med skummet melk, hjemmebakt",Korn- og bakevarer,Korn- og bakevarer,1147,272,36,5.3,1.5,0.2,0.1,0.6,0.3,0,2,0,2,1.4,1.2,0.2,0,0,0,0,0,0,0,0.2,1.2,2,44.1,41.8,2.3,0,0,5,9.7,0.7,0,24,25,23,12,0.3,1,0.26,0.14,1.8,3.6,0.12,38,0.2,1,75,1.2,271,257,41,1.3,1,0.13,171,7,A005D#F02.A06CN$F04.A001M$F04.A02MA$F10.A0EZZ$F22.A07SS
5.302,"Rundstykke, mellomgrovt, med vann, hjemmebakt",Korn- og bakevarer,Korn- og bakevarer,1087,258,40,5.3,1.4,0.2,0.1,0.6,0.3,0,2,0,2,1.4,1.2,0.2,0,0,0,0,0,0,0,0.2,1.2,2,42.2,41.9,0.3,0,0,5,8.2,0.7,0,23,24,23,11,0.3,1,0.23,0.07,1.7,3.2,0.1,34,0,1,17,1.2,292,179,36,1.1,1,0.13,119,0,A005D#F02.A06CN$F04.A001M$F10.A0EZZ$F22.A07SS
5.54,"Rundstykkemiks, glutenfri, økologisk, pulver, Det Glutenfrie Verksted",Korn- og bakevarer,Korn- og bakevarer,1817,436,13,23.2,3.3,0.1,0,2.1,1,0,6.8,0,6.7,12,7.9,0,0,0,0,0,0,0,0,4.1,7.9,0,31.7,30.9,0.8,0,0,14,18.4,1.4,0,0,0,0,0,0,6.7,0.64,0.08,1.9,5,0.25,79,0,0,119,5.5,553,510,222,4.4,0,0.84,433,31,A0CSK#F02.A0ERD$F04.A015F$F10.A0B8L$F18.A07NK$F21.A07SE$F28.A07KG
5.49,"Rundstykker, av pulver, grove, glutenfrie",Korn- og bakevarer,Korn- og bakevarer,1140,272,39,8.5,1.2,0,0,0.9,0.2,0,2.3,0,2.3,4,2.6,1.4,0,0,0,0,0,0,0,1.4,2.6,0,35.1,34.1,1,0.1,0.1,8,9.9,1,0,0,0,0,0,0,1,0.34,0.07,1,2.7,0.09,22,0,0,47,2.8,411,307,121,1.9,2,0.34,335,0,A0BY0#F02.A06CN$F10.A06HR$F10.A0B8L$F28.A07MR
5.493,"Rundstykker, fiber, glutenfrie, kjøpt",Korn- og bakevarer,Korn- og bakevarer,1124,268,38,6.9,0.7,0,0,0.5,0.2,0,2.2,0,2.1,2.9,2.2,0.7,0,0,0,0,0,0,0,0.7,2.2,0,43.7,40.2,3.5,2,2,7,4,0.9,0,0,0,0,0,0,1.1,0.25,0.06,1.2,1.8,0.1,35,0,0,43,0.8,900,101,46,0.8,3,0.23,110,0,A0BY0#F02.A06CN$F10.A06HR$F10.A0B8L
5.492,"Rundstykker, fine, glutenfrie, kjøpt ",Korn- og bakevarer,Korn- og bakevarer,971,229,45,2,0.2,0,0,0.1,0,0,1.1,0,1,0.5,0.3,0.1,0,0,0,0,0,0,0,0.1,0.3,0,49.9,48.1,1.8,1,1,1,2.2,1.4,0,0,0,0,0,0,0.4,0.2,0.09,1,1.3,0.05,40,0,0,18,0.1,560,57,8,0.3,0,0.11,47,1,A0BY0#F02.A06CN$F10.A07XK$F10.A0B8L
1.195,Rømmegrøt,Korn- og bakevarer,Korn- og bakevarer,849,204,68,15.1,9.5,0.5,1.5,4.3,1.6,0.4,3.6,0.3,3.1,0.5,0.3,0.1,0,0,0,0,0,0,0,0.1,0.2,37,12.4,8.6,3.8,0,0,0.6,4.4,0.8,0,199,206,192,87,0.1,0.4,0.04,0.14,0.2,1.1,0.02,4,0.4,0,112,0.2,310,166,14,0.4,1,0.03,104,14,A0F0V#F04.A001N$F04.A02NB
5.463,"Sandkake, småkake",Korn- og bakevarer,Korn- og bakevarer,2141,514,10,31.9,16.1,0.7,2.4,7.5,2.7,0.7,10.2,0.6,9.2,2.5,2.3,0.1,0,0,0,0,0,0,0,0.1,2,84,46.6,27.3,19.3,18.4,18.4,3,8.7,0.4,0,207,217,197,122,3.1,3.9,0.11,0.1,0.9,2.5,0.07,12,0.1,1,46,1,143,174,47,0.8,4,0.19,129,12,A009X#F02.A06DN
5.412,Sarah Bernhard-kake,Korn- og bakevarer,Korn- og bakevarer,1972,473,18,30.3,12,0.4,1.4,5.7,2.8,0.4,12,0.4,11.4,3.3,3.1,0.1,0,0,0,0,0,0,0,0.1,3,88,40.5,0.6,39.9,36.7,36.7,3,8.1,0.6,0,155,161,148,82,2.2,6.5,0.06,0.29,0.5,2.1,0.06,28,0.4,0,92,1.7,234,270,78,1.3,5,0.37,267,18,A00AN#F04.A014D$F04.A031G$F04.A032J$F04.A039C$F04.A0EQD$F28.A07GX
5.485,"Scones, fin, glutenfri",Korn- og bakevarer,Korn- og bakevarer,1316,313,27,8.4,4.4,0.6,0.6,1.5,1,0.1,2.6,0.1,2.4,0.8,0.5,0.2,0,0,0,0,0,0,0,0.2,0.5,11,52.2,49.4,2.8,1.8,1.8,10,2.1,0.9,0,76,79,73,39,1.1,0.6,0.19,0.26,2.3,2.8,0.2,12,0.1,0,59,3.7,361,66,9,0.4,0,0.03,251,5,A00CM#F02.A06DT$F10.A07XK$F10.A0B8L$F28.A0BA1
5.489,"Scones, grov, glutenfri",Korn- og bakevarer,Korn- og bakevarer,1220,290,36,8.8,4.5,0.6,0.6,1.6,1,0.1,2.6,0.1,2.5,0.9,0.7,0.2,0,0,0,0,0,0,0,0.2,0.6,11,48,44.7,3.3,0,0,5,2.3,0.9,0,76,79,73,39,1.1,0.6,0.14,0.35,2.5,3.1,0.12,13,0.1,2,75,5.2,367,70,10,0.4,2,0.05,252,11,A00CM#F02.A06DT$F10.A06HR$F10.A0B8L$F28.A0BA1
5.413,"Scones, grov, med melk",Korn- og bakevarer,Korn- og bakevarer,1251,297,33,8.1,1,0,0.1,0.6,0.2,0,4.1,0,4,2.4,1.9,0.5,0,0,0,0,0,0,0,0.5,1.9,1,44.7,39,5.7,3.5,3.5,5,9.1,1.3,0,4,4,4,4,0.1,1.7,0.19,0.09,1.3,3,0.09,8,0.2,0,93,1.2,506,242,44,1,1,0.14,319,7,A00CM#F04.A02LV
5.414,"Scones, grov, med yoghurt",Korn- og bakevarer,Korn- og bakevarer,1088,258,39,5,1.4,0.1,0.2,0.7,0.2,0,0.9,0,0.8,2,1.7,0.3,0,0,0,0,0,0,0,0.3,1.7,4,40.7,34.8,6,0,0.9,6,9.6,1.7,0,19,19,18,9,0,0.5,0.23,0.12,1.7,3.6,0.12,13,0.2,0,134,1.6,667,329,59,1.4,2,0.19,465,8,A00CM#F04.A02NF
5.029,"Semulegryn, hvetegryn",Korn- og bakevarer,Korn- og bakevarer,1438,339,16,2,0.2,0,0,0.3,0,0,0.3,0,0.2,0.9,0.8,0.1,0,0,0,0,0,0,0,0.1,0.8,0,69.1,67.5,1.6,0,0,3,10,0,0,0,0,0,3,0,0.8,0.18,0.03,0.9,2.6,0.08,14,0,5,17,0.8,1,136,17,1,5,0.15,145,0,A004F#F02.A068C$F03.A06JC$F27.A001M$F28.A0C03
10.152,Semulegrøt,Korn- og bakevarer,Korn- og bakevarer,500,119,77,5.5,3.4,0.2,0.5,1.6,0.6,0.2,1.3,0.1,1.1,0.2,0.1,0,0,0,0,0,0,0,0,0,0.1,14,13.1,5.5,7.6,2.9,2.9,0.2,4.3,0.2,0,39,41,37,29,0.2,0.1,0.02,0.14,0.1,1,0.01,3,0.6,0,134,0.1,96,181,13,0.5,1,0.03,125,17,A0F0T#F02.A06DX$F04.A02LT$F04.A0ETL$F10.A07VP
5.106,Serinakaker,Korn- og bakevarer,Korn- og bakevarer,1863,445,16,22.6,8.8,1.1,1.1,3.2,1.9,0.2,8.4,0.2,8.1,3.6,2.8,0.7,0,0,0,0,0,0,0,0.8,2.7,64,51.6,29.1,22.5,22,22,2,7.8,0.4,0,208,215,201,86,2.9,3.6,0.1,0.08,0.6,2.1,0.06,10,0.2,1,26,0.9,141,121,24,0.6,4,0.1,97,11,A009Y
5.107,Sirupskake,Korn- og bakevarer,Korn- og bakevarer,1114,263,34,1,0.3,0,0,0.2,0,0,0.1,0,0.1,0.4,0.3,0,0,0,0,0,0,0,0,0,0.3,1,55.5,30.2,25.2,19.1,19.1,3,6.8,0.1,0,2,2,2,2,0.1,0.3,0.1,0.07,0.6,1.9,0.06,4,0.2,1,76,0.8,24,238,27,0.5,2,0.13,103,6,A00CR#F04.A003Y$F04.A01ME$F04.A01QC$F04.A02LY$F04.A032J$F04.A034E$F04.A0EZM
5.464,"Sirupssnipper, småkake",Korn- og bakevarer,Korn- og bakevarer,1711,408,16,15.7,7.2,0.6,1.1,3.1,1.3,0.3,5.3,0.2,5,1.8,1.5,0.2,0,0,0,0,0,0,0,0.2,1.4,23,57.8,30.4,27.4,26.5,26.5,3,7.4,0.6,0,108,113,103,60,1,2.2,0.1,0.08,0.8,2.1,0.06,7,0.1,1,51,0.8,222,177,40,0.6,2,0.18,99,3,A009X#F02.A06DN$F04.A033Z
5.415,Sitronterte,Korn- og bakevarer,Korn- og bakevarer,1538,369,36,22.8,13.3,0.6,2,6.2,2.3,0.6,5.9,0.5,5,1.2,0.9,0.1,0,0,0,0.1,0,0,0,0.1,0.8,134,33.8,15,18.7,18,18.2,1,6.6,0.3,0,201,209,192,103,2.7,1.8,0.07,0.12,0.3,1.7,0.06,13,0.4,7,31,0.8,132,109,13,0.5,7,0.06,95,22,A00BV#F04.A01BY$F04.A02ML$F04.A031G$F04.A032J$F04.A039C
5.108,"Sjokoladekake, med glasur",Korn- og bakevarer,Korn- og bakevarer,1462,347,25,9.9,4.2,0.5,0.5,1.6,1,0.1,3.5,0.1,3.3,1.4,1.1,0.3,0,0,0,0,0,0,0,0.3,1.1,30,59.5,13.3,46.2,45.3,45.3,1,4.3,0.3,0,93,96,90,40,1.3,1.3,0.05,0.06,0.3,1.1,0.03,5,0.2,0,34,0.6,109,154,20,0.5,2,0.11,71,8,A00BG#F04.A02LY$F04.A031G$F28.A07HP$F28.A07MA
5.324,"Sjokoladekake, med glasur, kjøpt",Korn- og bakevarer,Korn- og bakevarer,1837,439,17,22,6.4,2.3,0.9,1.6,0.8,0,9.9,0.1,9.6,4.6,3.4,1.2,0,0,0,0,0,0,0,1.2,3.4,23,54.2,19,35.2,34.8,34.8,2,4.9,1.8,0,11,11,11,3,0.2,3.7,0.06,0.05,0.4,1.3,0.04,6,0.1,0,27,0.9,722,241,36,0.8,2,0.22,85,5,A00BG#F02.A0ERC$F04.A0C6B$F22.A07SH$F28.A07HP
5.486,"Sjokoladekake, med ostekrem, glutenfri",Korn- og bakevarer,Korn- og bakevarer,1838,439,18,22.2,6.8,0.2,0.8,3.3,1.4,0.2,8.1,0.2,7.7,5.8,5.2,0.6,0,0,0,0,0,0,0,0.6,5.1,58,55.7,12.7,43,42.6,42.6,1,3.6,0.4,0,90,93,86,46,0.9,5,0.02,0.07,0.2,1,0.03,7,0.2,0,31,0.7,163,165,24,0.7,4,0.15,123,12,A00BG#F02.A0ERC$F04.A02QZ$F04.A039C$F04.A0C6B$F10.A0B8L$F28.A07HM
5.484,"Sjokoladekake, med smørkrem, glutenfri",Korn- og bakevarer,Korn- og bakevarer,1574,376,28,18.1,9.2,0.7,1.2,3.8,2.1,0.3,5.5,0.3,5.1,1.7,1.2,0.3,0,0,0,0,0,0,0,0.3,1.2,80,49.1,11.3,37.8,36.4,36.4,1,3.5,0.4,0,164,170,158,76,2.4,1.9,0.04,0.12,0.4,1.2,0.04,10,0.3,0,41,1.4,159,121,17,0.5,4,0.11,80,15,A00BG#F02.A0ERC$F04.A039C$F04.A0C6B$F10.A0B8L$F28.A07HM
5.201,"Sjokoladekake, uten glasur",Korn- og bakevarer,Korn- og bakevarer,1468,351,32,16.6,6.9,0.8,0.8,2.6,1.7,0.1,5.9,0.1,5.6,2.4,1.8,0.5,0,0,0,0,0,0,0,0.5,1.8,57,42,21.6,20.5,19.4,19.4,2,7.1,0.5,0,185,190,178,75,2.2,2.8,0.1,0.1,0.5,1.9,0.06,16,0.3,1,52,1,197,241,33,0.9,4,0.19,172,13,A00BG#F04.A02LY$F04.A0F1G
5.109,"Skolebrød, med melisglasur, eggekrem, kokos, kjøpt",Korn- og bakevarer,Korn- og bakevarer,1355,322,31,10.9,4.6,2,0.8,0.9,0.3,0,3.6,0,3.5,2.1,1.7,0.4,0,0,0,0,0,0,0,0.4,1.7,9,47.2,32.9,14.3,13.3,13.3,3,7.3,0.3,0,6,5,5,2,0.1,2,0.17,0.09,1.1,2.4,0.08,35,0.1,1,32,0.8,137,167,23,0.9,2,0.11,98,4,A00BL#F04.A014K$F04.A02PX$F28.A07HM
5.073,Skonrokk,Korn- og bakevarer,Korn- og bakevarer,1575,374,8,6.9,1.5,0.3,0.1,0.6,0.4,0,2.7,0.1,2.5,2,1.7,0.4,0,0,0,0,0,0,0,0.4,1.7,0,58.9,55,3.9,2.6,2.6,13,12.6,2.3,0,36,36,34,15,0.5,1.5,0.57,0.21,4.6,6.9,0.24,94,0.1,0,52,3.1,926,459,100,3,2,0.29,308,2,A006M#F02.A06CS
5.11,Smultringer,Korn- og bakevarer,Korn- og bakevarer,2243,539,9,35.8,20.6,4.1,2.4,5.4,7.6,0.2,10.2,0.2,9,2.6,1.8,0.1,0,0,0,0,0,0,0,0.1,1.8,55,46.1,27.4,18.7,17.6,17.6,2,7,0.1,0,110,114,106,49,0.3,1.4,0.11,0.1,0.5,1.9,0.06,11,0.3,1,43,0.7,25,117,18,0.6,3,0.07,97,11,A00CK#F04.A02ML$F04.A02NB$F28.A07GV
5.416,Snickerskake,Korn- og bakevarer,Korn- og bakevarer,1785,427,19,21.6,8.3,0.6,0.7,3.9,2,0.2,9.5,0.2,8.9,1.9,1.8,0.1,0,0,0,0,0,0,0,0.1,1.8,67,47.8,6.7,41.2,38.5,38.5,3,8.9,0.8,0,62,64,60,27,1.1,2.4,0.22,0.1,2.5,4.2,0.15,21,0.4,0,48,1.3,323,203,50,1,6,0.24,206,15,A00AN#F04.A009V$F04.A015H$F04.A031G$F04.A032J$F04.A039C$F04.A0EQD$F28.A07GX
5.224,Sorghum,Korn- og bakevarer,Korn- og bakevarer,1521,359,13,3.3,0.4,0,0,0.5,0.1,0,1.1,0,1,1.4,1.3,0.1,0,0,0,0,0,0,0,0.1,1.3,0,69.8,69.5,0.3,0,0,3,11,0,0,0,0,0,0,0,0.8,0.38,0.15,0.4,2.2,0.75,27,0,0,28,4.4,3,350,162,2,5,0.53,287,2,A001L
6.087,Soyamel,Korn- og bakevarer,Korn- og bakevarer,1873,450,7,22.4,2.7,0,0.1,2,0.7,0,3.8,0.1,3.8,11.4,10.1,1.3,0,0,0,0,0,0,0,1.5,11.3,0,18.7,12.3,6.4,0,0,18,34.3,0,0,0,0,0,0,0,4.3,0.38,0.26,1.9,7.6,0.4,245,0,0,182,8.4,1,1867,245,4.1,7,1.31,668,2,A04KT
6.196,"Soyamel, med mindre fett",Korn- og bakevarer,Korn- og bakevarer,1550,369,11,8.9,1.3,0,0,0.9,0.4,0,1.5,0,1.4,4.2,3.7,0.6,0,0,0,0,0,0,0,0.6,3.7,0,14.5,5.2,9.3,0,0,16,49.8,0,0,2,4,0,24,0,0.6,1.09,0.28,3,11.3,1.05,289,0,0,285,8.2,9,2090,285,4.1,59,1.6,675,0,A04KT#F10.A077C
5.495,"Speltmel, siktet",Korn- og bakevarer,Korn- og bakevarer,1466,346,13,1.7,0.3,0,0,0.2,0,0,0.3,0,0.2,0.9,0.8,0,0,0,0,0,0,0,0,0,0.8,0,66.2,65.9,0.3,0,0,4,14.3,0,0,0,0,0,0,0,0.5,0.31,0.04,1.3,3.7,0.11,28,0,3,21,1.3,0,188,39,1.2,3,0.19,153,0,A004J#F02.A067Z$F03.A06JD$F10.A07XK$F27.A001R$F28.A0C0A
5.111,Sukkerbrød,Korn- og bakevarer,Korn- og bakevarer,1241,294,33,6.1,1.7,0,0,1.2,0.4,0,2.2,0.1,2,1.3,1.1,0.1,0,0,0,0.1,0,0,0.1,0.1,1.2,169,48.8,19.7,29.1,28.9,28.9,1,10.4,0.3,0,74,74,74,0,1.3,2.9,0.09,0.19,0.4,2.7,0.08,20,0.7,0,38,1.4,112,129,17,1,12,0.08,169,32,A00AQ
5.113,"Sukkerbrød, med eggekrem, bær, gele",Korn- og bakevarer,Korn- og bakevarer,556,132,72,3.9,1.9,0.1,0.2,1,0.4,0.1,1.1,0.1,1,0.4,0.3,0,0,0,0,0,0,0,0,0,0.3,46,20.2,4.2,16,13.5,13.8,0.7,3.7,0.1,0,42,42,40,17,0.4,0.8,0.04,0.08,0.2,1,0.04,16,0.3,14,39,0.4,34,99,8,0.3,3,0.04,67,11,A00AY#F04.A01DT$F28.A07HM$F28.A07MA
5.417,Suksessterte,Korn- og bakevarer,Korn- og bakevarer,1800,433,29,30,13.5,0.6,1.9,6.4,2.3,0.6,10.6,0.5,9.8,2.7,2.5,0.1,0,0,0,0.1,0,0,0,0.1,2.4,124,32.9,0,32.9,31.3,31.3,2,6.9,0.3,0,222,230,212,112,2.5,5.3,0.04,0.26,0.3,1.7,0.05,25,0.5,0,68,1,118,161,45,0.9,7,0.18,141,24,A00BD#F02.A0ERC$F04.A014F$F04.A031S$F04.A032J$F04.A036A$F04.A039C$F28.A07GX
5.418,Sveler,Korn- og bakevarer,Korn- og bakevarer,1010,239,44,3.6,1.4,0.1,0.1,0.8,0.3,0.1,1,0.1,0.9,0.7,0.6,0,0,0,0,0,0,0,0,0.1,0.6,50,42.7,25.9,16.9,14.2,14.2,2,8.1,0.7,0,41,41,40,10,0.4,1,0.11,0.14,0.5,2.2,0.07,11,0.4,1,84,0.8,297,192,22,0.8,5,0.07,126,18,A00CJ#F04.A003Y$F04.A02NY$F04.A031G$F04.A032J$F04.A048Q$F28.A0EJY
5.382,Tacoskjell,Korn- og bakevarer,Korn- og bakevarer,1933,462,12,23.4,2.1,0,0,1,0.7,0,16.8,1.1,6.7,3.5,3.4,0.1,0,0,0,0,0,0,0,0.1,3.6,0,55.3,54.4,0.9,0,0,4,5.7,0.6,0,0,0,0,0,0,10.3,0.12,0.04,1,2,0.16,11,0,0,49,1.2,238,190,45,0.7,2,0.09,120,0,A006V#F28.A07GV
5.499,"Tebriks, tebirkes",Korn- og bakevarer,Korn- og bakevarer,1273,303,35,9.7,5.4,0.2,0.8,2.5,0.9,0.2,2.3,0.2,2,0.9,0.8,0.1,0,0,0,0,0,0,0,0.1,0.7,38,43.1,41.4,1.7,0.6,0.6,3,9.2,0.6,0,73,76,70,41,1.1,0.8,0.23,0.13,1.4,3.1,0.1,48,0.2,1,45,1,250,188,27,1.2,3,0.11,127,9,A00BK#F02.A06DQ$F12.A008L$F28.A0BA1
5.482,Teffmel,Korn- og bakevarer,Korn- og bakevarer,1438,340,12,0.6,0.1,0,0,0.1,0,0,0.2,0,0.2,0.2,0.1,0.1,0,0,0,0,0,0,0,0.1,0.1,0,69.1,66.3,2.8,0,0,7,10.8,0,0,0,0,0,5,0,0.1,0.39,0.27,3.4,5.2,0.48,0,0,0,145,7.1,2,356,162,2.8,0,0.65,352,0,A000A#F01.A059P$F02.A066Q$F27.A000A
5.115,"Terte, uten fyll",Korn- og bakevarer,Korn- og bakevarer,2131,510,7,28.4,11.8,1.6,1.6,4.2,2.6,0.3,10.1,0.2,9.6,4.2,3.2,1,0,0,0,0,0,0,0,1,3.1,55,54.5,37.1,17.4,17,17,2,8,0.5,0,275,285,265,120,3.8,3.5,0.12,0.06,0.7,2.1,0.07,7,0.1,1,20,0.8,220,120,21,0.6,3,0.09,88,9,A00CC
5.248,"Tortilla, maislefse",Korn- og bakevarer,Korn- og bakevarer,1289,305,26,3.7,0.4,0,0,0.4,0.1,0,1.5,0,1.4,1.4,1.3,0.1,0,0,0,0,0,0,0,0.1,1.3,0,60.9,60.2,0.7,0,0,5,4.8,1.4,0,7,13,0,80,0,1.2,0.09,0.04,0.8,1.3,0.07,5,0,0,12,1.2,578,145,43,0.8,0,0.09,184,0,A006V
5.381,"Tortilla, wraps/burrito, hvetemel",Korn- og bakevarer,Korn- og bakevarer,1096,260,40,4.8,1.3,0,0,1,0.3,0,2,0,2.1,1.2,1,0.2,0,0,0,0,0,0,0,0.2,1,0,44.8,43,1.9,0,0,2,8.5,1.8,0,0,0,0,0,0,0.4,0.12,0.02,0.9,2.3,0.08,8,0,0,15,0.9,720,150,22,0.6,2,0.13,156,0,A006V#F04.A003X
5.082,"Tykklefse, påsmurt, kjøpt",Korn- og bakevarer,Korn- og bakevarer,1673,400,25,20.7,8.5,2,1.3,2.4,1.4,0.1,7.6,0.1,7.3,3.4,2.5,0.8,0,0,0,0,0,0,0,0.8,2.5,13,47.4,25.3,22.2,21.1,21.1,2,5.2,0.4,0,147,152,141,67,1.7,3.6,0.08,0.04,0.5,1.4,0.04,3,0.1,0,34,0.4,167,105,14,0.3,1,0.06,68,5,A00CM#F04.A003Y$F04.A02LY$F04.A032J$F04.A039D$F28.A07MA
5.081,"Tykklefse, uten fyll",Korn- og bakevarer,Korn- og bakevarer,1430,340,27,10.6,4,1.7,0.7,0.8,0.2,0,4,0,3.9,2.2,1.7,0.5,0,0,0,0,0,0,0,0.5,1.7,0,53.5,32.8,20.7,19.4,19.4,2,6.7,0.3,0,1,1,1,1,0.1,2.4,0.1,0.05,0.6,1.8,0.06,4,0.1,1,42,0.6,115,133,19,0.5,1,0.08,87,4,A00CM#F04.A003Y$F04.A02LY$F04.A032J$F04.A039D
5.349,"Vafler, av pulver",Korn- og bakevarer,Korn- og bakevarer,1062,254,52,12.6,3.7,0.4,0.4,1.4,0.8,0.1,5.5,0.1,5.4,2.6,2.2,0.5,0,0,0,0,0,0,0,0.5,2.2,40,29.1,21.1,8,6.8,6.8,1,5.4,0.6,0,73,76,71,31,1,2,0.08,0.07,0.4,1.4,0.04,6,0.1,1,53,0.5,244,94,15,0.4,4,0.05,90,5,A00CQ#F02.A06DT$F12.A008V$F28.A07MR$F28.A0BA1
5.35,"Vafler, glutenfrie, av pulver, Toro",Korn- og bakevarer,Korn- og bakevarer,1658,395,23,17.4,1.7,0,0,0.9,0.5,0,10.1,0,9.9,4.5,3.1,1.3,0,0,0,0,0,0,0,1.3,3.1,68,55.7,43.6,12.1,10,10,0.3,3.7,1,0,178,183,173,62,2.2,3.2,0.04,0.14,0.3,1,0.08,7,0.4,3,80,0.4,397,113,10,0.4,0,0.03,179,10,A00CQ#F02.A06DT$F10.A0B8L$F12.A008V$F28.A07MR$F28.A0BA1
5.387,"Vafler, grove",Korn- og bakevarer,Korn- og bakevarer,941,224,54,8.5,2.5,0.2,0.2,1.2,0.6,0,3.4,0.1,3.3,1.8,1.5,0.2,0,0,0,0.1,0,0,0,0.2,1.6,85,26.8,18.2,8.7,5.8,5.8,2,8.9,1,0,65,66,64,15,1.3,2.2,0.12,0.18,0.6,2.5,0.08,13,0.6,0,108,1.1,386,218,28,1,6,0.09,227,25,A00CQ#F04.A004B$F04.A00DH$F04.A02LZ$F07.A072M
5.247,"Vafler, med egg",Korn- og bakevarer,Korn- og bakevarer,892,212,57,8.5,2.7,0.2,0.2,1.2,0.6,0,3.4,0.1,3.3,1.7,1.4,0.2,0,0,0,0,0,0,0,0.3,1.5,53,26,19.1,6.9,4.2,4.2,1,7.3,0.5,0,60,61,58,22,1,1.8,0.08,0.14,0.4,1.9,0.06,9,0.5,0,93,0.7,181,175,17,0.6,4,0.06,155,19,A00CQ#F04.A02LZ$F04.A031G
5.288,"Vafler, med egg, uten fett",Korn- og bakevarer,Korn- og bakevarer,812,192,55,2.8,1,0,0.1,0.6,0.2,0,0.8,0.1,0.7,0.6,0.6,0,0,0,0,0,0,0,0,0.1,0.6,49,32.5,25.8,6.7,4.1,4.1,2,8.3,0.4,0,27,27,26,6,0.5,1,0.1,0.14,0.5,2.2,0.07,10,0.5,1,92,0.8,157,189,20,0.7,4,0.08,163,18,A00CQ#F04.A02MA$F04.A031G
5.086,"Vafler, med rømme, uten egg",Korn- og bakevarer,Korn- og bakevarer,1129,271,52,16,9.9,0.5,1.6,4.5,1.6,0.4,3.8,0.4,3.2,0.6,0.5,0.1,0,0,0,0,0,0,0,0.1,0.3,38,25.6,24.2,1.4,0,0,2,5.2,0.4,0,224,232,217,91,0.1,0.5,0.08,0.08,0.5,1.4,0.05,5,0.1,0,47,0.4,178,110,15,0.4,1,0.06,101,6,A00CQ#F04.A003Y$F04.A02NB$F04.A03DK$F10.A0CJK
5.18,"Vannbakkels, uten fyll",Korn- og bakevarer,Korn- og bakevarer,1634,393,37,29.1,11.6,1.4,1.4,4.5,2.6,0.2,10.5,0.3,10,4.5,3.3,0.9,0,0,0,0.1,0,0,0.1,0.9,3.4,183,21.7,21.3,0.4,0,0,1,10.5,0.5,0,300,308,291,105,4.4,5.2,0.1,0.19,0.4,2.7,0.09,19,0.6,0,38,1.3,218,133,18,0.9,11,0.08,144,33,A00AG
5.117,Vørterkake,Korn- og bakevarer,Korn- og bakevarer,1156,274,33,3,1.1,0.1,0.1,0.5,0.2,0,0.9,0,0.9,0.7,0.6,0.1,0,0,0,0,0,0,0,0.1,0.6,2,52.8,38.4,14.4,6.9,6.9,5,6.3,0.3,0,22,23,21,12,0.3,0.4,0.2,0.1,1.1,2.2,0.09,33,0.1,0,49,0.9,121,256,28,0.9,3,0.14,105,3,A00BL#F04.A003K$F04.A003Y$F04.A02LY$F04.A034E$F04.A03EY
5.118,"Wienerbrød, med eggekrem",Korn- og bakevarer,Korn- og bakevarer,1619,388,31,23.2,8.8,1.1,1.1,3.2,1.9,0.2,9,0.2,8.6,3.6,2.8,0.7,0,0,0,0,0,0,0,0.7,2.8,56,37.2,18.2,18.9,17,17,2,6.8,0.4,0,201,208,194,86,2.9,3.9,0.13,0.14,0.9,2.2,0.06,32,0.4,0,70,0.8,144,170,27,0.9,4,0.1,128,16,A00CC#F04.A02PX$F07.A073L$F22.A07SH
5.316,"Wienerbrød, med syltetøy ",Korn- og bakevarer,Korn- og bakevarer,1223,293,46,15.8,5.6,2.4,1,1.1,0.4,0,6.2,0,6.1,3.1,2.3,0.8,0,0,0,0,0,0,0,0.8,2.3,17,32.8,23.2,9.7,8.5,8.5,1,4.1,0.2,0,9,9,9,0,0.1,2.6,0.08,0.07,0.5,1.2,0.05,14,0.1,1,17,0.5,62,87,12,0.5,2,0.05,62,4,A00CC#F02.A06DS$F04.A01MM$F12.A009L$F22.A07SH$F28.A07GX
5.287,"Wienerkringle, med mandelfyll",Korn- og bakevarer,Korn- og bakevarer,1999,481,23,35.7,12.5,5.3,2.1,2.4,0.8,0,15,0.1,14.8,6.9,5.4,1.5,0,0,0,0,0,0,0,1.5,5.4,14,32.4,24.3,8,7.6,7.6,3,6.4,1.1,0,7,7,7,0,0.1,9,0.15,0.08,1,2.1,0.07,29,0.1,1,29,0.8,447,134,35,0.8,2,0.14,97,4,A00CC#F04.A035P
5.47,"Wraps, glutenfri, Bfree",Korn- og bakevarer,Korn- og bakevarer,971,230,40,2.4,0.2,0,0,0.2,0,0,1.1,0,1,0.8,0.6,0.1,0,0,0,0,0,0,0,0.1,0.7,0,40.7,38,2.7,1.2,2,11,6,1.4,0,0,0,0,4,0,0.6,0.12,0.08,0.7,1.7,0.14,21,0,0,119,1.7,556,168,42,0.8,6,0.15,192,0,A04KZ#F02.A06CP$F10.A0B8L
5.471,"Wraps, glutenfri, Schär",Korn- og bakevarer,Korn- og bakevarer,1283,306,20,6.1,2.6,0,0.1,2.4,0.2,0,2.2,0,2.2,1,0.8,0,0,0,0,0,0,0,0,0,0.8,0,44.5,39.1,5.4,0,0,22,7.3,0.8,0,0,0,0,0,0,2,0.04,0.02,1,2.2,0.1,2,0,0,15,1,311,151,21,0.8,0,0.16,88,0,A04KZ#F02.A06CP$F10.A0B8L
6.01,"Agurk, norsk, rå",Grønnsaker,Grønnsaker,38,9,98,0,0,0,0,0,0,0,0,0,0,0,0,0,0,0,0,0,0,0,0,0,0,0,1.3,0,1.3,0,0,0.4,0.8,0,0,3,5,0,34,0,0,0.01,0,0.1,0.2,0.03,8,0,2,19,0.2,1,175,9,0.1,0,0.01,27,0,A00JM#F28.A07HS
6.076,"Agurker, syltede",Grønnsaker,Grønnsaker,156,37,91,0.7,0.2,0,0,0.2,0,0,0,0,0,0.3,0.1,0.2,0,0,0,0,0,0,0,0.2,0.1,0,6.1,0,6.1,6.1,6.1,2,0.7,2.1,0,15,30,0,180,0,0.2,0.04,0.09,0.2,0.3,0.04,8,0,0,17,0.2,825,129,11,0.2,0,0.06,23,0,A00ZJ#F06.A06YF$F27.A00JM
6.669,Agurksalat,Grønnsaker,Grønnsaker,90,21,95,0,0,0,0,0,0,0,0,0,0,0,0,0,0,0,0,0,0,0,0,0,0,0,4.4,0,4.4,3.3,3.3,0.3,0.7,1.5,0,5,9,0,57,0,0,0.01,0,0.1,0.2,0.03,7,0,2,17,0.2,599,153,9,0.1,0,0.02,23,0,A00JM#F01.A05DB$F02.A0ELE$F06.A06YF$F27.A00JM
6.114,"Alfalfaspirer, rå",Grønnsaker,Grønnsaker,75,18,95,0,0,0,0,0,0,0,0,0,0,0,0,0,0,0,0,0,0,0,0,0,0,0,0.2,0,0.2,0,0,2,3.3,0,0,1,2,0,17,0,1.8,0.31,0.84,1.1,1.7,0.13,57,0,3,23,0.4,12,65,10,0.5,0,0.14,50,0,A00SH#F28.A07HS
6.27,"Artisjokkhjerter, hermetisk, avrent",Grønnsaker,Grønnsaker,77,18,94,0,0,0,0,0,0,0,0,0,0,0,0,0,0,0,0,0,0,0,0,0,0,0,1.2,0,1.2,0,0,3,1.8,0.8,0,2,4,0,25,0,1.1,0.02,0.03,0.4,0.7,0.03,54,0,12,25,0.4,310,150,18,0.3,0,0.07,34,0,A0ETQ#F02.A0ERQ$F27.A00RS$F28.A0BYP
6.011,"Artiskokk, rå",Grønnsaker,Grønnsaker,117,28,91,0.2,0.1,0,0,0,0,0,0,0,0,0.1,0.1,0,0,0,0,0,0,0,0,0,0.1,0,1.3,0,1.3,0,0,5,2.8,0.1,0,8,15,0,90,0,0.2,0.06,0.05,1.3,1.8,0.03,68,0,2,41,0.7,27,360,22,0.5,0,0.09,38,0,A00RS#F28.A07HS
6.014,"Asparges, hermetisk, avrent",Grønnsaker,Grønnsaker,84,20,95,0.7,0.1,0,0,0.1,0,0,0,0,0,0.3,0.3,0,0,0,0,0,0,0,0,0,0.3,0,1.6,0.5,1.1,0,0,2,0.9,0.7,0,1,1,0,7,0,0.2,0.03,0.03,0.4,0.6,0.03,59,0,8,8,1.3,262,86,5,0.2,0,0.1,19,0,A0ETQ#F27.A00RT
6.012,"Asparges, rå",Grønnsaker,Grønnsaker,93,22,94,0.1,0,0,0,0,0,0,0,0,0,0.1,0,0,0,0,0,0,0,0,0,0,0,0,2,0.1,1.9,0,0,2,2.2,0,0,37,73,0,440,0,1.1,0.14,0.14,1,1.4,0.09,52,0,6,24,2.1,2,202,14,0.5,1,0.06,52,0,A00RT#F28.A07HS
6.015,"Aubergine, rå",Grønnsaker,Grønnsaker,108,26,91,0.1,0,0,0,0,0,0,0,0,0,0,0,0,0,0,0,0,0,0,0,0,0,0,2.5,0,2.5,0,0,6,0.9,0,0,3,5,0,31,0,0,0,0.03,0.4,0.6,0.05,6,0,0,11,0.2,1,218,14,0.1,0,0.05,25,0,A00JD#F28.A07HS
6.258,"Avokado, fryst",Grønnsaker,Grønnsaker,520,127,82,12.4,2.1,0,0,1.8,0,0,8.4,0.6,7.8,1.6,1.4,0.1,0,0,0,0,0,0,0,0.1,1.5,0,0.1,0,0.1,0,0,5,1.5,0.2,0,0,0,0,0,0,2.3,0.05,0.1,1.4,1.7,0.1,45,0,65,14,0.3,85,450,21,0.6,0,0.17,42,0,A01LB#F01.A064J$F02.A0ELC$F27.A01LB$F28.A07KQ
6.524,"Avokado, rå",Grønnsaker,Grønnsaker,787,191,75,19.6,3.4,0,0,2.8,0.1,0,12.7,0.9,12.3,2.6,2.3,0.1,0,0,0,0,0,0,0,0.2,2.3,0,0.4,0,0.4,0,0,3,1.8,0,0,4,8,0,48,0,2.2,0.09,0.09,2.1,2.4,0.3,31,0,1,19,0.5,7,583,27,0.6,0,0.25,57,0,A01LB#F28.A07HS
6.148,"Babymais, minimais, hermetisk",Grønnsaker,Grønnsaker,110,26,93,0.4,0,0,0,0.1,0,0,0.1,0,0.1,0.2,0.2,0,0,0,0,0,0,0,0,0,0.2,0,2,0.6,1.4,0,0,2,2.9,0.3,0,12,23,0,140,0,0,0.02,0.04,0.1,0.4,0,0,0,14,8,1.2,120,180,0,0,0,0,0,1,A0ETQ#F27.A0DLN
6.211,"Babyspinat, rå",Grønnsaker,Grønnsaker,150,37,84,0,0,0,0,0,0,0,0,0,0,0,0,0,0,0,0,0,0,0,0,0,0,0,0,0,0,0,0,13,2.5,0.1,0,253,505,0,3030,0,1.8,0,0.17,0.3,0.7,0.15,107,0,0,70,1.5,31,705,72,0.2,0,0.21,37,0,A0DKK#F01.A05FK$F02.A067K$F27.A0DKK
6.119,"Bambusskudd, hermetisk",Grønnsaker,Grønnsaker,58,14,96,0.2,0.1,0,0,0.1,0,0,0,0,0,0.1,0.1,0,0,0,0,0,0,0,0,0,0.1,0,0.7,0,0.7,0,0,2,1.5,0,0,1,1,0,10,0,0.6,0.09,0.06,0.5,0.8,0.14,3,0,0,13,0.4,4,530,3,1.1,1,0.19,39,0,A0ETQ#F27.A00RV
6.058,"Bladsalat, norsk, rå",Grønnsaker,Grønnsaker,44,11,97,0.1,0,0,0,0,0,0,0,0,0,0.1,0,0.1,0,0,0,0,0,0,0,0.1,0,0,0.7,0,0.7,0,0,1,1.2,0,0,78,156,0,941,0,0.6,0.03,0.03,0.2,0.4,0.02,33,0,3,47,0.4,5,338,14,0.3,0,0.03,33,0,A00KX#F28.A07HS
6.746,"Blomkål, importert, fryst",Grønnsaker,Grønnsaker,61,15,96,0.2,0.1,0,0,0,0,0,0,0,0,0.1,0,0.1,0,0,0,0,0,0,0,0.1,0,0,0.9,0,0.9,0,0,2,1.2,0,0,0,0,0,0,0,0.2,0.02,0.02,0.2,0.4,0.07,20,0,18,23,0.2,13,120,7,0.1,0,0.02,27,0,A00FR#F28.A07KQ
6.852,"Blomkål, importert, rå",Grønnsaker,Grønnsaker,88,21,94,0,0,0,0,0,0,0,0,0,0,0,0,0,0,0,0,0,0,0,0,0,0,0,2.4,0,2.4,0,0,2,1.7,0.1,0,0,0,0,0,0,0.2,0.05,0.14,0.3,0.6,0.16,106,0,20,27,0.3,40,350,18,0.3,1,0.03,52,0,A00FR#F01.A05AY$F02.A067C$F27.A00FR
6.719,"Blomkål, kokt",Grønnsaker,Grønnsaker,73,17,95,0,0,0,0,0,0,0,0,0,0,0,0,0,0,0,0,0,0,0,0,0,0,0,2.2,0,2.2,0,0,1,1.5,0,0,0,0,0,0,0,0.1,0.02,0.09,0.2,0.6,0.1,50,0,15,25,0.2,4,150,7,0.1,0,0.02,35,0,A00FR#F28.A07GG
6.016,"Blomkål, norsk, rå",Grønnsaker,Grønnsaker,80,19,95,0,0,0,0,0,0,0,0,0,0,0,0,0,0,0,0,0,0,0,0,0,0,0,2.4,0,2.4,0,0,1,1.7,0,0,0,0,0,0,0,0.1,0.04,0.14,0.3,0.6,0.15,100,0,24,26,0.3,5,300,11,0.2,0,0.02,39,0,A00FR#F28.A07HS
6.853,"Blomkål, uspesifisert, rå",Grønnsaker,Grønnsaker,84,20,94,0,0,0,0,0,0,0,0,0,0,0,0,0,0,0,0,0,0,0,0,0,0,0,2.4,0,2.4,0,0,2,1.7,0.1,0,0,0,0,0,0,0.1,0.05,0.14,0.3,0.6,0.16,103,0,22,26,0.3,23,325,15,0.2,0,0.03,45,0,A00FR#F01.A05AY$F02.A067C$F27.A00FR
6.231,"Brennesle, forvellet",Grønnsaker,Grønnsaker,127,31,92,0.7,0.1,0,0,0.1,0,0,0,0,0,0.4,0.1,0.3,0,0,0,0,0,0,0,0,0,0,0.6,0.5,0.1,0,0,3,4.1,0,0,228,455,0,2730,0,3.6,0.01,0.12,0.4,1.1,0.06,83,0,7,280,2.8,3,150,30,0.3,0,0,85,0,A00PA#F01.A05GP$F02.A0F0C$F27.A00PA$F28.A07GF
6.74,"Brokkoli, importert, fryst",Grønnsaker,Grønnsaker,85,21,94,0.3,0.1,0,0,0,0,0,0,0,0,0.1,0,0.1,0,0,0,0,0,0,0,0.1,0,0,0.8,0,0.8,0,0,3,2.2,0,0,28,56,0,340,0,1.1,0.04,0.05,0.3,0.7,0.17,19,0,40,31,0.4,9,185,13,0.3,0,0.04,45,0,A00FN#F28.A07KQ
6.747,"Brokkoli, importert, rå",Grønnsaker,Grønnsaker,114,27,92,0,0,0,0,0,0,0,0,0,0,0,0,0,0,0,0,0,0,0,0,0,0,0,2.3,0,2.3,0,0,3,2.9,0.1,0,18,35,0,213,0,1.2,0.07,0.16,0.4,0.9,0.19,105,0,26,57,0.9,33,455,30,0.4,1,0.05,74,0,A00FN#F28.A07HS
6.725,"Brokkoli, kokt",Grønnsaker,Grønnsaker,90,21,94,0,0,0,0,0,0,0,0,0,0,0,0,0,0,0,0,0,0,0,0,0,0,0,1.8,0,1.8,0,0,2,2.4,0,0,11,22,0,132,0,0.9,0.04,0.09,0.2,0.8,0.11,47,0,14,44,0.5,16,195,14,0.3,1,0.04,57,0,A00FN#F28.A07GG
6.018,"Brokkoli, norsk, rå",Grønnsaker,Grønnsaker,99,24,93,0,0,0,0,0,0,0,0,0,0,0,0,0,0,0,0,0,0,0,0,0,0,0,2,0,2,0,0,2,2.9,0,0,4,7,0,46,0,0.5,0.06,0.16,0.4,0.9,0.19,105,0,17,38,0.6,3,385,18,0.4,1,0.05,64,0,A00FN#F28.A07HS
6.748,"Brokkoli, uspesifisert, rå",Grønnsaker,Grønnsaker,110,26,92,0,0,0,0,0,0,0,0,0,0,0,0,0,0,0,0,0,0,0,0,0,0,0,2.2,0,2.2,0,0,3,2.9,0.1,0,14,27,0,163,0,1,0.06,0.16,0.4,0.9,0.19,105,0,23,51,0.8,24,434,26,0.4,1,0.05,71,0,A00FN#F26.A07XD$F28.A07HS
6.272,"Brokkolispirer, rå",Grønnsaker,Grønnsaker,44,10,97,0,0,0,0,0,0,0,0,0,0,0,0,0,0,0,0,0,0,0,0,0,0,0,0.4,0,0.4,0,0,0,2.2,0,0,378,756,0,4540,0,1.5,0.27,0.79,1.3,1.7,0.14,37,0,43,120,0.6,16,220,29,0.5,0,0.05,81,0,A0DKV#F01.A05AT$F02.A067R$F27.A0DKV
6.174,"Brønnkarse, rå",Grønnsaker,Grønnsaker,48,12,97,0.1,0,0,0,0,0,0,0,0,0,0,0,0,0,0,0,0,0,0,0,0,0,0,0,0,0,0,0,2,1.9,0.1,0,132,264,0,1589,0,1.5,0.16,0.06,0.3,0.6,0.23,43,0,3,138,0.7,37,300,16,0.5,2,0.05,61,7,A00ND#F28.A07HS
6.182,"Chayote, rå",Grønnsaker,Grønnsaker,80,19,95,0.1,0,0,0,0,0,0,0,0,0,0.1,0,0,0,0,0,0,0,0,0,0,0,0,2.8,1.1,1.7,0,0,2,0.8,0,0,0,0,0,0,0,0.1,0.03,0.03,0.5,0.6,0.08,93,0,8,17,0.3,2,125,12,0.7,0,0.12,18,0,A010N#F28.A07HS
6.752,"Cherrytomat, importert, rå",Grønnsaker,Grønnsaker,71,17,95,0.2,0,0,0,0,0,0,0.1,0,0,0.1,0.1,0,0,0,0,0,0,0,0,0,0.1,0,2.5,0,2.5,0,0,1,0.6,0,0,51,102,0,613,0,1.1,0.05,0.01,0.6,0.7,0.1,20,0,26,11,0.4,3,336,15,0.1,0,0.04,27,0,A00HY#F28.A07HS
6.032,"Endivesalat, rå",Grønnsaker,Grønnsaker,55,13,96,0.1,0,0,0,0,0,0,0,0,0,0,0,0,0,0,0,0,0,0,0,0,0,0,1,0,1,0,0,2,1,0,0,4,8,0,48,0,0.1,0.07,0.14,0.5,0.7,0.05,140,0,4,22,0.5,2,187,7,0.2,1,0.01,21,1,A00LD#F28.A07HS
6.232,Ertepuré,Grønnsaker,Grønnsaker,441,107,78,6.5,4,0.2,0.6,1.8,0.7,0.2,1.5,0.1,1.3,0.3,0.2,0.1,0,0,0,0,0,0,0,0.1,0.1,15,4.7,1.5,3.2,0,0,7,3.8,0.8,0,80,104,56,289,0.8,0.2,0.09,0.05,1,2.3,0.05,14,0,11,31,0.9,313,104,17,0.6,0,0.12,78,3,A01BA#F02.A06GG$F04.A012J
6.137,"Feltsalat, rå",Grønnsaker,Grønnsaker,69,17,95,0.2,0.1,0,0,0,0,0,0,0,0,0.1,0,0.1,0,0,0,0,0,0,0,0.1,0,0,0.2,0,0.2,0,0,2,2.6,0,0,243,486,0,2920,0,1.5,0.03,0.13,0.7,1.1,0.14,91,0,35,71,1.8,3,350,22,0.2,0,0.13,30,1,A00KT#F28.A07HS
6.112,"Fennikel, rå",Grønnsaker,Grønnsaker,80,19,95,0.4,0.1,0,0,0.1,0,0,0.1,0,0.1,0.2,0.2,0,0,0,0,0,0,0,0,0,0.2,0,1.8,0.1,1.7,0,0,2,0.9,0,0,12,23,0,140,0,0.2,0.06,0.01,0.6,0.8,0.06,42,0,5,24,0.3,11,440,8,0.5,0,0.02,26,5,A00SA#F28.A07HS
6.21,"Gresskar, butternut, rå",Grønnsaker,Grønnsaker,184,44,88,0.2,0.1,0,0,0,0,0,0,0,0,0.1,0,0,0,0,0,0,0,0,0,0,0,0,8.2,3.2,4.9,0,0,3,0.8,0,0,104,208,0,1250,0,0.6,0,0.03,0.4,0.5,0.08,30,0,0,45,0.2,0,369,15,0.1,0,0.06,23,0,A0DLT#F01.A0E3S$F02.A0ELE$F27.A0DLT
6.209,"Gresskar, hokkaido, rå",Grønnsaker,Grønnsaker,155,37,90,0.2,0.1,0,0,0,0,0,0,0,0,0.1,0,0,0,0,0,0,0,0,0,0,0,0,6.5,3.2,3.2,0,0,2,1.2,0,0,94,188,0,1130,0,0.6,0,0.07,0.4,0.6,0.11,32,0,0,19,0.3,0,304,9,0.2,0,0.04,24,0,A0DLV#F01.A05CZ$F02.A0ELE$F27.A0DLV
6.033,"Gresskar, rå",Grønnsaker,Grønnsaker,169,40,89,0.2,0.1,0,0,0,0,0,0,0,0,0.1,0,0,0,0,0,0,0,0,0,0,0,0,7.3,3.2,4.1,0,0,3,1,0,0,99,198,0,1190,0,0.6,0,0.05,0.4,0.6,0.09,31,0,0,32,0.2,0,337,12,0.2,0,0.05,24,0,A00KH#F28.A07HS
6.85,"Grønnkål, dampet",Grønnsaker,Grønnsaker,191,46,89,2,0.5,0.1,0,0.4,0.1,0,0.6,0,0.8,0.7,0.4,0.1,0,0,0,0,0,0,0,0.1,0.4,1,2,0.1,1.9,0,0,4,3.1,0,0,406,805,7,4788,0.1,5.6,0.09,0.12,0.8,1.5,0.23,18,0,66,148,1.4,15,448,27,0.4,2,1.49,53,2,A00GM#F01.A05BM$F02.A0EKV$F27.A00GM$F28.A07GP
6.208,"Grønnkål, fryst, rå",Grønnsaker,Grønnsaker,112,27,91,0.6,0.1,0,0,0.1,0,0,0,0,0,0.4,0.1,0.3,0,0,0,0,0,0,0,0.3,0.1,0,0.2,0.1,0.1,0,0,6,2.1,0,0,216,431,0,2590,0,1.9,0,0.08,0.4,0.8,0.07,25,0,0,175,0.6,13,151,16,0.2,0,0.04,34,0,A00GM#F01.A05BM$F02.A0EKV$F27.A00GM$F28.A07KQ
6.035,"Grønnkål, rå",Grønnsaker,Grønnsaker,150,36,90,0.7,0.1,0,0,0.3,0,0,0,0,0.1,0.5,0.1,0,0,0,0,0,0,0,0,0,0.1,0,2.2,0.1,2.1,0,0,4,3.3,0,0,446,891,0,5350,0,5.4,0.11,0.13,1,1.6,0.27,30,0,120,157,1.7,12,530,30,0.4,2,1.5,56,2,A00GM#F28.A07HS
6.218,"Grønnsaksblanding, aspargesbønner, minigulrot, minimais, fryst",Grønnsaker,Grønnsaker,112,27,93,0.3,0,0,0,0,0,0,0,0,0,0.1,0.1,0,0,0,0,0,0,0,0,0,0.1,0,3,0.5,2.4,0,0,2,1.8,0.2,0,237,474,0,2844,0,0.2,0.03,0.05,0.4,0.6,0.05,24,0,10,35,0.8,69,223,11,0.2,0,0.06,23,1,A16GB#F02.A06GK$F04.A00PG$F04.A0DLN$F04.A0DNZ$F28.A07KQ
6.214,"Grønnsaksblanding, blomkål, brokkoli, fryst",Grønnsaker,Grønnsaker,73,18,95,0.3,0.1,0,0,0,0,0,0,0,0,0.1,0,0.1,0,0,0,0,0,0,0,0.1,0,0,0.8,0,0.8,0,0,3,1.7,0,0,14,28,0,170,0,0.6,0.03,0.04,0.3,0.5,0.12,20,0,29,27,0.3,11,153,10,0.2,0,0.03,36,0,A16GB#F02.A06GK$F04.A00FN$F04.A00FR$F28.A07KQ
6.215,"Grønnsaksblanding, blomkål, brokkoli, gulrot, fryst",Grønnsaker,Grønnsaker,85,20,94,0.2,0,0,0,0,0,0,0,0,0,0.1,0,0.1,0,0,0,0,0,0,0,0.1,0,0,1.8,0,1.8,0,0,3,1.5,0.1,0,246,492,0,2955,0,0.7,0.03,0.02,0.2,0.5,0.09,18,0,20,25,0.3,26,165,10,0.2,0,0.03,29,0,A16GB#F02.A06GK$F04.A00FN$F04.A00FR$F04.A00QH$F28.A07KQ
6.219,"Grønnsaksblanding, blomkål, brokkoli, gulrot, sukkererter, fryst",Grønnsaker,Grønnsaker,104,25,93,0.2,0,0,0,0,0,0,0,0,0,0.1,0.1,0,0,0,0,0,0,0,0,0,0.1,0,2.8,0.2,2.6,0,0,2,1.7,0.1,0,292,584,0,3508,0,0.6,0.05,0.02,0.4,0.7,0.06,22,0,19,28,0.4,28,172,13,0.3,0,0.04,33,0,A16GB#F02.A06GK$F04.A00FN$F04.A00FR$F04.A00PX$F04.A00QH$F28.A07KQ
6.075,"Grønnsaksblanding, blomkål, bønner, erter, gulrot, fryst",Grønnsaker,Grønnsaker,140,34,90,0.2,0,0,0,0,0,0,0,0,0,0.1,0,0,0,0,0,0,0,0,0,0,0,0,4.3,0.6,3.6,0,0,4,1.7,0,0,224,448,0,2692,0,0.3,0.07,0.05,0.8,1,0.08,30,0,10,36,0.6,12,221,18,0.4,0,0.07,46,0,A16GB#F04.A00FR$F04.A00PG$F04.A00QH$F04.A012J$F28.A07KQ
6.072,"Grønnsaksblanding, blomkål, erter, gulrot, fryst",Grønnsaker,Grønnsaker,146,35,89,0.3,0.1,0,0,0,0,0,0,0,0,0.1,0.1,0,0,0,0,0,0,0,0,0,0.1,0,3.5,0.6,2.9,0,0,4,2.4,0.1,0,246,491,0,2948,0,0.4,0.07,0.04,0.8,1.2,0.06,22,0,13,26,0.6,25,176,16,0.4,0,0.07,47,0,A16GB#F04.A00FR$F04.A00QH$F04.A012J$F28.A07KQ
6.22,"Grønnsaksblanding, blomkål, gulrot, rosenkål, fryst",Grønnsaker,Grønnsaker,104,25,93,0.3,0,0,0,0,0,0,0,0,0,0.1,0.1,0.1,0,0,0,0,0,0,0,0.1,0.1,0,2.5,0,2.5,0,0,3,1.7,0.1,0,250,499,0,2995,0,0.6,0.04,0.03,0.2,0.5,0.1,29,0,31,25,0.3,29,226,10,0.3,1,0.03,34,0,A16GB#F02.A06GK$F04.A00FR$F04.A00FV$F04.A00QH$F28.A07KQ
6.216,"Grønnsaksblanding, brokkoli, gulrot, minimais, fryst",Grønnsaker,Grønnsaker,102,24,93,0.3,0,0,0,0,0,0,0,0,0,0.1,0.1,0,0,0,0,0,0,0,0,0,0.1,0,2.2,0.2,2,0,0,2,2.1,0.2,0,257,514,0,3084,0,0.7,0.03,0.03,0.2,0.5,0.07,11,0,18,20,0.6,62,185,7,0.2,0,0.03,20,0,A16GB#F02.A06GK$F04.A00FN$F04.A00QH$F04.A0DLN$F28.A07KQ
6.074,"Grønnsaksblanding, erter, gulrot, mais, fryst",Grønnsaker,Grønnsaker,200,48,87,0.6,0.1,0,0,0.1,0,0,0.1,0,0.1,0.2,0.2,0,0,0,0,0,0,0,0,0,0.3,0,5.8,1.6,4.2,0,0,5,2.5,0.1,0,402,803,0,4822,0,0.5,0.07,0.03,0.9,1.3,0.06,24,0,7,21,0.5,33,204,17,0.5,0,0.07,47,0,A16GB#F04.A000T$F04.A00QH$F04.A012J$F28.A07KQ
6.217,"Grønnsaksblanding, kålrot, gulrot, sellerirot, rødløk, pastinakk, fryst",Grønnsaker,Grønnsaker,121,29,92,0.1,0,0,0,0,0,0,0,0,0,0.1,0,0,0,0,0,0,0,0,0,0,0,0,4.5,0.5,3.9,0,0,3,1.1,0.1,0,179,358,0,2151,0,0.3,0.02,0.04,0.4,0.6,0.12,38,0,10,31,0.2,22,306,12,0.3,0,0.06,39,0,A16GB#F02.A06GK$F04.A00HC$F04.A00QH$F04.A00QJ$F04.A00QR$F04.A00RD$F28.A07KQ
6.863,"Grønnsaksblanding, lapskausblanding, potet, gulrot, sellerirot, kålrot, purre, fryst",Grønnsaker,Grønnsaker,242,57,85,0.1,0,0,0,0,0,0,0,0,0,0.1,0,0,0,0,0,0,0,0,0,0,0,0,11.8,8.9,2.8,0,0,2,1.4,0,0,95,190,0,1145,0,0.2,0.05,0.04,1.3,1.5,0.15,30,0,10,20,0.5,7,426,25,0.3,0,0.09,49,0,A16GB#F02.A06GK$F04.A00RD$F28.A07KQ
6.672,Guacamole,Grønnsaker,Grønnsaker,639,155,79,15.5,2.7,0,0,2.2,0.1,0,10,0.8,9.7,2.1,1.8,0.1,0,0,0,0,0,0,0,0.1,1.8,0,1,0.2,0.8,0,0,3,1.6,0.9,0,9,18,0,112,0,1.8,0.08,0.08,1.7,2,0.26,28,0,5,20,0.5,380,511,24,0.5,0,0.21,51,0,A0ERG#F02.A0EPP$F04.A00GZ$F04.A00HC$F04.A01LB
6.743,"Gulrot, importert, fryst",Grønnsaker,Grønnsaker,110,26,93,0.2,0,0,0,0,0,0,0,0,0,0.1,0.1,0,0,0,0,0,0,0,0,0,0.1,0,3.7,0,3.7,0,0,2,1.1,0.1,0,717,1434,0,8605,0,0.9,0.03,0,0.2,0.4,0.03,14,0,2,20,0.2,57,190,8,0.3,0,0.04,16,0,A00QH#F28.A07KQ
6.718,"Gulrot, kokt",Grønnsaker,Grønnsaker,103,24,93,0,0,0,0,0,0,0,0,0,0,0,0,0,0,0,0,0,0,0,0,0,0,0,5.1,0,5.1,0,0,2,0,0,0,454,907,0,5445,0,0.5,0.02,0.02,0.3,0.4,0.06,14,0,0,30,0.2,10,111,7,0.2,0,0.03,22,0,A00QH#F28.A07GG
6.036,"Gulrot, norsk, rå",Grønnsaker,Grønnsaker,107,25,93,0,0,0,0,0,0,0,0,0,0,0,0,0,0,0,0,0,0,0,0,0,0,0,5.3,0,5.3,0,0,2,0,0,0,474,948,0,5688,0,0.4,0.03,0.02,0.4,0.4,0.08,27,0,1,30,0.2,18,233,11,0.2,0,0.03,23,0,A00QH#F28.A07HS
6.207,"Hjertesalat, rå",Grønnsaker,Grønnsaker,60,14,96,0,0,0,0,0,0,0,0,0,0,0,0,0,0,0,0,0,0,0,0,0,0,0,1.1,0,1.1,0,0,2,1.6,0,0,70,139,0,836,0,0.4,0,0.08,0.3,0.6,0.07,92,0,0,24,0.9,7,290,10,0.3,0,0.04,43,0,A0DLB#F01.A05DY$F02.A067K$F27.A0DLB
6.72,"Hodekål, kokt",Grønnsaker,Grønnsaker,104,25,93,0,0,0,0,0,0,0,0,0,0,0,0,0,0,0,0,0,0,0,0,0,0,0,4.1,0,4.1,0,0,2,1.1,0,0,0,0,0,1,0,0,0.02,0.05,0.1,0.4,0.1,12,0,6,47,0.2,4,128,7,0.1,0,0.01,26,0,A00GC#F28.A07GG
6.037,"Hodekål, norsk, rå",Grønnsaker,Grønnsaker,113,27,92,0,0,0,0,0,0,0,0,0,0,0,0,0,0,0,0,0,0,0,0,0,0,0,4.5,0,4.5,0,0,2,1.2,0,0,0,0,0,1,0,0,0.04,0.08,0.2,0.4,0.15,23,0,14,48,0.2,6,250,12,0.1,0,0.02,28,0,A00GC#F28.A07HS
6.038,"Hvitløk, rå",Grønnsaker,Grønnsaker,450,106,73,0.6,0.1,0,0,0.1,0,0,0,0,0,0.3,0.2,0,0,0,0,0,0,0,0,0,0.2,0,16.3,14.7,1.6,0,0,2,7.9,0,0,0,0,0,0,0,0,0.13,0.03,0.3,1.6,0.38,5,0,17,19,1.9,4,620,25,1,2,0.06,170,3,A00GZ#F28.A07HS
6.14,"Ingefær, syltet",Grønnsaker,Grønnsaker,130,31,92,0.2,0,0,0,0,0,0,0,0,0,0,0,0,0,0,0,0,0,0,0,0,0,0,6.3,4.6,1.7,0,0,0.6,0.6,1.8,0,0,0,0,0,0,0,0,0.01,0.2,0.3,0.06,4,0,2,10,0.2,701,135,17,0.1,0,0,12,1,A045Y#F04.A01AB
6.108,"Ingefærrot, rå",Grønnsaker,Grønnsaker,212,50,87,0.8,0.2,0,0,0.1,0,0,0.2,0,0.1,0.2,0.1,0,0,0,0,0,0,0,0,0,0.1,0,8.1,6.4,1.7,0,0,2,1.8,0,0,0,0,0,0,0,0.3,0.02,0.03,0.8,1.1,0.16,11,0,5,16,0.6,13,415,43,0.3,1,0.23,34,0,A01AB#F28.A07HS
6.282,"Isbergsalat, issalat, importert, rå",Grønnsaker,Grønnsaker,56,13,96,0,0,0,0,0,0,0,0,0,0,0,0,0,0,0,0,0,0,0,0,0,0,0,1.9,0,1.9,0,0,0.9,1,0.1,0,8,15,0,93,0,0.2,0.04,0.01,0.1,0.3,0.03,46,0,1,23,0.4,27,255,11,0.2,0,0.04,24,0,A00KY#F01.A05ED$F02.A067K$F27.A00KY
6.281,"Isbergsalat, issalat, norsk, rå",Grønnsaker,Grønnsaker,48,11,97,0,0,0,0,0,0,0,0,0,0,0,0,0,0,0,0,0,0,0,0,0,0,0,1.8,0,1.8,0,0,0.3,1,0,0,11,22,0,134,0,0.3,0.03,0.03,0.2,0.3,0.04,48,0,1,17,0.4,1,235,7,0.1,0,0.02,19,0,A00KY#F01.A05ED$F02.A067K$F27.A00KY
6.059,"Isbergsalat, issalat, rå",Grønnsaker,Grønnsaker,52,12,97,0,0,0,0,0,0,0,0,0,0,0,0,0,0,0,0,0,0,0,0,0,0,0,1.8,0,1.8,0,0,0.6,1,0,0,9,18,0,113,0,0.2,0.04,0.02,0.1,0.3,0.04,47,0,1,20,0.4,14,245,9,0.2,0,0.03,21,0,A00KY#F28.A07HS
6.125,"Jalapeño, rå",Grønnsaker,Grønnsaker,121,29,92,0.4,0.1,0,0,0.1,0,0,0,0,0,0.1,0.1,0.1,0,0,0,0,0,0,0,0.1,0.1,0,4.1,0,4.1,0,0,3,0.9,0,0,47,93,0,561,0,3.6,0.04,0.07,1.3,1.5,0.42,14,0,119,12,0.3,3,248,15,0.1,0,0.95,26,0,A0DMM#F28.A07HS
6.109,"Jordskokk, rå",Grønnsaker,Grønnsaker,274,65,83,0.6,0.1,0,0,0.1,0,0,0,0,0,0.3,0.2,0.1,0,0,0,0,0,0,0,0.1,0.2,0,11.5,8.3,3.2,0,0,3,2.1,0,0,1,1,0,9,0,0.2,0.07,0.06,1.5,1.9,0.09,36,0,6,28,0.6,3,561,16,0.1,0,0.12,72,0,A00QQ#F28.A07HS
6.116,"Kantarell, rå",Grønnsaker,Grønnsaker,69,17,96,0.6,0,0,0,0.1,0,0,0,0,0,0.2,0.2,0,0,0,0,0,0,0,0,0,0.2,0,0.4,0,0.4,0,0,0.8,2,0,0,25,50,0,301,12.8,0,0,0.28,4.1,4.4,0.02,10,0,0,4,0.9,0,501,11,0.9,1,0.41,54,0,A00TE#F28.A07HS
6.129,"Kapers, hermetisk",Grønnsaker,Grønnsaker,104,25,93,0.9,0.2,0,0,0.2,0,0,0.1,0,0.1,0.3,0.1,0.2,0,0,0,0,0,0,0,0.2,0.1,0,0.4,0,0.4,0,0,3,2.4,6.9,0,7,13,0,83,0,0.9,0.02,0.14,0.7,1.1,0.02,23,0,4,40,1.7,2769,40,33,0.3,1,0.37,10,3,A01AM#F01.A05VP$F02.A066Z$F27.A01AM$F28.A0BYP
6.122,"Kassava, rå",Grønnsaker,Grønnsaker,673,159,60,0.3,0.1,0,0,0.1,0,0,0.1,0,0.1,0,0,0,0,0,0,0,0,0,0,0,0,0,36.8,35.3,1.5,0,0,2,1.4,0,0,1,1,0,8,0,0.2,0.09,0.05,0.9,1.1,0.09,27,0,21,18,0.5,5,330,21,0.6,1,0.09,34,2,A00ZZ#F28.A07HS
6.079,"Ketchup, tomatketchup",Grønnsaker,Grønnsaker,464,110,71,0.4,0.1,0,0,0,0,0,0.1,0,0.1,0.2,0.2,0,0,0,0,0,0,0,0,0,0.2,0,23.6,4.2,19.4,15.2,15.2,4,1,1.7,0,27,53,0,319,0,1.5,0.05,0.03,1.2,1.4,0.1,27,0,1,13,0.4,678,265,13,0.2,0,0.15,22,1,A044P#F22.A07SH
6.04,"Kinakål, norsk, rå",Grønnsaker,Grønnsaker,63,15,96,0.1,0,0,0,0,0,0,0,0,0,0,0,0,0,0,0,0,0,0,0,0,0,0,1.8,0,1.8,0,0,1,1.1,0,0,6,11,0,70,0,0.4,0.02,0.01,0.5,0.7,0.08,28,0,22,33,0.5,9,227,9,0.2,0,0.03,36,0,A00GG#F28.A07HS
6.086,"Knutekål, rå",Grønnsaker,Grønnsaker,98,23,93,0.1,0,0,0,0,0,0,0,0,0,0,0,0,0,0,0,0,0,0,0,0,0,0,3,0.1,2.9,0,0,2,1.7,0.1,0,2,3,0,22,0,0.5,0.05,0.02,0.4,0.7,0.15,50,0,65,24,0.4,20,350,19,0,1,0.13,46,1,A00GV#F28.A07HS
6.721,"Kålrot, kokt",Grønnsaker,Grønnsaker,113,27,92,0,0,0,0,0,0,0,0,0,0,0,0,0,0,0,0,0,0,0,0,0,0,0,4.7,0,4.7,0,0,3,0.8,0,0,0,0,0,0,0,0,0.02,0.03,0.4,0.8,0.1,24,0,11,35,0.1,4,122,6,0.1,0,0.02,31,0,A00RD#F28.A07GG
6.041,"Kålrot, kålrabi, norsk, rå",Grønnsaker,Grønnsaker,118,28,92,0,0,0,0,0,0,0,0,0,0,0,0,0,0,0,0,0,0,0,0,0,0,0,4.9,0,4.9,0,0,3,0.8,0,0,0,0,0,0,0,0,0.02,0.04,0.6,0.7,0.14,46,0,25,35,0.1,6,255,9,0.1,0,0.02,33,0,A00RD#F28.A07HS
6.671,Kålrotstappe,Grønnsaker,Grønnsaker,274,66,88,4.4,2.8,0.1,0.5,1.2,0.5,0.1,1.1,0.1,0.9,0.1,0.1,0,0,0,0,0,0,0,0,0,0,11,4.5,0,4.4,0,0,2,0.9,1.1,0,64,84,44,241,0.2,0.1,0.02,0.04,0.4,0.7,0.09,21,0,9,40,0.1,435,115,7,0.1,0,0.02,36,2,A00ZN#F02.A0F3E$F03.A06JG$F27.A00QH$F27.A00RD$F28.A07GG
6.273,"Linsespirer, grønne, rå",Grønnsaker,Grønnsaker,432,103,69,0,0,0,0,0,0,0,0,0,0,0,0,0,0,0,0,0,0,0,0,0,0,0,12.4,10.7,1.7,0,0,10,8.4,0,0,1,2,0,14,0,0.7,0,0.65,5.6,6.9,0.17,69,0,12,23,1.8,8,180,22,1.3,18,0.2,120,0,A00SP#F01.A05HV$F02.A067R$F27.A00SP
6.185,"Lotusrot, rå",Grønnsaker,Grønnsaker,274,65,81,0.1,0,0,0,0,0,0,0,0,0,0,0,0,0,0,0,0,0,0,0,0,0,0,11,5.5,5.5,0,0,5,2.6,0.1,0,0,0,0,0,0,0,0.16,0.22,0.4,0.8,0.26,13,0,44,45,1.2,40,556,23,0.4,1,0.26,100,0,A0DPD#F28.A07HS
6.042,"Løk, gul, norsk, rå",Grønnsaker,Grønnsaker,124,30,91,0,0,0,0,0,0,0,0,0,0,0,0,0,0,0,0,0,0,0,0,0,0,0,4.4,0,4.4,0,0,4,1,0,0,0,0,0,0,0,0.1,0.03,0.11,0.1,0.2,0.13,30,0,3,19,0.2,1,185,10,0.2,0,0.04,30,0,A00HC#F28.A07HS
6.722,"Løk, kokt",Grønnsaker,Grønnsaker,112,27,91,0,0,0,0,0,0,0,0,0,0,0,0,0,0,0,0,0,0,0,0,0,0,0,4,0,4,0,0,4,0.8,0,0,0,0,0,0,0,0.1,0.02,0.08,0.1,0.2,0.09,15,0,1,18,0.1,1,82,6,0.1,0,0.03,27,0,A00HC#F28.A0BA1
6.677,"Løk, sprøstekt",Grønnsaker,Grønnsaker,2220,537,24,48.5,13.4,0.1,0.3,10.9,1.9,0,19.4,0.1,18.9,5.8,4.7,1.1,0,0,0,0,0,0,0,0.3,4.7,0,16.2,10,6.2,0,0,5,6.4,1.6,0,3,6,0,37,0,7.1,0.06,0.11,1.3,2.4,0.39,78,0,0,42,1.2,647,405,28,0.9,2,0.14,109,14,A00HC#F01.A05BX$F02.A067A$F27.A00HC$F28.A07GV
6.745,"Mais, fryst",Grønnsaker,Grønnsaker,366,87,78,1.9,0.2,0,0,0.2,0,0,0.5,0,0.5,0.8,0.8,0,0,0,0,0,0,0,0,0,1.1,0,11.6,5.8,5.9,0,0,5,3.3,0,0,1,2,0,12,0,0.1,0.07,0.05,1.5,1.8,0.1,40,0,4,6,0.3,1,220,23,0.5,0,0.04,65,0,A00KP#F28.A07KQ
6.736,"Mais, hermetisk",Grønnsaker,Grønnsaker,372,88,78,1.1,0.2,0,0,0.1,0,0,0.2,0,0.2,0.4,0.4,0,0,0,0,0,0,0,0,0,0.4,0,15.4,7.2,8.2,0,0,3,2.6,0.4,0,2,3,0,23,0,0.6,0.26,0.06,1.9,2.2,0.13,45,0,2,3,0.3,160,158,16,0.4,0,0.04,52,0,A00ZP#F03.A06HY
6.044,"Mais, norsk, rå",Grønnsaker,Grønnsaker,357,85,79,1.7,0.2,0,0,0.3,0.1,0,0.5,0,0.5,0.8,0.6,0,0,0,0,0,0,0,0,0,0.6,0,12.6,7.5,5.1,0,0,3,3.2,0,0,5,9,0,55,0,0.2,0.13,0.03,2.3,2.6,0.09,54,0,4,2,0.6,0,315,37,0.9,0,0.05,112,0,A00KP#F28.A07HS
6.092,"Mangold, sølvbete, rå",Grønnsaker,Grønnsaker,89,21,95,0.2,0,0,0,0,0,0,0,0,0,0.1,0,0.1,0,0,0,0,0,0,0,0.1,0,0,2.6,2.3,0.3,0,0,0.8,1.8,0.5,0,304,607,0,3647,0,1.9,0.04,0.09,0.4,0.7,0.1,14,0,30,51,1.8,213,379,81,0.4,1,0.18,46,1,A0DPC#F28.A07HS
6.145,"Mungbønnespirer, rå",Grønnsaker,Grønnsaker,236,56,84,0,0,0,0,0,0,0,0,0,0,0,0,0,0,0,0,0,0,0,0,0,0,0,6.3,4.5,1.8,0,0,4,5.7,0,0,2,5,0,30,0,0.9,0.34,0.94,1.7,2.7,0.14,95,0,10,28,0.8,7,280,26,0.7,0,0.23,94,0,A00SR#F28.A07HS
6.046,"Nepe, norsk, rå",Grønnsaker,Grønnsaker,122,29,92,0.3,0.1,0,0,0,0,0,0,0,0,0.1,0,0,0,0,0,0,0,0,0,0,0,0,4.7,0.1,4.6,0,0,2,0.9,0,0,2,3,0,20,0,0.1,0.02,0.01,1.2,1.4,0.07,36,0,31,40,0.2,17,279,10,0.2,0,0.04,36,0,A00RE#F28.A07HS
6.139,"Nori, tørket tang",Grønnsaker,Grønnsaker,1084,255,37,0.5,0,0,0,0.1,0,0,0,0,0,0,0,0,0,0,0,0,0.2,0,0,0.2,0,0,54.8,54.8,0,0,0,0,7.9,7.8,0,37,73,0,440,0,0,0.21,0.32,1.5,2.8,0.01,0,0,0,680,3.3,3100,7500,33,0,0,1.6,250,6367,A00ZQ#F27.A00VH
6.188,"Okra, rå",Grønnsaker,Grønnsaker,116,28,92,0.2,0,0,0,0,0,0,0,0,0,0,0,0,0,0,0,0,0,0,0,0,0,0,3,0.5,2.5,0,0,3,1.9,0,0,35,69,0,416,0,0.3,0.2,0.06,1,1.3,0.22,60,0,23,82,0.6,7,299,57,0.6,1,0.11,61,0,A00JF#F28.A07HS
6.176,"Oliven, grønne, med paprikafyll",Grønnsaker,Grønnsaker,535,130,83,13.1,2,0,0,1.6,0.3,0,7.8,0.1,7.6,0.7,0.5,0.1,0,0,0,0,0,0,0,0.1,0.5,0,1.1,0,0,0,0,3,0.6,3.4,0,20,40,0,243,0,4.4,0,0,0.1,0.2,0.02,1,0,4,102,0.2,1360,47,15,0.1,0,0.1,5,5,A01BR#F10.A0F2Q$F28.A07MA
6.556,"Oliven, grønne, pickles",Grønnsaker,Grønnsaker,619,151,80,15.3,2,0,0,1.7,0.3,0,11.3,0.1,11.1,1.3,1.2,0.1,0,0,0,0,0,0,0,0.1,1.2,0,0.5,0,0.5,0,0,3,1,3.9,0,19,38,0,231,0,3.8,0.02,0.01,0.2,0.4,0.03,3,0,0,52,0.5,1556,42,11,0,1,0.12,4,5,A01BQ#F06.A06XT$F10.A0F2Q
6.611,"Oliven, sorte, i olje, hermetisk",Grønnsaker,Grønnsaker,1432,348,56,36,5,0,0,3.9,0.8,0,25,0.3,25.9,4,2.8,0.2,0,0,0,0,0,0,0,0.3,3.4,0,1.8,0,1.8,0,0,4,2.2,8.3,0,3,6,0,40,0,0.1,0,0,0,0.4,0.01,10,0,0,61,1.6,3300,55,22,0.2,1,0.23,29,5,A01BQ#F06.A06XT$F10.A0F2Y
6.175,"Pak-choi, bok choy, kål, rå",Grønnsaker,Grønnsaker,78,19,95,0.2,0,0,0,0,0,0,0,0,0,0.1,0,0.1,0,0,0,0,0,0,0,0.1,0,0,2.2,1,1.2,0,0,1,1.5,0.2,0,223,446,0,2681,0,0.1,0.04,0.07,0.5,0.8,0.19,66,0,45,105,0.8,65,252,19,0.2,1,0.02,37,0,A00GJ#F28.A07HS
6.716,"Paprika, grønn, kokt",Grønnsaker,Grønnsaker,93,22,94,0.3,0.1,0,0,0.1,0,0,0,0,0,0.2,0.1,0,0,0,0,0,0,0,0,0,0.1,0,2.9,0.1,2.8,0,0,2,0.8,0,0,23,46,0,277,0,0.9,0.01,0.01,0.1,0.3,0.23,21,0,91,9,0.3,3,70,7,0.1,0,0.02,20,3,A00JA#F10.A0F2Q$F28.A0BA1
6.276,"Paprika, grønn, ovnsbakt",Grønnsaker,Grønnsaker,95,23,94,0.3,0.1,0,0,0.1,0,0,0,0,0,0.2,0.1,0,0,0,0,0,0,0,0,0,0.1,0,3,0.1,2.9,0,0,2,0.9,0,0,22,44,0,265,0,0.9,0.01,0.01,0.1,0.2,0.29,27,0,98,9,0.4,4,129,11,0.1,0,0.02,20,3,A00JA#F01.A05CQ$F02.A0ELE$F10.A0F2Q$F27.A00JA$F28.A07GY
6.047,"Paprika, grønn, rå",Grønnsaker,Grønnsaker,88,21,94,0.3,0.1,0,0,0.1,0,0,0,0,0,0.2,0.1,0,0,0,0,0,0,0,0,0,0.1,0,2.8,0.1,2.7,0,0,2,0.8,0,0,22,44,0,265,0,0.8,0.01,0.01,0.1,0.2,0.3,36,0,120,8,0.4,4,120,10,0.1,0,0.02,19,3,A00JA#F10.A0F2Q$F28.A07HS
6.278,"Paprika, gul/oransje, kokt",Grønnsaker,Grønnsaker,116,27,93,0.2,0,0,0,0,0,0,0,0,0,0,0.1,0,0,0,0,0,0,0,0,0,0.1,0,5.2,0,5.2,0,0,2,0.5,0,0,12,23,0,139,0,2.5,0.02,0,0.6,1,0.17,24,0,123,8,0.3,0,72,6,0.1,0,0.02,17,3,A00JA#F10.A0F5H$F10.A0F5J$F28.A0BA1
6.277,"Paprika, gul/oransje, ovnsbakt",Grønnsaker,Grønnsaker,119,28,92,0.2,0,0,0,0,0,0,0,0,0,0,0.1,0,0,0,0,0,0,0,0,0,0.1,0,5.4,0,5.4,0,0,2,0.5,0,0,11,22,0,133,0,2.3,0.03,0,0.8,0.9,0.21,31,0,133,8,0.3,0,132,9,0.1,0,0.02,17,3,A00JA#F01.A05CQ$F02.A0ELE$F10.A0F5H$F10.A0F5J$F27.A00JA$F28.A07GY
6.088,"Paprika, gul/oransje, rå",Grønnsaker,Grønnsaker,110,26,93,0.2,0,0,0,0,0,0,0,0,0,0,0.1,0,0,0,0,0,0,0,0,0,0.1,0,5,0,5,0,0,1,0.5,0,0,11,22,0,133,0,2.1,0.03,0,0.8,0.9,0.22,41,0,163,7,0.3,0,123,8,0.1,0,0.02,16,3,A00JA#F10.A0F5H$F28.A07HS
6.717,"Paprika, rød, kokt",Grønnsaker,Grønnsaker,116,28,92,0.2,0.1,0,0,0.1,0,0,0,0,0,0.1,0.1,0.1,0,0,0,0,0,0,0,0.1,0.1,0,4.4,0,4.4,0,0,2,0.8,0,0,51,101,0,607,0,1.1,0.05,0.05,0.4,0.7,0.17,44,0,95,8,0.3,1,126,8,0.2,0,0.06,24,3,A00JA#F10.A0F2S$F28.A0BA1
6.275,"Paprika, rød, ovnsbakt",Grønnsaker,Grønnsaker,118,28,92,0.2,0.1,0,0,0.1,0,0,0,0,0,0.1,0.1,0.1,0,0,0,0,0,0,0,0.1,0.1,0,4.5,0,4.5,0,0,2,0.9,0,0,48,96,0,580,0,1,0.07,0.06,0.5,0.7,0.22,56,0,103,8,0.4,1,232,12,0.2,0,0.05,25,3,A00JA#F01.A05CQ$F02.A0ELE$F10.A0F2S$F27.A00JA$F28.A07GY
6.048,"Paprika, rød, rå",Grønnsaker,Grønnsaker,110,26,93,0.2,0.1,0,0,0.1,0,0,0,0,0,0.1,0.1,0.1,0,0,0,0,0,0,0,0.1,0.1,0,4.2,0,4.2,0,0,2,0.8,0,0,48,96,0,580,0,1,0.07,0.06,0.5,0.6,0.23,75,0,126,7,0.4,1,216,11,0.2,0,0.05,23,3,A00JA#F10.A0F2S$F28.A07HS
6.233,"Pastinakk, kokt",Grønnsaker,Grønnsaker,223,53,87,0.7,0.1,0,0,0.1,0,0,0,0,0.2,0.4,0.1,0,0,0,0,0,0,0,0,0,0.1,0,9.4,5,4.4,0,0,2,1.3,0,0,0,0,0,0,0,0.4,0,0.05,0.7,1.3,0.06,28,0,4,46,0.3,3,202,19,0.4,0,0.15,60,0,A00QR#F01.A05JM$F02.A0ERX$F27.A00QR$F28.A07GG
6.049,"Pastinakk, rå",Grønnsaker,Grønnsaker,232,55,86,0.7,0.1,0,0,0.1,0,0,0,0,0.2,0.4,0.1,0,0,0,0,0,0,0,0,0,0.1,0,9.8,5.2,4.6,0,0,2,1.4,0,0,0,0,0,0,0,0.4,0,0.06,1,1.2,0.09,53,0,9,45,0.3,5,422,30,0.5,0,0.15,63,0,A00QR#F28.A07HS
6.234,Pastinakkpuré,Grønnsaker,Grønnsaker,590,142,78,11.6,7.2,0.3,1.1,3.2,1.2,0.3,2.7,0.3,2.4,0.5,0.2,0.1,0,0,0,0,0,0,0,0.1,0.1,28,6.8,2.9,3.9,0,0,1,1.9,0.9,0,109,115,104,67,1.1,0.5,0.01,0.08,0.4,1,0.05,17,0.2,3,69,0.2,373,171,14,0.3,1,0.09,71,8,A0F3F#F02.A0F3E$F03.A06JK$F27.A00QR$F28.A0C6N
6.117,"Pepperrot, rå",Grønnsaker,Grønnsaker,404,96,73,0.7,0.1,0,0,0.1,0,0,0.1,0,0.1,0.4,0.3,0.1,0,0,0,0,0,0,0,0.1,0.3,0,11,3.7,7.3,0,0,8,7.7,0,0,0,0,0,0,0,0,0.05,0.03,0.5,1.8,0.15,0,0,120,120,2,8,580,36,1.4,0,0.23,70,0,A00QK#F28.A07HS
6.727,"Persillerot, kokt",Grønnsaker,Grønnsaker,185,44,88,0.3,0.1,0,0,0.1,0,0,0.1,0,0.1,0.3,0.2,0,0,0,0,0,0,0,0,0,0.2,0,6.9,1.6,5.3,0,0,4,1.6,0,0,1,1,0,7,0,1.2,0.02,0.03,1.3,2.2,0.17,31,0,22,42,0.6,16,229,23,0.6,0,0.14,77,0,A00QS#F28.A07GG
6.051,"Persillerot, norsk, rå",Grønnsaker,Grønnsaker,195,46,87,0.3,0.1,0,0,0.1,0,0,0.1,0,0.1,0.3,0.2,0,0,0,0,0,0,0,0,0,0.2,0,7.3,1.7,5.6,0,0,4,1.7,0.1,0,1,1,0,8,0,1.1,0.03,0.04,1.8,2.1,0.23,59,0,52,42,0.8,27,483,36,0.7,0,0.14,81,0,A00QS#F28.A07HS
6.235,Persillerotpuré,Grønnsaker,Grønnsaker,569,138,79,11.4,7.2,0.3,1.1,3.2,1.2,0.3,2.7,0.3,2.4,0.4,0.3,0.1,0,0,0,0,0,0,0,0.1,0.1,28,5.5,1.1,4.4,0,0,2,2.1,1,0,110,115,104,71,1.1,0.9,0.02,0.07,0.8,1.5,0.1,18,0.2,13,67,0.4,380,186,16,0.4,1,0.09,80,8,A0F3F#F02.A0F3E$F03.A06JK$F27.A00QS$F28.A0C6N
6.19,"Portobellosopp, rå",Grønnsaker,Grønnsaker,103,25,94,0.4,0.1,0,0,0,0,0,0,0,0,0.1,0.1,0,0,0,0,0,0,0,0,0,0.1,0,2.6,0.1,2.5,0,0,1,2.1,0,0,0,0,0,0,0.3,0,0.06,0.13,4.5,4.9,0.15,28,0,0,3,0.3,9,364,0,0.5,19,0.29,108,0,A0DDH#F28.A07HS
6.261,"Portulakk, rå",Grønnsaker,Grønnsaker,54,13,96,0,0,0,0,0,0,0,0,0,0,0,0,0,0,0,0,0,0,0,0,0,0,0,1,0,1,0,0,3,1,0.1,0,183,365,0,2191,0,0,0.06,0.04,0.2,0.4,0.06,131,0,20,125,3,30,800,68,0.2,0,0.11,70,4,A00MP#F01.A05FP$F02.A0EKV$F27.A00MP
6.255,"Purre, fryst",Grønnsaker,Grønnsaker,89,21,94,0,0,0,0,0,0,0,0,0,0,0,0,0,0,0,0,0,0,0,0,0,0,0,3.4,0,3.4,0,0,2,0.9,0,0,16,32,0,192,0,0.2,0.03,0.04,0.1,0.3,0.08,15,0,3,37,0.5,6,205,8,0.2,0,0.02,19,0,A00SB#F01.A05LH$F02.A0ELG$F27.A00SB$F28.A07KQ
6.723,"Purre, kokt",Grønnsaker,Grønnsaker,96,23,93,0,0,0,0,0,0,0,0,0,0,0,0,0,0,0,0,0,0,0,0,0,0,0,3,0,3,0,0,3,1.2,0,0,16,31,0,190,0,0.7,0.04,0.06,0.2,0.5,0.13,33,0,5,31,1.2,2,131,7,0.2,0,0.04,28,0,A00SB#F28.A07GG
6.283,"Purreløk, importert, rå",Grønnsaker,Grønnsaker,119,28,91,0,0,0,0,0,0,0,0,0,0,0,0,0,0,0,0,0,0,0,0,0,0,0,3.8,0,3.8,0,0,4,1.5,0,0,32,64,0,384,0,1,0.1,0.13,0.4,0.6,0.3,87,0,11,28,3,2,330,13,0.3,0,0.04,40,0,A00SB#F01.A05LH$F02.A0ELG$F27.A00SB
6.052,"Purreløk, norsk, rå",Grønnsaker,Grønnsaker,120,29,91,0,0,0,0,0,0,0,0,0,0,0,0,0,0,0,0,0,0,0,0,0,0,0,3.9,0,3.9,0,0,4,1.5,0,0,8,15,0,94,0,0.6,0.05,0.1,0.3,0.5,0.17,62,0,6,48,0.7,3,260,14,0.2,0,0.04,31,0,A00SB#F28.A07HS
6.284,"Purreløk, rå",Grønnsaker,Grønnsaker,120,29,91,0,0,0,0,0,0,0,0,0,0,0,0,0,0,0,0,0,0,0,0,0,0,0,3.8,0,3.8,0,0,4,1.5,0,0,20,39,0,239,0,0.8,0.08,0.11,0.3,0.6,0.23,74,0,8,37,1.8,2,295,13,0.3,0,0.04,35,0,A00SB#F01.A05LH$F02.A0ELG$F27.A00SB
6.053,"Rabarbra, rå",Grønnsaker,Grønnsaker,84,20,93,0.2,0.1,0,0,0,0,0,0,0,0,0.1,0.1,0,0,0,0,0,0,0,0,0,0.1,0,1.8,0.2,1.6,0,0,4,0.9,0,0,5,10,0,61,0,0.3,0.02,0.03,0.3,0.5,0.02,7,0,8,86,0.2,4,280,12,0.1,0,0.02,14,0,A00SD#F28.A07HS
6.123,"Radicchio rosso, salat, rå",Grønnsaker,Grønnsaker,76,18,95,0.3,0.1,0,0,0.1,0,0,0,0,0,0.1,0.1,0,0,0,0,0,0,0,0,0,0.1,0,1.7,0,1.7,0,0,2,1.4,0,0,0,0,0,0,0,2.3,0.09,0.15,0.3,0.5,0.08,15,0,5,22,0.3,7,320,9,0.2,1,0.04,38,0,A00LG#F28.A07HS
6.097,"Rapidsalat, norsk, rå",Grønnsaker,Grønnsaker,46,11,97,0.2,0,0,0,0,0,0,0,0,0,0.2,0,0.1,0,0,0,0,0,0,0,0.1,0,0,0.3,0,0.3,0,0,1,1.4,0,0,172,343,0,2060,0,0.7,0.05,0.04,0.3,0.5,0.03,31,0,4,51,0.5,5,398,14,0.6,0,0.03,40,1,A00LA#F28.A07HS
6.054,"Reddik, norsk, rå",Grønnsaker,Grønnsaker,69,16,95,0.1,0,0,0,0,0,0,0,0,0,0.1,0,0,0,0,0,0,0,0,0,0,0,0,2.5,0.1,2.4,0,0,1,0.7,0,0,1,1,0,8,0,0.1,0.01,0.01,0.2,0.3,0.05,14,0,21,22,0.2,7,245,8,0.2,0,0.03,24,0,A0DNJ#F28.A07HS
6.138,"Romanosalat, rå",Grønnsaker,Grønnsaker,64,15,95,0,0,0,0,0,0,0,0,0,0,0,0,0,0,0,0,0,0,0,0,0,0,0,1.4,0,1.4,0,0,3,1.2,0,0,45,90,0,541,0,0.3,0,0.06,0.3,0.5,0.07,114,0,11,25,0.5,10,259,11,0.2,0,0.03,29,0,A00LC#F28.A07HS
6.056,"Rosenkål, fryst",Grønnsaker,Grønnsaker,143,34,90,0.4,0,0,0,0.1,0,0,0,0,0,0.2,0.1,0.1,0,0,0,0,0,0,0,0.1,0.1,0,2.8,0,2.8,0,0,4,2.8,0,0,18,35,0,211,0,0.6,0.08,0.06,0.3,0.8,0.19,53,0,74,34,0.6,16,370,16,0.3,3,0.04,60,0,A00FV#F28.A07KQ
6.222,"Rosenkål, kokt",Grønnsaker,Grønnsaker,193,46,87,0.5,0,0,0,0.1,0,0,0,0,0,0.2,0.1,0.2,0,0,0,0,0,0,0,0.2,0.1,0,3.8,0.4,3.4,0,0,4,4.4,0,0,16,31,0,191,0,0.3,0.07,0.04,0.4,1.4,0.09,77,0,44,35,0.9,2,272,14,0.2,0,0.06,90,0,A00FV#F01.A05BA$F02.A067K$F27.A00FV$F28.A07GG
6.055,"Rosenkål, norsk, rå",Grønnsaker,Grønnsaker,221,53,85,0.6,0.1,0,0,0.1,0,0,0,0,0,0.2,0.1,0.2,0,0,0,0,0,0,0,0.2,0.1,0,4.4,0.5,3.9,0,0,5,5.1,0,0,18,36,0,220,0,0.3,0.11,0.07,0.6,1.5,0.14,159,0,113,38,1.3,3,564,25,0.3,0,0.06,103,0,A00FV#F28.A07HS
6.1,"Ruccolasalat, rå",Grønnsaker,Grønnsaker,105,25,93,0.7,0.1,0,0,0.1,0,0,0,0,0.1,0.3,0.1,0.2,0,0,0,0,0,0,0,0.2,0.1,0,0,0,0,0,0,3,3.3,0.1,0,210,420,0,2520,0,1.5,0,0.21,0.7,1.3,0.2,131,0,0,268,1.6,31,426,40,0.4,5,0.38,47,2,A00LN#F28.A07HS
6.221,"Rødbete, kokt",Grønnsaker,Grønnsaker,224,53,86,0.2,0.1,0,0,0,0,0,0,0,0,0.2,0.1,0,0,0,0,0,0,0,0,0,0.1,0,9.7,0.1,9.5,0,0,3,1.7,0.1,0,0,0,0,0,0,0.2,0.02,0.01,0.2,0.6,0.03,41,0,1,18,0.8,21,223,18,0.4,0,0.08,37,0,A00QG#F01.A05JF$F02.A0ERX$F27.A00QG$F28.A07GG
6.057,"Rødbete, norsk, rå",Grønnsaker,Grønnsaker,206,49,87,0.2,0.1,0,0,0,0,0,0,0,0,0.1,0.1,0,0,0,0,0,0,0,0,0,0.1,0,8.9,0.1,8.8,0,0,3,1.6,0.1,0,0,0,0,0,0,0.1,0.02,0.01,0.2,0.5,0.04,68,0,2,16,0.9,32,411,25,0.4,0,0.07,34,0,A00QG#F28.A07HS
6.077,"Rødbeter, syltede",Grønnsaker,Grønnsaker,252,60,84,0.1,0,0,0,0,0,0,0,0,0,0.1,0,0,0,0,0,0,0,0,0,0,0,0,12.5,0,12.5,12.5,12.5,2,1.3,0.4,0,0,0,0,0,0,0,0,0,0.1,0.3,0,22,0,3,17,0.3,170,180,9,0.3,0,0.05,17,0,A00ZJ#F27.A00QG
6.268,Rødkål,Grønnsaker,Grønnsaker,209,49,87,0,0,0,0,0,0,0,0,0,0,0,0,0,0,0,0,0,0,0,0,0,0,0,10.5,0,10.5,8.1,8.1,2,1,0.9,0,0,0,0,0,0,0,0.03,0.04,0.1,0.3,0.1,22,0,15,27,0.2,361,209,10,0.1,0,0.01,22,0,A00ZJ#F02.A0ELK$F06.A06YF$F27.A00GA$F28.A0C0P
6.224,"Rødkål, kokt",Grønnsaker,Grønnsaker,90,21,94,0,0,0,0,0,0,0,0,0,0,0,0,0,0,0,0,0,0,0,0,0,0,0,3.1,0,3.1,0,0,2,1.2,0,0,0,0,0,0,0,0,0.03,0.03,0.1,0.4,0.09,16,0,8,36,0.2,4,145,7,0.1,0,0.02,27,0,A00GA#F01.A05BD$F02.A067K$F27.A00GA$F28.A07GG
6.093,"Rødkål, rå",Grønnsaker,Grønnsaker,97,23,93,0,0,0,0,0,0,0,0,0,0,0,0,0,0,0,0,0,0,0,0,0,0,0,3.4,0,3.4,0,0,2,1.3,0,0,0,0,0,0,0,0,0.04,0.05,0.2,0.4,0.14,31,0,21,37,0.3,5,285,12,0.1,0,0.02,30,0,A00GA#F28.A07HS
6.236,"Sellerirot, kokt",Grønnsaker,Grønnsaker,88,21,93,0,0,0,0,0,0,0,0,0,0,0,0,0,0,0,0,0,0,0,0,0,0,0,2.4,0,2.4,0,0,3,1.2,0,0,0,0,0,0,0,0.2,0.03,0.03,0.2,0.6,0.15,27,0,1,36,0.2,12,232,9,0.2,0,0.09,62,1,A00QJ#F01.A05JH$F02.A0ERX$F27.A00QJ$F28.A07GG
6.06,"Sellerirot, rå",Grønnsaker,Grønnsaker,91,22,93,0,0,0,0,0,0,0,0,0,0,0,0,0,0,0,0,0,0,0,0,0,0,0,2.5,0,2.5,0,0,3,1.3,0.1,0,0,0,0,0,0,0.2,0.03,0.03,0.3,0.5,0.2,51,0,3,36,0.3,20,485,14,0.3,0,0.09,65,1,A00QJ#F28.A07HS
6.237,Sellerirotpuré,Grønnsaker,Grønnsaker,515,125,82,11.3,7.1,0.3,1.1,3.2,1.2,0.3,2.7,0.3,2.3,0.3,0.2,0.1,0,0,0,0,0,0,0,0.1,0.1,28,3,0.2,2.8,0,0,2,1.9,0.9,0,109,115,104,67,1.1,0.3,0.02,0.07,0.2,0.6,0.09,16,0.2,1,64,0.2,378,187,9,0.2,1,0.06,72,8,A0F3F#F02.A0F3E$F03.A06JK$F27.A00QJ$F28.A0C6N
6.127,"Shiitakesopp, rå",Grønnsaker,Grønnsaker,111,27,92,0.3,0,0,0,0.1,0,0,0,0,0,0.2,0.2,0,0,0,0,0,0,0,0,0,0.2,0,2.5,0,2.5,0,0,3,1.8,0,0,2,4,0,29,0.1,0,0.05,0.15,2.6,2.9,0.29,25,0,2,0,0.3,1,224,13,0.8,0,0.14,73,0,A00TS#F28.A07HS
6.061,"Sikorisalat, rå",Grønnsaker,Grønnsaker,64,15,96,0.6,0.2,0,0,0.1,0,0,0,0,0,0.3,0.3,0.1,0,0,0,0,0,0,0,0.1,0.3,0,0.9,0.2,0.7,0,0,2,0.5,0,0,10,20,0,120,0,0.1,0.14,0,0.1,0.2,0.01,14,0,5,21,0.4,1,170,6,0.2,0,0.05,27,1,A00LD#F28.A07HS
6.124,"Sjalottløk, rå",Grønnsaker,Grønnsaker,100,24,94,0.2,0,0,0,0,0,0,0,0,0,0.1,0.1,0,0,0,0,0,0,0,0,0,0.1,0,3.3,0,3.3,0,0,1,1.5,0,0,0,0,0,3,0,0.3,0.04,0.06,0.6,0.9,0.2,17,0,13,24,0.8,10,180,4,0.4,1,0.05,50,2,A00HF#F28.A07HS
6.062,"Sjampinjong, champignon, rå",Grønnsaker,Grønnsaker,72,17,94,0.1,0,0,0,0,0,0,0,0,0,0.1,0,0.1,0,0,0,0,0,0,0,0.1,0,0,0.1,0,0.1,0,0,4,2.3,0,0,0,0,0,0,0,0,0,0.35,3,3.4,0.07,23,0,0,3,0.2,4,349,9,0.4,17,0.2,85,0,A00TQ#F28.A07HS
6.851,"Sjampinjong, champignon, stekt",Grønnsaker,Grønnsaker,100,24,92,0.1,0,0,0,0,0,0,0,0,0,0.1,0,0.1,0,0,0,0,0,0,0,0.1,0,0,0.1,0,0.1,0,0,5,3.2,0,0,0,0,0,0,0,0,0,0.46,4,4.5,0.09,22,0,0,4,0.2,6,485,13,0.5,23,0.28,118,0,A00TQ#F01.A05MB$F02.A067H$F27.A00TQ$F28.A0BA1
6.063,"Sjampinjong, hermetisk, avrent",Grønnsaker,Grønnsaker,96,23,94,0.5,0.1,0,0,0.1,0,0,0,0,0,0.2,0.3,0,0,0,0,0,0,0,0,0,0.3,0,0,0,0,0,0,2,3.4,0,0,1,1,0,10,0,0,0.08,0.4,3.6,4.2,0.06,23,0,2,18,0.8,5,190,8,0.9,3,0.48,76,0,A00TZ
6.11,"Skorsonnerot, svartrot, rå",Grønnsaker,Grønnsaker,308,73,79,0.4,0,0,0,0,0,0,0.1,0,0,0.2,0,0,0,0,0,0,0,0,0,0,0,0,10.5,3.9,6.6,0,0,7,3.3,0,0,2,3,0,20,0,0.8,0.15,0.05,0.6,1.2,0.07,31,0,4,24,0.7,5,387,32,0.2,0,0.12,94,0,A00RA#F10.A166Z$F28.A07HS
6.271,"Solsikkespirer, rå",Grønnsaker,Grønnsaker,68,16,95,0,0,0,0,0,0,0,0,0,0,0,0,0,0,0,0,0,0,0,0,0,0,0,0.5,0,0.5,0,0,3,2.2,0,0,213,426,0,2560,0,1.2,0.32,0.45,1.1,1.5,0.09,80,0,5,49,0.5,1,120,32,0.8,0,0.17,70,0,A00SZ#F01.A05RZ$F02.A067R$F27.A00SZ
6.253,"Spinat, dampet",Grønnsaker,Grønnsaker,452,110,78,8.2,4.3,0.2,0.7,2,0.7,0.2,2.8,0.2,2.6,0.3,0.2,0,0,0,0,0,0,0,0,0,0.1,16,1.3,0.6,0.7,0,0,9,3.1,1.1,0,309,588,29,3358,0.8,2.3,0.06,0.21,0.3,0.9,0.19,105,0,6,127,2.1,434,785,75,0.4,1,0.18,53,4,A00MJ#F01.A05FK$F02.A0EKV$F27.A00MJ$F28.A0BA1
6.065,"Spinat, fryst, rå",Grønnsaker,Grønnsaker,80,19,95,0.6,0.1,0,0,0,0,0,0,0,0,0.3,0,0.1,0,0,0,0,0,0,0,0.1,0,0,0.2,0.1,0.1,0,0,2,2.2,0.1,0,268,536,0,3220,0,1.5,0,0.09,0.2,0.6,0.06,44,0,0,112,0.9,32,308,30,0.8,0,0.07,28,0,A00MJ#F28.A07KQ
6.286,"Spinat, importert, rå",Grønnsaker,Grønnsaker,72,17,94,0,0,0,0,0,0,0,0,0,0,0,0,0,0,0,0,0,0,0,0,0,0,0,0.2,0,0.2,0,0,3,2.8,0.2,0,455,910,0,5465,0,2.7,0.13,0.21,0.3,0.8,0.22,190,0,13,120,2.3,72,730,95,0.5,1,0.13,44,6,A00MJ#F01.A05FK$F02.A0EKV$F27.A00MJ
6.254,"Spinat, kremet",Grønnsaker,Grønnsaker,534,130,79,11.1,7,0.3,1.1,3.1,1.1,0.3,2.7,0.3,2.3,0.3,0.2,0.1,0,0,0,0,0,0,0,0.1,0.1,27,1.9,0.2,1.7,0,0,6,2.7,1,0,311,490,132,2148,0,1.6,0.04,0.17,0.2,0.8,0.12,59,0.1,3,112,1.2,392,433,42,0.3,1,0.12,58,6,A03XX#F02.A06GK$F04.A00MJ$F04.A02MK$F28.A07GM
6.285,"Spinat, norsk, rå",Grønnsaker,Grønnsaker,68,16,95,0,0,0,0,0,0,0,0,0,0,0,0,0,0,0,0,0,0,0,0,0,0,0,0.1,0,0.1,0,0,2,2.8,0,0,178,355,0,2135,0,2,0.08,0.21,0.3,0.8,0.18,150,0,10,195,2.3,9,740,32,0.3,0,0.08,44,2,A00MJ#F01.A05FK$F02.A0EKV$F27.A00MJ
6.064,"Spinat, rå",Grønnsaker,Grønnsaker,70,17,95,0,0,0,0,0,0,0,0,0,0,0,0,0,0,0,0,0,0,0,0,0,0,0,0.1,0,0.1,0,0,3,2.8,0.1,0,317,633,0,3800,0,2.3,0.1,0.21,0.3,0.8,0.2,170,0,11,158,2.3,40,735,63,0.4,1,0.1,44,4,A00MJ#F28.A07HS
6.067,"Spisskål, rå",Grønnsaker,Grønnsaker,106,25,93,0.3,0.1,0,0,0.1,0,0,0,0,0.1,0.1,0.1,0,0,0,0,0,0,0,0,0,0.1,0,2.9,0.1,2.8,0,0,2,1.5,0,0,3,6,0,38,0,0.1,0,0.04,0.2,0.5,0.12,42,0,0,44,0.3,9,233,11,0.2,1,0.02,34,0,A00FX#F28.A07HS
6.085,"Squash, zucchini, rå",Grønnsaker,Grønnsaker,73,17,95,0.1,0,0,0,0,0,0,0,0,0,0,0,0,0,0,0,0,0,0,0,0,0,0,2.2,0,2.2,0,0,1,1.3,0,0,18,35,0,213,0,0.5,0,0.04,0.3,0.5,0.06,17,0,0,20,0.3,0,248,19,0.3,0,0.06,38,0,A00JR#F28.A07HS
6.279,"Stangselleri, importert, rå",Grønnsaker,Grønnsaker,48,12,96,0,0,0,0,0,0,0,0,0,0,0,0,0,0,0,0,0,0,0,0,0,0,0,1,0,1,0,0,2,1,0.3,0,2,4,0,25,0,0.3,0.01,0.03,0.2,0.3,0.05,36,0,2,38,0.3,105,320,13,0.1,0,0.02,20,1,A00RY#F01.A05LE$F02.A0ELG$F27.A00RY
6.068,"Stangselleri, norsk, rå",Grønnsaker,Grønnsaker,65,16,95,0,0,0,0,0,0,0,0,0,0,0,0,0,0,0,0,0,0,0,0,0,0,0,1.6,0,1.6,0,0,3,1,0,0,2,4,0,29,0,0.3,0.02,0.04,0.2,0.4,0.06,40,0,3,80,0.6,16,430,13,0.1,0,0.02,32,0,A00RY#F28.A07HS
6.28,"Stangselleri, rå",Grønnsaker,Grønnsaker,57,14,96,0,0,0,0,0,0,0,0,0,0,0,0,0,0,0,0,0,0,0,0,0,0,0,1.3,0,1.3,0,0,2,1,0.2,0,2,4,0,27,0,0.3,0.02,0.03,0.2,0.3,0.05,38,0,2,58,0.4,61,375,13,0.1,0,0.02,26,0,A00RY#F01.A05LE$F02.A0ELG$F27.A00RY
6.198,"Steinsopp, rå",Grønnsaker,Grønnsaker,125,30,91,0.2,0,0,0,0,0,0,0,0,0,0.1,0.1,0,0,0,0,0,0,0,0,0,0.1,0,2.4,0.8,1.6,0,0,3,3.1,0,0,0,0,0,0,2.6,0,0.14,0.35,4.9,5.4,0.18,30,0,0,1,0.8,5,270,7,0.9,11,0.49,47,1,A0DCY#F28.A07HS
6.078,"Surkål, kjøpt",Grønnsaker,Grønnsaker,124,29,92,0,0,0,0,0,0,0,0,0,0,0,0,0,0,0,0,0,0,0,0,0,0,0,5.1,0,5.1,5.1,5.1,2,1.4,1.5,0,2,3,0,18,0,0,0.04,0.01,0.2,0.4,0.15,16,0,10,50,1.2,590,180,10,0.3,0,0.05,23,0,A00ZJ#F06.A06YF$F27.A00FY$F28.A07KY
6.101,"Søtpotet, med skall, kokt uten salt",Grønnsaker,Grønnsaker,337,80,79,0.1,0,0,0,0,0,0,0,0,0,0,0,0,0,0,0,0,0,0,0,0,0,0,16.6,12.5,4.2,0,0,3,1.6,0.1,0,557,1113,0,6678,0,0.3,0.06,0.06,0.5,0.9,0.17,7,0,2,30,0.6,47,287,24,0.3,1,0.14,47,2,A010C#F20.A07QF$F28.A07GG
6.229,"Søtpotet, ovnsstekt",Grønnsaker,Grønnsaker,470,111,70,0.1,0,0,0,0,0,0,0,0,0,0,0,0,0,0,0,0,0,0,0,0,0,0,23.3,17.5,5.8,0,0,4,2.2,0.2,0,727,1453,0,8719,0,0.4,0.09,0.08,0.8,1.2,0.26,12,0,3,42,0.8,76,468,35,0.4,1,0.21,65,3,A010C#F01.A05KL$F02.A0F5F$F27.A010C$F28.A07GY
6.136,"Søtpotet, rå",Grønnsaker,Grønnsaker,338,80,79,0.1,0,0,0,0,0,0,0,0,0,0,0,0,0,0,0,0,0,0,0,0,0,0,16.8,12.6,4.2,0,0,3,1.6,0.1,0,551,1101,0,6608,0,0.3,0.08,0.06,0.6,0.9,0.21,11,0,2,30,0.6,55,337,25,0.3,1,0.15,47,2,A010C#F28.A07HS
6.081,"Tomat, hakket, tetrapak",Grønnsaker,Grønnsaker,99,24,94,0.2,0,0,0,0,0,0,0,0,0,0.1,0.1,0,0,0,0,0,0,0,0,0,0.1,0,4,0,4,0,0,1,0.8,0,0,29,57,0,344,0,1.9,0.04,0.03,1,1.1,0.14,30,0,17,13,0.5,7,300,13,0.2,0,0.11,22,2,A00ZC#F18.A07NL$F19.A07PM$F28.A07KY
6.07,"Tomat, hermetisk",Grønnsaker,Grønnsaker,87,21,95,0.2,0,0,0,0,0,0,0,0,0,0.1,0.1,0,0,0,0,0,0,0,0,0,0.1,0,3.3,0,3.3,0,0,1,0.8,0.1,0,28,56,0,340,0,1.4,0.04,0,0.8,0.9,0.12,26,0,13,11,0.7,24,290,12,0.1,0,0.12,22,2,A00ZC#F28.A0BYP
6.753,"Tomat, importert, rå",Grønnsaker,Grønnsaker,53,13,96,0,0,0,0,0,0,0,0,0,0,0,0,0,0,0,0,0,0,0,0,0,0,0,2,0,2,0,0,2,0.4,0,0,44,88,0,530,0,0.7,0.04,0.01,0.4,0.4,0.08,16,0,16,13,0.2,4,265,11,0.1,0,0.06,25,0,A0DMX#F26.A07XE$F28.A07HS
6.724,"Tomat, kokt",Grønnsaker,Grønnsaker,50,12,96,0,0,0,0,0,0,0,0,0,0,0,0,0,0,0,0,0,0,0,0,0,0,0,2,0,2,0,0,1,0.3,0,0,34,67,0,406,0,0.8,0.02,0.01,0.2,0.4,0.05,8,0,11,11,0.2,2,137,6,0.1,0,0.05,23,0,A0DMX#F28.A0BA1
6.069,"Tomat, norsk, rå",Grønnsaker,Grønnsaker,51,12,96,0,0,0,0,0,0,0,0,0,0,0,0,0,0,0,0,0,0,0,0,0,0,0,2.1,0,2.1,0,0,1,0.4,0,0,22,44,0,266,0,0.7,0.02,0.02,0.3,0.4,0.07,14,0,15,9,0.2,1,245,7,0.1,0,0.03,23,0,A0DMX#F26.A07XE$F28.A07HS
6.754,"Tomat, uspesifisert, rå",Grønnsaker,Grønnsaker,52,12,96,0,0,0,0,0,0,0,0,0,0,0,0,0,0,0,0,0,0,0,0,0,0,0,2.1,0,2.1,0,0,1,0.4,0,0,35,70,0,424,0,0.7,0.03,0.01,0.3,0.4,0.08,15,0,15,11,0.2,3,257,9,0.1,0,0.05,24,0,A0DMX#F26.A07XD$F28.A07HS
6.103,"Tomater, soltørkede, innlagte i olje, avrent",Grønnsaker,Grønnsaker,694,165,55,1.5,0.1,0,0,0.1,0,0.1,0.5,0,0.5,0.6,0.5,0,0,0,0,0,0,0,0,0,0.5,1,23,0,23,0,0,11,9.4,10.8,0,47,90,3,527,0,7,0.05,0.09,4.4,5.9,1.39,31,0,0,91,4.3,4300,2300,110,1.2,0,0.47,200,0,A00ZG#F06.A06XL
6.102,"Tomater, soltørkede, tørr",Grønnsaker,Grønnsaker,1179,280,28,3,0.4,0,0,0.3,0.1,0,0.5,0,0.5,1.1,1.1,0,0,0,0,0,0,0,0,0,1.1,0,43,0,43,0,0,12,14.1,5.2,0,44,87,0,524,0,0,0.53,0.49,9.1,11.5,0.33,68,0,39,110,9.1,2095,3427,194,2,6,1.42,356,0,A00ZG
6.08,Tomatpuré,Grønnsaker,Grønnsaker,354,84,73,0.2,0,0,0,0,0,0,0,0,0,0.1,0.1,0,0,0,0,0,0,0,0,0,0.1,0,14.5,0,14.5,0,0,2,4.8,1,0,146,291,0,1750,0,5.2,0.98,0.12,3.6,4.4,0.28,39,0,45,45,4.5,400,1257,57,0.6,1,0.41,94,2,A00ZD#F28.A0BYP
6.202,Tomatsalsa,Grønnsaker,Grønnsaker,105,25,94,0.9,0.1,0,0,0.1,0,0,0.7,0,0.7,0.1,0.1,0,0,0,0,0,0,0,0,0,0.1,0,2.6,0.1,2.5,0,0,2,0.6,0.3,0,30,59,0,358,0,0.7,0.03,0.04,0.3,0.4,0.09,19,0,15,15,0.3,116,242,10,0.1,0,0.05,26,0,A045M#F02.A0EPP$F04.A0DMX
6.199,"Traktkantarell, rå",Grønnsaker,Grønnsaker,99,24,93,0.8,0,0,0,0,0,0,0,0,0,0.2,0.2,0,0,0,0,0,0,0,0,0,0.2,0,0.4,0.2,0.2,0,0,3,2.2,0,0,110,220,0,1324,15.4,0,0.14,0.26,3.9,4.3,0.04,11,0,0,4,0.8,5,450,10,0.8,18,0.42,50,1,A0DCY#F28.A07HS
6.673,Tzatziki,Grønnsaker,Grønnsaker,152,36,93,1.5,1,0,0.1,0.4,0.2,0,0.4,0,0.3,0,0,0,0,0,0,0,0,0,0,0,0,4,3.3,0.2,3.2,0,0.1,0.2,2.2,0.5,0,19,21,17,27,0,0.1,0.03,0.08,0.1,0.6,0.04,6,0.2,3,81,0.2,206,197,13,0.3,1,0.01,65,16,A0FDF#F02.A0EPP$F04.A02NE
6.147,"Vannkastanje, rå",Grønnsaker,Grønnsaker,220,52,87,0.2,0,0,0,0,0,0,0.1,0,0.1,0.1,0.1,0,0,0,0,0,0,0,0,0,0.1,0,10.4,5.6,4.8,0,0,2,1.4,0,0,0,0,0,0,0,0,0.09,0.11,1,1.2,0.1,0,0,5,8,0.7,12,530,14,0,0,0,70,0,A16FL#F28.A07HS
6.135,"Vannkastanjer, hermetisk",Grønnsaker,Grønnsaker,161,38,89,0,0,0,0,0,0,0,0,0,0,0,0,0,0,0,0,0,0,0,0,0,0,0,7.4,4,3.4,0,0,3,0.9,0,0,0,0,0,0,0,0.5,0.01,0.03,0.3,0.5,0.16,6,0,1,11,0.7,11,140,5,0.4,1,0.1,45,0,A0ETQ#F27.A16FL
6.113,"Vårløk, rå",Grønnsaker,Grønnsaker,98,23,93,0.2,0,0,0,0.1,0,0,0,0,0.1,0.1,0.2,0,0,0,0,0,0,0,0,0,0.1,0,2.3,0,2.3,0,0,3,1.8,0,0,50,99,0,598,0,0.6,0.06,0.08,0.5,0.8,0.06,64,0,19,72,1.5,16,276,20,0.4,1,0.08,37,2,A00HH#F28.A07HS
6.238,Wakamesalat,Grønnsaker,Grønnsaker,406,97,78,2.7,0.4,0,0,0.2,0.1,0,1,0,1,1.1,1.1,0,0,0,0,0,0,0,0,0,1.1,0,14.7,0,14.7,14,14,3,1.8,2.4,0,63,125,0,753,0,0.1,0.04,0.15,0.8,0.1,0.03,25,0.2,12,82,0.7,955,599,94,0.3,1,0.03,36,230,A042B#F02.A06GZ$F04.A00VC
6.192,"Wasabirot, rå",Grønnsaker,Grønnsaker,435,103,71,0.6,0.1,0,0,0.1,0,0,0.1,0,0.1,0.4,0.3,0.1,0,0,0,0,0,0,0,0.1,0.3,0,15.7,0,0,0,0,8,4.8,0,0,2,3,0,21,0,0,0.13,0.11,0.7,1.5,0.27,18,0,42,128,1,17,568,69,1.6,0,0.16,80,1,A0CHH#F28.A07HS
6.674,"Wokblanding, indisk",Grønnsaker,Grønnsaker,222,53,88,2.2,0.2,0,0,0.1,0,0,1.2,0,1.2,0.6,0.5,0.2,0,0,0,0,0,0,0,0.2,0.5,0,5,1.7,3.4,0,0,3,1.9,0.1,0,147,293,0,1762,0,1.1,0.04,0.05,0.5,0.9,0.12,49,0,31,27,0.7,39,244,16,0.4,2,0.06,43,0,A16GB#F02.A06GK$F04.A07XJ
6.675,"Wokblanding, kinesisk",Grønnsaker,Grønnsaker,115,27,92,0.1,0,0,0,0,0,0,0,0,0,0.1,0.1,0,0,0,0,0,0,0,0,0,0.1,0,3.5,0.8,2.7,0,0,2,2,0.1,0,87,174,0,1047,0,0.5,0.06,0.06,0.4,0.7,0.1,33,0,14,28,0.7,34,300,12,0.4,0,0.07,40,0,A16GB#F02.A06GK$F04.A07XJ
6.106,"Wokblanding, klassisk",Grønnsaker,Grønnsaker,129,31,91,0.1,0,0,0,0,0,0,0,0,0,0.1,0,0,0,0,0,0,0,0,0,0,0,0,4.7,1.2,3.4,0,0,2,1.6,0.1,0,148,296,0,1776,0,0.5,0.03,0.07,0.4,0.6,0.11,46,0,10,32,0.6,33,290,15,0.3,0,0.05,41,0,A16GB#F02.A06GK$F04.A07XJ
6.676,"Wokblanding, thai",Grønnsaker,Grønnsaker,214,51,88,2.1,0.2,0,0,0.1,0,0,1.2,0,1.2,0.6,0.4,0.2,0,0,0,0,0,0,0,0.2,0.4,0,5.3,0.8,4.5,0,0,3,1.4,0,0,10,19,0,119,0,1.1,0.03,0.08,0.4,0.6,0.12,49,0,12,30,0.6,7,245,16,0.3,1,0.06,39,2,A16GB#F02.A06GK$F04.A07XJ
6.193,"Yams, rå",Grønnsaker,Grønnsaker,470,111,70,0.2,0,0,0,0,0,0,0,0,0,0.1,0.1,0,0,0,0,0,0,0,0,0,0.1,0,23.8,23.3,0.5,0,0,4,1.5,0,0,7,13,0,83,0,0.4,0.11,0.03,0.6,0.9,0.29,23,0,17,17,0.5,9,816,21,0.2,1,0.18,55,0,A010D#F28.A07HS
6.126,"Østerssopp, rå",Grønnsaker,Grønnsaker,113,27,93,0.4,0.1,0,0,0.1,0,0,0,0,0,0.1,0.1,0,0,0,0,0,0,0,0,0,0.1,0,2.6,0,2.6,0,0,2,2,0,0,2,4,0,29,0,0,0.07,0.2,5.2,5.5,0.11,51,0,2,0,0.4,18,298,16,0.7,1,0.24,110,0,A0DDN#F28.A07HS
13.142,"Americano, kaffe",Drikke,Drikke,25,6,99,0,0,0,0,0,0,0,0,0,0,0,0,0,0,0,0,0,0,0,0,0,0,0,1.3,1.2,0,0,0,0,0.2,0,0,0,0,0,0,0,0,0,0,0,0,0,0,0,0,2,0,0,0,9,0,0,0,0,0,A03KA#F02.A068Y$F04.A0C6A
6.775,Ananasjuice,Drikke,Drikke,196,46,89,0.1,0,0,0,0,0,0,0,0,0,0,0,0,0,0,0,0,0,0,0,0,0,0,10.8,0,10.8,0,10.8,0.2,0.4,0,0,2,3,0,20,0,0,0.06,0.02,0.2,0.3,0.1,18,0,29,18,0.2,2,141,15,0.1,0,0.06,10,1,A03AF
6.682,"Appelsinjuice, ferskpresset",Drikke,Drikke,155,37,91,0.2,0,0,0,0,0,0,0,0,0,0.1,0,0,0,0,0,0,0,0,0,0,0,0,8.1,0,8.1,0,8.1,0,0.6,0,0,5,9,0,55,0,0.4,0.08,0.02,0.2,0.3,0.05,28,0,48,12,0.3,2,180,12,0,0,0,22,1,A03AM#F02.A068V$F27.A0DZB$F28.A07LN
6.568,"Appelsinjuice, fra konsentrat",Drikke,Drikke,181,43,90,0.2,0,0,0,0,0,0,0,0,0,0.1,0,0,0,0,0,0,0,0,0,0,0,0,9.6,0,9.6,0,9.8,0,0.6,0,0,3,6,0,40,0,0.2,0.33,0.02,0.4,0.5,0.04,32,0,31,12,0.1,3,164,10,0.1,0,0.03,16,1,A03AM#F28.A07MR
6.585,"Appelsinsaft, drikkeklar",Drikke,Drikke,146,34,91,0,0,0,0,0,0,0,0,0,0,0,0,0,0,0,0,0,0,0,0,0,0,0,8.5,0,8.5,7.3,8.5,0,0.1,0,0,0,0,0,5,0,0,0.04,0,0.1,0.1,0.01,4,0,4,2,0,0,21,1,0,0,0,2,0,A03EL#F02.A06HJ$F04.A0DZB
6.569,"Appelsinsaft, ublandet",Drikke,Drikke,732,172,57,0.1,0,0,0,0,0,0,0,0,0,0,0,0,0,0,0,0,0,0,0,0,0,0,42.4,0,42.4,36.3,42.5,0,0.4,0,0,2,4,0,25,0,0.1,0.21,0.01,0.3,0.3,0.03,20,0,20,8,0,2,105,6,0,0,0.02,10,0,A03GE#F02.A0F0Q$F04.A0DZB$F22.A07SH$F28.A07KF
13.012,"Brennevin, 40 vol-% alkohol",Drikke,Drikke,1012,244,64,0,0,0,0,0,0,0,0,0,0,0,0,0,0,0,0,0,0,0,0,0,0,0,2.1,0,2.1,2.1,2.1,0,0,0,33.7,0,0,0,0,0,0,0,0,0,0,0,0,0,0,0,0,0,0,0,0,0,0,0,0,A0CSC#F11.A07DL
13.011,"Brennevin, 60 vol-% alkohol",Drikke,Drikke,1529,369,47,0,0,0,0,0,0,0,0,0,0,0,0,0,0,0,0,0,0,0,0,0,0,0,0,0,0,0,0,0,0,0,52.7,0,0,0,0,0,0,0,0,0,0,0,0,0,0,0,0,0,0,0,0,0,0,0,0,A0CSC#F11.A07EJ
13.044,"Brus, bitter lemon",Drikke,Drikke,187,44,89,0,0,0,0,0,0,0,0,0,0,0,0,0,0,0,0,0,0,0,0,0,0,0,11,0,11,10.6,10.6,0,0,0,0,0,0,0,0,0,0,0,0,0,0,0,0,0,1,0,0,9,1,1,0,0,0,0,0,A03EY
13.047,"Brus, cola, kunstig søtet, lett",Drikke,Drikke,0,0,100,0,0,0,0,0,0,0,0,0,0,0,0,0,0,0,0,0,0,0,0,0,0,0,0,0,0,0,0,0,0,0,0,0,0,0,0,0,0,0,0,0,0,0,0,0,0,3,0,8,2,1,0,0,0,9,0,A03FY#F02.A06HJ$F02.A0ENS$F10.A0CQG$F10.A0CRG
13.045,"Brus, cola, med sukker",Drikke,Drikke,180,42,89,0,0,0,0,0,0,0,0,0,0,0,0,0,0,0,0,0,0,0,0,0,0,0,10.6,0,10.6,10.6,10.6,0,0,0,0,0,0,0,0,0,0,0,0,0,0,0,0,0,0,2,0,2,0,0,0,0,0,15,0,A03FQ
13.048,"Brus, fruktjuice, kunstig søtet, lett",Drikke,Drikke,3,1,100,0,0,0,0,0,0,0,0,0,0,0,0,0,0,0,0,0,0,0,0,0,0,0,0.2,0,0.2,0,0.8,0,0,0,0,0,0,0,1,0,0,0,0,0,0,0,0,0,1,2,0,8,11,0,0,0,0,0,0,A03EA#F08.A046M$F10.A0CRG$F18.A07NM$F19.A07PR
13.046,"Brus, fruktjuice, med sukker",Drikke,Drikke,163,38,90,0,0,0,0,0,0,0,0,0,0,0,0,0,0,0,0,0,0,0,0,0,0,0,9.6,0,9.6,10,10,0,0,0,0,0,0,0,1,0,0,0,0,0,0,0,0,0,1,2,0,0,8,0,0,0,0,0,0,A03EV#F18.A07NM$F19.A07PR
13.043,"Brus, tonic water",Drikke,Drikke,153,36,91,0,0,0,0,0,0,0,0,0,0,0,0,0,0,0,0,0,0,0,0,0,0,0,9,0,9,9,9,0,0,0,0,0,0,0,0,0,0,0,0,0,0,0,0,0,0,0,0,9,1,1,0,0,0,0,0,A03EX
13.127,"Caffe latte, enkel, med havrebasert drikke",Drikke,Drikke,234,55,87,1,0.1,0,0,0.1,0,0,0.5,0,0.5,0.4,0.3,0,0,0,0,0,0,0,0,0.1,0.3,0,10.5,6.6,3.9,0,0,0,1.2,0.1,0,0,0,0,0,0.7,0.2,0.01,0.11,0,0.2,0.01,4,0.2,0,94,0.1,23,33,7,0,0,0,28,0,A03KA#F02.A068Y$F04.A03TL$F04.A0C6A
13.162,"Caffe latte, enkel, med havrebasert drikke (med jod)",Drikke,Drikke,237,56,88,1.2,0.1,0,0,0.1,0,0,0.6,0,0.6,0.4,0.4,0.1,0,0,0,0,0,0,0,0.1,0.4,0,10.3,6.2,4,0,0,0,1.1,0.1,0,0,0,0,0,0.8,0.2,0.01,0.17,0,0.2,0.01,12,0.3,0,109,0.1,32,35,6,0.1,0,0,30,10,A03KA#F02.A068Y$F04.A03TL$F04.A0C6A$F09.A0EXA
13.04,"Caffe latte, enkel, med helmelk",Drikke,Drikke,247,59,89,3.2,2,0.1,0.3,0.9,0.3,0.1,0.7,0.1,0.7,0.1,0.1,0,0,0,0,0,0,0,0,0,0,8,4.6,0.6,4,0,0,0,3.1,0.1,0,22,23,20,18,0,0,0.01,0.12,0,0.7,0.01,1,0.5,0,117,0,35,152,14,0.4,1,0.02,99,14,A03KH#F04.A02LY
13.141,"Caffe latte, enkel, med laktosefri melk",Drikke,Drikke,191,45,91,2,1.2,0.1,0.2,0.6,0.2,0,0.4,0,0.4,0,0,0,0,0,0,0,0,0,0,0,0,5,3.3,0.6,2.7,0,0,0,3.6,0.1,0,0,0,0,0,0,0,0.01,0.05,0.1,0.9,0.02,3,0.4,0,107,0,26,136,12,0.3,2,0,81,14,A03KH#F04.A02LY$F10.A0CQD
13.041,"Caffe latte, enkel, med lettmelk",Drikke,Drikke,158,37,92,0.7,0.4,0,0.1,0.2,0.1,0,0.1,0,0.1,0,0,0,0,0,0,0,0,0,0,0,0,1,4.6,0.6,4,0,0,0,3.2,0.1,0,5,4,4,4,0.3,0,0.02,0.12,0.1,0.8,0.02,2,0.5,0,118,0,36,153,10,0.2,1,0,99,14,A03KH#F04.A02LZ
13.128,"Caffe latte, enkel, med soyabasert drikke",Drikke,Drikke,117,28,94,0.8,0.2,0,0,0.2,0.1,0,0.3,0,0.3,1,0.8,0.1,0,0,0,0,0,0,0,0.1,0.8,0,2,0.6,1.4,1.2,1.2,0,3.2,0.1,0,0,0,0,0,0.4,0.2,0.02,0.2,0,0.5,0.02,17,0.3,0,133,0.3,22,255,20,0.3,1,0.1,123,0,A03KA#F02.A068Y$F04.A03TJ$F04.A0C6A
13.081,Caffe mocca,Drikke,Drikke,224,53,89,1.7,1.1,0.1,0.2,0.5,0.2,0,0.4,0,0.3,0,0,0,0,0,0,0,0,0,0,0,0,4,7.4,2.4,5,2.8,2.8,0,2,0.1,0,20,20,19,10,0,0,0.02,0.07,0.1,0.5,0.02,1,0.2,0,60,0.1,24,103,26,0.3,0,0.01,49,9,A03KG#F04.A0EQD
13.079,Café au lait,Drikke,Drikke,178,42,92,1.8,1.1,0.1,0.2,0.5,0.2,0.1,0.4,0,0.4,0,0,0,0,0,0,0,0,0,0,0,0,5,4.7,2.5,2.3,0,0,0,2,0.1,0,21,21,20,10,0,0.1,0.02,0.07,0.1,0.5,0.02,1,0.2,0,62,0,20,75,23,0.2,1,0.01,45,10,A03KG#F04.A02LV
13.133,"Café au lait, med havrebasert drikke",Drikke,Drikke,176,42,90,0.6,0.1,0,0,0.1,0,0,0.3,0,0.3,0.2,0.2,0,0,0,0,0,0,0,0,0,0.2,0,8.1,5.9,2.3,0,0,0,1.1,0,0,0,0,0,0,0.4,0.1,0.01,0.06,0,0.2,0.01,2,0.1,0,58,0.1,13,19,19,0,0,0,16,2,A03KA#F02.A068Y$F04.A03TL$F04.A0C6A
13.16,"Café au lait, med havrebasert drikke (med jod)",Drikke,Drikke,197,47,89,0.8,0.1,0,0,0.1,0,0,0.4,0,0.4,0.3,0.2,0.1,0,0,0,0,0,0,0,0.1,0.2,0,8.8,5.9,2.9,0,0,0,1,0.1,0,0,0,0,0,0.6,0.2,0.01,0.12,0,0.2,0.01,9,0.2,0,80,0.1,23,25,14,0,0,0,22,8,A03KA#F02.A068Y$F04.A03TL$F04.A0C6A$F09.A0EXA
13.132,"Café au lait, med laktosefri melk",Drikke,Drikke,152,36,92,1.1,0.7,0,0.1,0.3,0.1,0,0.3,0,0.2,0,0,0,0,0,0,0,0,0,0,0,0,3,4,2.5,1.6,0,0,0,2.5,0,0,0,0,0,0,0,0,0.01,0.03,0.1,0.6,0.01,2,0.2,0,65,0,15,78,22,0.2,1,0,46,9,A03KG#F04.A02LV$F10.A0CQD
13.134,"Café au lait, med soyabasert drikke",Drikke,Drikke,110,26,94,0.5,0.1,0,0,0.1,0,0,0.2,0,0.2,0.6,0.5,0.1,0,0,0,0,0,0,0,0.1,0.5,0,3.3,2.5,0.8,0.7,0.7,0,2.2,0,0,0,0,0,0,0.2,0.1,0.01,0.12,0,0.4,0.01,10,0.1,0,80,0.2,13,145,27,0.1,0,0.06,70,2,A03KA#F02.A068Y$F04.A03TJ$F04.A0C6A
13.136,"Cappucino, enkel, med havrebasert drikke",Drikke,Drikke,218,51,88,0.9,0.1,0,0,0.1,0,0,0.4,0,0.4,0.3,0.3,0,0,0,0,0,0,0,0,0,0.3,0,9.8,6.4,3.4,0,0,0,1.1,0.1,0,0,0,0,0,0.6,0.2,0.01,0.09,0,0.2,0.01,3,0.2,0,84,0.1,20,29,11,0,0,0,25,0,A03KA#F02.A068Y$F04.A03TL$F04.A0C6A
13.159,"Cappucino, enkel, med havrebasert drikke (med jod)",Drikke,Drikke,227,54,88,1.1,0.1,0,0,0.1,0,0,0.6,0,0.6,0.4,0.3,0.1,0,0,0,0,0,0,0,0.1,0.3,0,9.9,6.1,3.8,0,0,0,1.1,0.1,0,0,0,0,0,0.7,0.2,0.01,0.16,0,0.2,0.01,11,0.3,0,102,0.1,30,32,8,0.1,0,0,28,9,A03KA#F02.A068Y$F04.A03TL$F04.A0C6A$F09.A0EXA
13.038,"Cappucino, enkel, med helmelk",Drikke,Drikke,229,55,90,2.8,1.8,0.1,0.3,0.8,0.3,0.1,0.6,0.1,0.6,0.1,0,0,0,0,0,0,0,0,0,0,0,7,4.6,1.1,3.5,0,0,0,2.8,0.1,0,19,20,18,15,0,0,0.01,0.11,0,0.7,0,0,0.4,0,104,0,31,133,17,0.3,1,0.02,87,13,A03KH#F04.A02LY
13.135,"Cappucino, enkel, med laktosefri melk",Drikke,Drikke,179,43,92,1.7,1.1,0.1,0.2,0.5,0.2,0,0.4,0,0.3,0,0,0,0,0,0,0,0,0,0,0,0,4,3.5,1.1,2.4,0,0,0,3.3,0.1,0,0,0,0,0,0,0,0.01,0.04,0.1,0.8,0.02,3,0.4,0,94,0,23,119,15,0.2,2,0,70,13,A03KH#F04.A02LV$F10.A0CQD
13.039,"Cappucino, enkel, med lettmelk",Drikke,Drikke,151,36,92,0.6,0.4,0,0.1,0.2,0.1,0,0.1,0,0.1,0,0,0,0,0,0,0,0,0,0,0,0,1,4.6,1.1,3.5,0,0,0,2.9,0.1,0,4,4,4,3,0.2,0,0.02,0.11,0,0.7,0.01,1,0.4,0,104,0,31,133,13,0.2,1,0,87,13,A03KH#F04.A02LZ
13.137,"Cappucino, enkel, med soyabasert drikke",Drikke,Drikke,115,27,94,0.7,0.2,0,0,0.1,0.1,0,0.3,0,0.3,0.8,0.7,0.1,0,0,0,0,0,0,0,0.1,0.7,0,2.3,1.1,1.2,1.1,1.1,0,2.9,0,0,0,0,0,0,0.4,0.2,0.02,0.18,0,0.5,0.02,15,0.2,0,118,0.3,20,223,22,0.2,1,0.08,108,1,A03KA#F02.A068Y$F04.A03TJ$F04.A0C6A
13.153,"Cider, eple, 0,6 vol-% alkohol",Drikke,Drikke,168,40,91,0,0,0,0,0,0,0,0,0,0,0,0,0,0,0,0,0,0,0,0,0,0,0,8.9,0,8.9,0,0,0,0,0,0.6,0,0,0,0,0,0,0,0,0,0,0,2,0,2,10,0.1,4,28,2,0,1,0.01,2,0,A03ND#F02.A0ENL$F11.A077V$F27.A01DJ$F28.A0C00
13.154,"Cider, pære, 0,6 vol-% alkohol",Drikke,Drikke,176,41,90,0,0,0,0,0,0,0,0,0,0,0,0,0,0,0,0,0,0,0,0,0,0,0,9.3,0,9.3,0,0,0,0,0,0.6,0,0,0,0,0,0,0,0,0,0,0,2,0,9,10,0,4,29,5,0,2,0,2,1,A03ND#F02.A0ENL$F11.A077V$F27.A01DJ$F28.A0C00
13.152,"Cider, pære, 0,6 vol-% alkohol, kunstig søtet",Drikke,Drikke,37,9,98,0,0,0,0,0,0,0,0,0,0,0,0,0,0,0,0,0,0,0,0,0,0,0,1.2,0,1.2,0,0,0,0,0,0.6,0,0,0,0,0,0,0,0,0,0,0,2,0,0,10,0,8,18,2,0,0,0.01,1,2,A03ND#F02.A0ENL$F08.A046M$F11.A077V$F27.A01DJ$F28.A0C00
13.063,"Cider, søt, 4,5 vol-% alkohol",Drikke,Drikke,249,59,88,0,0,0,0,0,0,0,0,0,0,0,0,0,0,0,0,0,0,0,0,0,0,0,8.5,0,8.5,7.8,8.5,0,0,0,3.6,0,0,0,0,0,0,0,0,0,0,0.01,0,0,0,8,0.5,7,72,3,0,0,0.04,3,0,A03ND
13.08,"Cortado, enkel",Drikke,Drikke,178,42,92,1.8,1.1,0.1,0.2,0.5,0.2,0.1,0.4,0,0.4,0,0,0,0,0,0,0,0,0,0,0,0,5,4.7,2.5,2.3,0,0,0,2,0.1,0,21,21,20,10,0,0.1,0.02,0.07,0.1,0.5,0.02,1,0.2,0,62,0,20,75,23,0.2,1,0.01,45,10,A03KG#F04.A02LV
13.13,"Cortado, enkel, med havrebasert drikke",Drikke,Drikke,176,42,90,0.6,0.1,0,0,0.1,0,0,0.3,0,0.3,0.2,0.2,0,0,0,0,0,0,0,0,0,0.2,0,8.1,5.9,2.3,0,0,0,1.1,0,0,0,0,0,0,0.4,0.1,0.01,0.06,0,0.2,0.01,2,0.1,0,58,0.1,13,19,19,0,0,0,16,2,A03KA#F02.A068Y$F04.A03TL$F04.A0C6A
13.161,"Cortado, enkel, med havrebasert drikke (med jod)",Drikke,Drikke,197,47,89,0.8,0.1,0,0,0.1,0,0,0.4,0,0.4,0.3,0.2,0.1,0,0,0,0,0,0,0,0.1,0.2,0,8.8,5.9,2.9,0,0,0,1,0.1,0,0,0,0,0,0.6,0.2,0.01,0.12,0,0.2,0.01,9,0.2,0,80,0.1,23,25,14,0,0,0,22,8,A03KA#F02.A068Y$F04.A03TL$F04.A0C6A$F09.A0EXA
13.129,"Cortado, enkel, med laktosefri melk",Drikke,Drikke,152,36,92,1.1,0.7,0,0.1,0.3,0.1,0,0.3,0,0.2,0,0,0,0,0,0,0,0,0,0,0,0,3,4,2.5,1.6,0,0,0,2.5,0,0,0,0,0,0,0,0,0.01,0.03,0.1,0.6,0.01,2,0.2,0,65,0,15,78,22,0.2,1,0,46,9,A03KG#F04.A02LV$F10.A0CQD
13.131,"Cortado, enkel, med soyabasert drikke",Drikke,Drikke,110,26,94,0.5,0.1,0,0,0.1,0,0,0.2,0,0.2,0.6,0.5,0.1,0,0,0,0,0,0,0,0.1,0.5,0,3.3,2.5,0.8,0.7,0.7,0,2.2,0,0,0,0,0,0,0.2,0.1,0.01,0.12,0,0.4,0.01,10,0.1,0,80,0.2,13,145,27,0.1,0,0.06,70,2,A03KA#F02.A068Y$F04.A03TJ$F04.A0C6A
13.057,"Dessertvin, ekstra søt, musserende",Drikke,Drikke,316,76,88,0,0,0,0,0,0,0,0,0,0,0,0,0,0,0,0,0,0,0,0,0,0,0,3.7,0,3.7,0,3.7,0,0.2,0,8.6,0,0,0,0,0,0,0,0.01,0.1,0.1,0.01,0,0,0,14,0.6,13,110,11,0,0,0.05,13,2,A03NF
6.728,Druejuice,Drikke,Drikke,281,66,84,0.1,0,0,0,0,0,0,0,0,0,0,0,0,0,0,0,0,0,0,0,0,0,0,16,0,16,0,16,0,0.3,0,0,0,0,0,0,0,0,0,0.01,0.1,0.2,0.04,1,0,0,19,0.9,7,55,7,0.1,1,0,14,0,A03AK
13.064,"Energidrikk, tilsatt taurin, koffein og B-vitaminer",Drikke,Drikke,210,49,88,0,0,0,0,0,0,0,0,0,0,0,0,0,0,0,0,0,0,0,0,0,0,0,12.1,0,12.1,12.1,12.1,0,0.3,0,0,0,0,0,0,0,0,0.03,0.6,8,8.1,0.3,0,1.1,0,13,0,19,3,3,0,0,0.01,0,0,A03GA
13.065,"Energidrikk, tilsatt taurin, koffein og B-vitaminer, sukkerfri",Drikke,Drikke,14,3,99,0,0,0,0,0,0,0,0,0,0,0,0,0,0,0,0,0,0,0,0,0,0,0,0.4,0,0.4,0,0,0,0.4,0,0,0,0,0,0,0,0,0.03,0.6,8,8.1,0.3,0,1.5,0,13,0,0,3,3,0,0,0.01,0,0,A03GA#F08.A046M
6.571,"Eplejuice, most",Drikke,Drikke,180,42,89,0.1,0,0,0,0,0,0,0,0,0,0,0,0,0,0,0,0,0,0,0,0,0,0,10.2,0,10.2,0,10.2,0.3,0,0,0,0,0,0,0,0,0,0.02,0.2,0.1,0.1,0.03,1,0,1,7,0.4,3,119,5,0,0,0.01,7,0,A039M
6.586,Eplenektar,Drikke,Drikke,178,42,90,0.1,0,0,0,0,0,0,0,0,0,0,0,0,0,0,0,0,0,0,0,0,0,0,10.3,0,10.3,5.2,10.3,0.2,0,0,0,0,0,0,0,0,0,0.01,0.1,0.1,0.1,0.02,0,0,1,4,0.2,2,60,3,0,0,0.01,4,0,A03BD
13.069,"Espresso, enkel",Drikke,Drikke,100,24,94,0,0,0,0,0,0,0,0,0,0,0,0,0,0,0,0,0,0,0,0,0,0,0,5,4.9,0.1,0,0,0,0.9,0,0,0,0,0,0,0,0,0,0,0,0.2,0,0,0,0,9,0,0,0,35,0,0,0,0,3,A03KB#F02.A068Y$F04.A03DK$F04.A03GN$F10.A06HX$F28.A07MK
13.143,"Frappe, jordbær og hvit sjokolade",Drikke,Drikke,584,139,71,4.6,2.9,0.1,0.4,1.3,0.6,0.1,1.1,0.1,1,0.1,0.1,0,0,0,0,0,0,0,0,0,0,11,21.5,0.2,21.4,17.4,17.4,0,2.8,0.1,0,31,33,29,24,0.1,0.1,0.03,0.14,0.1,0.7,0.03,4,0.3,2,138,0.2,40,148,12,0.4,2,0.01,90,9,A02PZ#F02.A06AY$F02.A0ENY$F04.A01QJ$F04.A02LV$F04.A02ML$F04.A034P
13.144,"Frappe, karamell/mocca",Drikke,Drikke,606,144,70,4.7,2.9,0.1,0.4,1.3,0.6,0.1,1.2,0.1,1,0.1,0.1,0,0,0,0,0,0,0,0,0,0,11,21.4,0.4,21,17.3,17.3,0.8,3.7,0.2,0,30,32,28,24,0,0,0.03,0.13,0.1,0.9,0.03,5,0.3,0,141,0.5,83,252,37,0.7,2,0.13,109,10,A02PZ#F02.A06AY$F02.A0ENY$F04.A02LV$F04.A02ML$F04.A035A
13.147,Frokostjuice,Drikke,Drikke,184,43,89,0.1,0,0,0,0,0,0,0,0,0,0,0,0,0,0,0,0,0,0,0,0,0,0,10.3,0,10.3,0,10.3,0.2,0.2,0,0,4,8,0,51,0,0.1,0.09,0.13,0.2,0.2,0.04,8,0,8,10,0.4,5,125,6,0,0,0.02,10,0,A03AN#F02.A068V$F27.A01DJ$F28.A07LN$F28.A0CRL
6.776,Grapefruktjuice,Drikke,Drikke,141,33,92,0.1,0,0,0,0,0,0,0,0,0,0,0,0,0,0,0,0,0,0,0,0,0,0,7.5,0,7.5,0,7.5,0.1,0.5,0,0,0,0,0,0,0,0.2,0.04,0.02,0.2,0.3,0,10,0,32,12,0,2,115,7,0,0,0.02,12,0,A03AL
6.242,"Grønn juice, med agurk og spinat, kjøpt i kafé/bakeri",Drikke,Drikke,116,27,93,0.1,0,0,0,0,0,0,0,0,0,0,0,0,0,0,0,0,0,0,0,0,0,0,5.4,0,5.4,0,4.8,1,0.8,0,0,53,105,0,634,0,0.4,0.03,0.13,0.2,0.3,0.07,42,0,6,36,0.6,11,254,16,0.1,0,0.03,21,1,A03DB#F02.A068V$F10.A0F2Q$F22.A07SK$F27.A00JM$F27.A00MJ$F27.A01DJ$F28.A07LN$F28.A0CRL
13.023,"Gulløl, 5,7 vol-% alkohol",Drikke,Drikke,246,59,89,0,0,0,0,0,0,0,0,0,0,0,0,0,0,0,0,0,0,0,0,0,0,0,6.1,3,3.1,0,0,0,0.5,0,4.6,0,0,0,0,0,0,0.01,0.02,0.6,0.7,0.05,3,0,0,5,0,4,42,8,0,0,0.01,22,0,A03MD#F02.A0ENH$F10.A06HX$F28.A0C01
13.148,Gulrotjuice,Drikke,Drikke,123,29,92,0.1,0,0,0,0,0,0,0,0,0,0,0,0,0,0,0,0,0,0,0,0,0,0,6.2,0,6.2,0,6.2,0.8,0.5,0.1,0,111,221,0,1330,0,1.2,0.09,0.06,1,1.1,0.22,4,0,9,15,0.2,47,205,7,0.1,1,0.06,26,0,A03CK#F02.A068V$F27.A00QH$F28.A07LN
13.122,Havre- og mandelbasert drikke ,Drikke,Drikke,338,80,83,2.4,0.3,0,0,0.2,0,0,1.3,0,1.3,0.8,0.7,0,0,0,0,0,0,0,0,0,0.7,0,12.5,6.5,6,0,0,0,2.2,0.1,0,0,0,0,0,0,0.8,0.02,0.04,0.2,0.6,0.01,6,0,0,4,0.2,32,59,9,0.2,1,0,40,0,A03TH#F02.A06HP$F04.A000F$F04.A014D
13.125,Havrebasert drikke,Drikke,Drikke,236,56,87,1,0.1,0,0,0.1,0,0,0.5,0,0.5,0.4,0.3,0.1,0,0,0,0,0,0,0,0.1,0.3,0,10.5,6.3,4.3,0,0,0,1.1,0.1,0,0,0,0,0,0.9,0.2,0.08,0.15,0,0.2,0.01,13,0.2,0,86,0.1,34,37,4,0.1,0,0.04,27,12,A03TL#F02.A06HP$F04.A000G
13.103,"Havrebasert drikke, appelsin- og mangosmak",Drikke,Drikke,229,54,87,0.5,0.1,0,0,0.1,0,0,0.2,0,0.1,0.2,0.2,0,0,0,0,0,0,0,0,0,0.2,0,11.3,3.9,7.4,3.7,7.4,0.8,0.7,0,0,0,0,0,0,0,0.6,0.03,0,0.1,0.2,0,0,0,0,3,0,6,49,0,0.1,0,0,20,0,A03TL#F02.A06HP$F04.A000G$F04.A06QN$F04.A06RR
13.157,"Havrebasert drikke, med jod, kalsium og vitaminer (vit D, vit B2, vit B12) ",Drikke,Drikke,247,59,87,1.4,0.2,0,0,0.1,0,0,0.8,0,0.8,0.5,0.4,0.1,0,0,0,0,0,0,0,0.1,0.4,0,10.3,6.7,3.6,0,0,0,1.1,0.1,0,0,0,0,0,0.6,0.3,0.02,0.22,0,0.2,0.02,5,0.4,0,120,0.1,41,35,4,0.1,0,0,43,23,A03TL#F02.A06HP$F04.A000G$F09.A0EXA$F09.A0EXH$F09.A0EXM$F09.A0EXP$F09.A0EXX
13.124,"Havrebasert drikke, med jod, kalsium, vitaminer (vit B2, folat, vit B12, vit D)",Drikke,Drikke,232,55,88,1.4,0.2,0,0,0.1,0,0,0.8,0,0.7,0.5,0.4,0.1,0,0,0,0,0,0,0,0.1,0.4,0,9.7,5,4.7,0,0,0,0.9,0.1,0,0,0,0,0,1.1,0.3,0.02,0.27,0,0.2,0.01,39,0.4,0,130,0.2,42,37,5,0.1,1,0,23,18,A03TL#F02.A06HP$F04.A000G$F04.A0EXA$F04.A0EXH$F04.A0EXM$F04.A0EXP$F04.A0EXQ$F04.A0EXX
13.123,"Havrebasert drikke, med kalsium og vitamin D",Drikke,Drikke,258,61,86,0.8,0.1,0,0,0.1,0,0,0.3,0,0.3,0.3,0.3,0,0,0,0,0,0,0,0,0,0.3,0,12.2,6.9,5.3,0,0,0,1.3,0,0,0,0,0,0,1,0.1,0,0.02,0,0.2,0.01,4,0,0,92,0.1,12,41,4,0,0,0,21,0,A03TL#F02.A06HP$F04.A000G$F04.A0EXH$F04.A0EXM
13.068,"Havrebasert drikke, med kalsium og vitaminer (vit D, vit B2, vit B12) ",Drikke,Drikke,247,59,87,1.4,0.2,0,0,0.1,0,0,0.8,0,0.8,0.5,0.4,0.1,0,0,0,0,0,0,0,0.1,0.4,0,10.3,6.7,3.6,0,0,0,1.1,0.1,0,0,0,0,0,0.6,0.3,0.02,0.22,0,0.2,0.02,5,0.4,0,120,0.1,41,35,4,0.1,0,0,43,0,A03TL#F04.A0EXH$F04.A0EXM$F04.A0EXP$F04.A0EXX
13.156,"Havrebasert drikke, sjokoladesmak, med jod, kalsium og vitaminer (vit D, vitB2, vitB12)",Drikke,Drikke,297,71,84,1.6,0.2,0,0,0.1,0.1,0,0.8,0,0.8,0.5,0.4,0.1,0,0,0,0,0,0,0,0.1,0.4,0,12.3,5.1,7.2,3.5,3.5,1,1.2,0.2,0,0,0,0,0,1,0.6,0.03,0.29,0.1,0.3,0,6,0.4,0,110,0.9,64,66,10,0.2,0,0.09,51,21,A03TL#F02.A06HP$F04.A000G$F04.A06MF$F09.A0EXA$F09.A0EXH$F09.A0EXM$F09.A0EXP$F09.A0EXX
13.101,"Havrebasert drikke, sjokoladesmak, med kalsium, vitaminer (vit D, vitB2, vitB12)",Drikke,Drikke,297,71,84,1.6,0.2,0,0,0.1,0.1,0,0.8,0,0.8,0.5,0.4,0.1,0,0,0,0,0,0,0,0.1,0.4,0,12.3,5.1,7.2,3.5,3.5,1,1.2,0.2,0,0,0,0,0,1,0.6,0.03,0.29,0.1,0.3,0,6,0.4,0,110,0.9,64,66,10,0.2,0,0.09,51,0,A03TL#F04.A06MF$F09.A0EXH$F09.A0EXM$F09.A0EXP$F09.A0EXX
13.121,"Havrebasert drikke, økologisk",Drikke,Drikke,206,49,89,0.5,0.1,0,0,0.1,0,0,0.2,0,0.2,0.2,0.2,0,0,0,0,0,0,0,0,0,0.2,0,10,6.4,3.6,0,0,0,1,0.1,0,0,0,0,0,0,0,0.27,0.08,0,0.2,0.01,5,0,0,2,0.1,40,33,3,0.1,0,0,22,0,A03TL#F02.A06HP$F04.A000G$F21.A07SE
13.015,"Hetvin, søt, 17 vol-% alkohol",Drikke,Drikke,578,138,76,0,0,0,0,0,0,0,0,0,0,0,0,0,0,0,0,0,0,0,0,0,0,0,9.8,0,9.8,9.8,9.8,0,0.3,0,14,0,0,0,0,0,0,0,0.01,0.1,0.2,0.01,0,0,0,7,0.4,13,110,11,0,0,0.11,10,2,A03NH
13.018,"Hetvin, tørr, 15 vol-% alkohol",Drikke,Drikke,401,96,85,0,0,0,0,0,0,0,0,0,0,0,0,0,0,0,0,0,0,0,0,0,0,0,3,0,3,0,0,0,0.1,0,12,0,0,0,0,0,0,0,0,0,0,0.01,0,0,0,7,0.3,11,34,6,0,0,0.03,6,2,A03NH
6.59,"Husholdningssaft, drikkeklar",Drikke,Drikke,178,42,90,0,0,0,0,0,0,0,0,0,0,0,0,0,0,0,0,0,0,0,0,0,0,0,10.4,0,10.4,8.9,10.4,0,0,0,0,0,0,0,0,0,0,0,0.01,0,0,0,0,0,0,2,0.1,1,9,1,0,0,0,1,0,A03EV#F22.A07SH$F28.A07MQ
6.589,"Husholdningssaft, ublandet, kjøpt",Drikke,Drikke,892,210,48,0.1,0,0,0,0,0,0,0,0,0,0,0,0,0,0,0,0,0,0,0,0,0,0,52.2,0,52.2,44.4,52.2,0.1,0.1,0,0,0,0,0,0,0,0,0,0.04,0.1,0.1,0.02,0,0,0,8,0.4,3,44,4,0,0,0.01,6,0,A03EV#F10.A0CRD$F22.A07SH
13.056,"Hvitvin, halvsøt/søt, inkl musserende",Drikke,Drikke,298,72,88,0,0,0,0,0,0,0,0,0,0,0,0,0,0,0,0,0,0,0,0,0,0,0,3.4,0,3.4,0,3.4,0,0.2,0,8.2,0,0,0,0,0,0,0,0.01,0.1,0.1,0.01,0,0,0,14,0.6,13,110,11,0,0,0.05,13,2,A03MV
13.031,"Hvitvin, halvtørr, 10 vol-% alkohol",Drikke,Drikke,299,72,89,0,0,0,0,0,0,0,0,0,0,0,0,0,0,0,0,0,0,0,0,0,0,0,0.6,0,0.6,0,0,0,0.1,0,9.9,0,0,0,0,0,0,0,0,0.1,0.1,0.01,0,0,0,12,0.8,11,81,8,0,0,0,8,2,A03MV#F11.A07CD
13.058,"Hvitvin, rosé, musserende",Drikke,Drikke,435,104,82,0,0,0,0,0,0,0,0,0,0,0,0,0,0,0,0,0,0,0,0,0,0,0,6,0,6,5.8,6,0,0.2,0,11.4,0,0,0,0,0,0,0,0.01,0.1,0.1,0.01,0,0,0,10,0.5,9,105,11,0.1,0,0.07,13,2,A03NB#F26.A07XD
13.032,"Hvitvin, tørr, 12 vol-% alkohol",Drikke,Drikke,287,69,90,0,0,0,0,0,0,0,0,0,0,0,0,0,0,0,0,0,0,0,0,0,0,0,0.6,0,0.6,0,0,0,0.1,0,9.5,0,0,0,0,0,0,0,0.01,0.1,0.1,0.02,0,0,0,9,0.5,4,61,8,0,0,0.01,6,2,A03MV#F11.A07CD
6.243,"Ingefærjuice, ingefærshot, kjøpt i kafé/bakeri",Drikke,Drikke,237,56,86,0.2,0.1,0,0,0,0,0,0,0,0,0.1,0.1,0,0,0,0,0,0,0,0,0,0.1,0,12.8,1,11.9,0,11.6,0.6,0.3,0,0,0,0,0,4,0,0.1,0.06,0.22,0.3,0.3,0.06,6,0,5,11,0.5,5,203,13,0.1,0,0.05,14,0,A03DB#F02.A068V$F22.A07SK$F27.A01AB$F27.A01DJ$F28.A07LN$F28.A0CRL
6.244,"Ingefærjuice, ingefærshot, med appelsin og gurkemeie, kjøpt i kafé/bakeri",Drikke,Drikke,215,51,87,0.3,0.1,0,0,0,0,0,0.1,0,0,0.1,0.1,0,0,0,0,0,0,0,0,0,0.1,0,10.8,1.4,9.4,0,9.2,0.6,0.8,0,0,3,6,0,36,0,0.2,0.26,0.06,0.5,0.6,0.07,27,0,26,15,0.8,5,232,17,0.2,0,0.07,22,1,A03DB#F02.A068V$F22.A07SK$F27.A01AB$F27.A0DZB$F28.A07LN$F28.A0CRL
13.12,"Iskaffe, cappuchino",Drikke,Drikke,248,59,87,1,0.6,0,0.1,0.3,0.1,0,0.2,0,0.2,0,0,0,0,0,0,0,0,0,0,0,0,2,9.5,0,9.5,5,5,0,3,0.2,0,11,11,11,0,0,0,0.04,0.1,0.1,0.6,0.03,4,0,0,99,0.1,80,165,10,0.3,2,0.01,89,11,A03KH#F02.A068Y$F04.A02LZ$F04.A032H$F04.A03DK$F04.A03GN$F18.A07NZ$F28.A07MK
13.151,"Iste, fersken, kjøpt",Drikke,Drikke,124,29,93,0,0,0,0,0,0,0,0,0,0,0,0,0,0,0,0,0,0,0,0,0,0,0,7.3,0,7.3,0,0,0,0,0.1,0,0,0,0,0,0,0,0,0,0,0,0,0,0,6,3,0,22,8,1,0,0,0,0,0,A03LF#F02.A068Y$F04.A032J$F04.A03DK$F04.A03HS$F28.A07MK
13.071,"Iste, kjøpt",Drikke,Drikke,125,29,93,0,0,0,0,0,0,0,0,0,0,0,0,0,0,0,0,0,0,0,0,0,0,0,7.3,0,7.3,0,0,0,0,0,0,0,0,0,0,0,0,0,0,0,0,0,0,0,0,3,0,17,12,1,0,0,0,1,0,A03LF#F08.A032J
13.07,"Iste, kunstig søtet, lett, kjøpt",Drikke,Drikke,0,0,100,0,0,0,0,0,0,0,0,0,0,0,0,0,0,0,0,0,0,0,0,0,0,0,0,0,0,0,0,0,0,0,0,0,0,0,0,0,0,0,0,0,0,0,0,0,3,3,0,19,8,0,0,0,0,0,0,A03LF#F04.A06SB$F08.A046M
13.15,"Iste, sitron, kjøpt",Drikke,Drikke,125,29,93,0,0,0,0,0,0,0,0,0,0,0,0,0,0,0,0,0,0,0,0,0,0,0,7.4,0,7.4,0,0,0,0,0,0,0,0,0,0,0,0,0,0,0,0,0,0,0,3,2,0,11,16,1,0,0,0,1,0,A03LF#F02.A068Y$F04.A03DK$F04.A03HS$F04.A06QE$F28.A07MK
6.245,"Juice, med eple, gulrot, ingefær og sitron, kjøpt i kafé/bakeri",Drikke,Drikke,162,38,90,0.1,0,0,0,0,0,0,0,0,0,0,0,0,0,0,0,0,0,0,0,0,0,0,8.4,1.3,7.1,0,4.5,1,0.4,0,0,112,224,0,1344,0,0.2,0.09,0.06,0.3,0.4,0.06,14,0,10,13,0.3,9,172,11,0.1,0,0.04,27,0,A03DB#F02.A068V$F22.A07SK$F27.A00QH$F27.A01AB$F27.A01BY$F27.A01DJ$F28.A07LN$F28.A0CRL
6.246,"Juice, med rødbete, gulrot og ingefær, kjøpt i kafé/bakeri",Drikke,Drikke,170,40,90,0.1,0,0,0,0,0,0,0,0,0,0,0,0,0,0,0,0,0,0,0,0,0,0,9,0.3,8.7,0,7.8,0.5,0.4,0,0,9,17,0,107,0,0.1,0.11,0.1,0.2,0.3,0.03,16,0,13,10,0.3,6,157,9,0.1,0,0.03,14,0,A03DB#F02.A068V$F22.A07SK$F27.A00QG$F27.A00QH$F27.A01AB$F27.A01DJ$F27.A0DZB$F28.A07LN$F28.A0CRL
13.034,"Kaffe, pulver, tilberedt",Drikke,Drikke,2,0,100,0,0,0,0,0,0,0,0,0,0,0,0,0,0,0,0,0,0,0,0,0,0,0,0,0,0,0,0,0,0.1,0,0,0,0,0,0,0,0,0,0,0.3,0.3,0,0,0,0,3,0,3,36,4,0,0,0,3,0,A03KE
13.009,"Kaffe, traktet",Drikke,Drikke,3,1,100,0,0,0,0,0,0,0,0,0,0,0,0,0,0,0,0,0,0,0,0,0,0,0,0,0,0,0,0,0,0.1,0,0,0,0,0,0,0,0,0.01,0.08,0.2,0.2,0,0,0,0,4,0,0,99,1,0,0,0,8,0,A03KC
13.097,"Kokosbasert drikke, med kalsium og vitaminer (vit B12, vit D)",Drikke,Drikke,101,24,95,0.9,0.8,0.4,0.2,0.1,0,0,0,0,0.1,0,0,0,0,0,0,0,0,0,0,0,0,0,4,2.2,1.8,0,0,0,0,0.1,0,0,0,0,0,0.4,0,0,0,0,0,0.01,1,0.3,0,150,0.1,47,20,3,0,0,0,70,0,A0F4S
13.022,"Lettøl, lett, 2,5 vol-% alkohol",Drikke,Drikke,104,25,95,0,0,0,0,0,0,0,0,0,0,0,0,0,0,0,0,0,0,0,0,0,0,0,2.5,2.3,0.2,0,0,0,0.2,0,2,0,0,0,0,0,0,0,0.03,0.7,0.7,0.04,3,0,0,6,0,2,30,8,0,0,0.01,15,0,A03MF
13.054,"Likør, 17 vol-% alkohol, fløtebasert",Drikke,Drikke,1262,303,50,13,8.2,0.5,1.5,4.1,1.5,0.4,3,0.2,2.7,0.5,0.1,0.1,0,0,0,0,0,0,0,0.1,0.2,0,22.5,0,22.5,22,22,0,3,0.2,12,180,186,173,83,0,0.5,0,0.06,0.1,0.6,0.02,0,0.1,0,16,0.1,81,17,2,0.2,0,0,35,0,A03PA#F02.A06FC$F04.A02ML$F04.A03PD$F28.A0CRL
13.014,"Likør, 35 vol-% alkohol",Drikke,Drikke,1308,313,44,0,0,0,0,0,0,0,0,0,0,0,0,0,0,0,0,0,0,0,0,0,0,0,27.5,0,27.5,27.5,27.4,0,0,0,29,0,0,0,0,0,0,0,0,0,0,0,0,0,0,0,0,5,3,0,0,0,0,0,0,A03NS#F02.A06FC$F04.A03PD$F28.A0CRL
13.053,"Likør, søt, 21 vol-% alkohol",Drikke,Drikke,943,225,55,0,0,0,0,0,0,0,0,0,0,0,0,0,0,0,0,0,0,0,0,0,0,0,29.9,0,29.9,29.9,29.9,0,0,0,15,0,0,0,0,0,0,0,0,0,0,0,0,0,0,5,0.1,11,31,2,0,0,0.02,6,0,A03NG#F02.A0ENM$F04.A03MT$F04.A03PD$F28.A0C00
6.247,"Limonade, med bringebær, kjøpt i kafé/bakeri",Drikke,Drikke,228,54,87,0.1,0,0,0,0,0,0,0,0,0,0,0,0,0,0,0,0,0,0,0,0,0,0,13,0,13,11.6,12.8,0.3,0.2,0,0,0,0,0,5,0,0.1,0.04,0,0.1,0.1,0.01,5,0,6,3,0,0,33,3,0,0,0.01,5,0,A03ET#F02.A06HJ$F04.A01EP
13.146,"Limonade, med pasjonsfrukt",Drikke,Drikke,214,50,87,0,0,0,0,0,0,0,0,0,0,0,0,0,0,0,0,0,0,0,0,0,0,0,12.3,0,12.3,11.9,12,0.2,0.2,0,0,3,6,0,36,0,0,0.01,0.01,0.1,0.1,0.02,3,0,8,3,0.1,2,38,4,0.1,0,0.01,4,0,A03EA#F02.A06HJ$F04.A01KC
6.248,"Limonade, med sitron, kjøpt i kafé/bakeri",Drikke,Drikke,186,44,89,0,0,0,0,0,0,0,0,0,0,0,0,0,0,0,0,0,0,0,0,0,0,0,10.6,0,10.6,9,10.6,0.1,0.1,0,0,1,1,0,7,0,0,0.05,0,0.1,0.1,0.01,6,0,7,3,0,1,33,2,0,0,0.01,3,0,A03EA#F02.A06HJ$F04.A01BY
13.078,"Macchiato, enkel",Drikke,Drikke,122,29,93,0.5,0.3,0,0.1,0.1,0.1,0,0.1,0,0.1,0,0,0,0,0,0,0,0,0,0,0,0,1,4.9,4.2,0.7,0,0,0,1.2,0,0,6,6,6,3,0,0,0.01,0.02,0,0.2,0,0,0.1,0,24,0,6,21,31,0.1,0,0,13,5,A03KJ
13.139,"Macchiato, enkel, med havrebasert drikke",Drikke,Drikke,122,29,93,0.2,0,0,0,0,0,0,0.1,0,0.1,0.1,0.1,0,0,0,0,0,0,0,0,0,0.1,0,5.9,5.2,0.7,0,0,0,0.9,0,0,0,0,0,0,0.1,0,0,0.02,0,0.2,0,0,0,0,23,0,4,5,31,0,0,0,5,3,A03KJ#F04.A03TL
13.158,"Macchiato, enkel, med havrebasert drikke (med jod)",Drikke,Drikke,137,32,92,0.3,0,0,0,0,0,0,0.2,0,0.2,0.1,0.1,0,0,0,0,0,0,0,0,0,0.1,0,6.4,5.3,1.2,0,0,0,1,0,0,0,0,0,0,0.2,0.1,0,0.05,0,0.2,0,3,0.1,0,36,0,9,9,27,0,0,0,8,5,A03KJ#F04.A03TL$F09.A0EXA
13.138,"Macchiato, enkel, med laktosefri melk",Drikke,Drikke,115,27,94,0.3,0.2,0,0,0.1,0,0,0.1,0,0.1,0,0,0,0,0,0,0,0,0,0,0,0,1,4.7,4.2,0.5,0,0,0,1.3,0,0,0,0,0,0,0,0,0,0.01,0,0.3,0,0,0.1,0,25,0,4,22,31,0,0,0,13,5,A03KJ#F10.A0CQD
13.14,"Macchiato, enkel, med soyabasert drikke",Drikke,Drikke,103,24,94,0.1,0,0,0,0,0,0,0.1,0,0.1,0.2,0.1,0,0,0,0,0,0,0,0,0,0.1,0,4.5,4.2,0.3,0.2,0.2,0,1.3,0,0,0,0,0,0,0.1,0,0,0.03,0,0.2,0,3,0,0,29,0.1,4,41,33,0,0,0.02,20,3,A03KJ#F04.A03TJ
13.098,Mandelbasert drikke,Drikke,Drikke,109,26,95,1.3,0.1,0,0,0.1,0,0,0.8,0,0.8,0.3,0.3,0,0,0,0,0,0,0,0,0,0.3,0,3.5,0.4,3.1,2.3,2.3,0.2,0,0.1,0,0,0,0,0,0,0,0,0,0.1,0.1,0,0,0,0,0,0.1,49,17,6,0,0,0.02,67,0,A03TK
13.099,"Mandelbasert drikke, med kalsium og vitaminer (vit B2, vit B12, vit E, vit D), usøtet",Drikke,Drikke,52,13,99,1.4,0.1,0,0,0.1,0,0,1,0,0.9,0.3,0.3,0,0,0,0,0,0,0,0,0,0.3,0,0.1,0,0.1,0,0,0,0,0.1,0,0,0,0,0,0.7,2.9,0,0.24,0,0,0.01,2,0.3,0,150,0.1,48,16,9,0.1,0,0,75,0,A03TK#F04.A0EXH$F04.A0EXL$F04.A0EXM$F04.A0EXP$F04.A0EXX$F10.A0F6C
13.072,"Mineralvann, med kullsyre, Bonaqua naturell",Drikke,Drikke,0,0,100,0,0,0,0,0,0,0,0,0,0,0,0,0,0,0,0,0,0,0,0,0,0,0,0,0,0,0,0,0,0,0.1,0,0,0,0,0,0,0,0,0,0,0,0,0,0,0,0,0,56,0,0,0,0,0,0,0,A03DS
13.073,"Mineralvann, med kullsyre, Bris naturell",Drikke,Drikke,0,0,100,0,0,0,0,0,0,0,0,0,0,0,0,0,0,0,0,0,0,0,0,0,0,0,0,0,0,0,0,0,0,0.1,0,0,0,0,0,0,0,0,0,0,0,0,0,0,0,2,0,25,1,2,0,0,0,0,21,A03DS
13.074,"Mineralvann, med kullsyre, Farris naturell",Drikke,Drikke,0,0,100,0,0,0,0,0,0,0,0,0,0,0,0,0,0,0,0,0,0,0,0,0,0,0,0,0,0,0,0,0,0,0.1,0,0,0,0,0,0,0,0,0,0,0,0,0,0,0,0,0,46,2,3,0,0,0,0,38,A03DS
13.076,"Mineralvann, med kullsyre, Olden",Drikke,Drikke,0,0,100,0,0,0,0,0,0,0,0,0,0,0,0,0,0,0,0,0,0,0,0,0,0,0,0,0,0,0,0,0,0,0,0,0,0,0,0,0,0,0,0,0,0,0,0,0,0,1,0,0,0,0,0,0,0,0,0,A03DS
13.075,"Mineralvann, uten kullsyre, Bonaqua naturell",Drikke,Drikke,0,0,100,0,0,0,0,0,0,0,0,0,0,0,0,0,0,0,0,0,0,0,0,0,0,0,0,0,0,0,0,0,0,0.1,0,0,0,0,0,0,0,0,0,0,0,0,0,0,0,0,0,56,0,0,0,0,0,0,0,A03DR#F02.A06CA$F27.A03DR
13.077,"Mineralvann, uten kullsyre, Olden",Drikke,Drikke,0,0,100,0,0,0,0,0,0,0,0,0,0,0,0,0,0,0,0,0,0,0,0,0,0,0,0,0,0,0,0,0,0,0,0,0,0,0,0,0,0,0,0,0,0,0,0,0,0,1,0,0,0,0,0,0,0,0,0,A03DR#F02.A06CA$F27.A03DR
13.051,"Mørkt øl, Bayer og juleøl, 4,5-4,7 vol-% alkohol",Drikke,Drikke,177,42,92,0,0,0,0,0,0,0,0,0,0,0,0,0,0,0,0,0,0,0,0,0,0,0,4.1,3.6,0.5,0,0,0,0,0,3.7,0,0,0,0,0,0,0.04,0.03,0.4,0.4,0.02,5,0,0,3,0,2,40,8,0,0,0.01,20,0,A03ME#F02.A0ENH$F10.A06HV$F10.A0F2Y$F28.A0C01
6.683,Pasjonsfruktjuice,Drikke,Drikke,199,47,88,0.1,0,0,0,0,0,0,0,0,0,0,0,0,0,0,0,0,0,0,0,0,0,0,10.7,0,10.7,9.9,9.9,0,0.8,0,0,32,64,0,385,0,0,0.01,0.07,0.7,0.8,0.1,14,0,21,7,0.5,19,200,29,0.8,0,0.09,21,1,A03AA#F02.A068V$F27.A01KC$F28.A07LN
13.024,"Pils, 4,7 vol-% alkohol",Drikke,Drikke,170,41,93,0,0,0,0,0,0,0,0,0,0,0,0,0,0,0,0,0,0,0,0,0,0,0,3.2,2.8,0.4,0,0,0,0.4,0,3.8,0,0,0,0,0,0,0,0.03,0.3,0.4,0.04,3,0,0,7,0,6,30,8,0,0,0.01,9,0,A03ME
13.155,Pærejuice,Drikke,Drikke,177,42,90,0.2,0,0,0,0,0,0,0.1,0,0.1,0.1,0.1,0,0,0,0,0,0,0,0,0,0.1,0,9.6,0,9.6,0,9.6,0,0.4,0,0,1,2,0,16,0,0.5,0.02,0.02,0.2,0.2,0.01,9,0,3,10,0.2,2,100,7,0.1,0,0.1,11,0,A03AC#F02.A068V$F27.A01DP$F28.A07LN
13.1,Risbasert drikke,Drikke,Drikke,198,47,89,1,0.1,0,0,0.1,0,0,0.3,0,0.3,0.4,0.4,0,0,0,0,0,0,0,0,0,0.4,0,9.1,4.1,5,0,0,0.6,0.1,0.1,0,0,0,0,0,0.8,0.5,0.01,0,0.1,0.1,0,0,0.4,0,120,0.2,41,16,5,0,0,0.02,22,3,A03TM
13.017,"Rødvin, 12 vol-% alkohol",Drikke,Drikke,308,74,89,0,0,0,0,0,0,0,0,0,0,0,0,0,0,0,0,0,0,0,0,0,0,0,0.7,0,0.7,0,0,0,0.1,0,10.2,0,0,0,0,0,0,0,0.02,0.1,0.1,0.03,1,0,0,7,0.9,7,110,11,0.1,0,0.06,13,1,A03MX
13.059,"Rødvin, tørr",Drikke,Drikke,266,64,91,0,0,0,0,0,0,0,0,0,0,0,0,0,0,0,0,0,0,0,0,0,0,0,0.2,0,0.2,0,0,0,0.1,0,9,0,0,0,0,0,0,0,0.02,0.1,0.1,0.03,1,0,0,7,0.9,7,110,11,0.1,0,0.06,13,1,A03MX
13.06,"Rødvin, uspesifisert",Drikke,Drikke,289,70,90,0,0,0,0,0,0,0,0,0,0,0,0,0,0,0,0,0,0,0,0,0,0,0,0.5,0,0.5,0,0.5,0,0.1,0,9.6,0,0,0,0,0,0,0,0.02,0.1,0.1,0.03,1,0,0,7,0.9,7,110,11,0.1,0,0.06,13,1,A03MX#F26.A07XD
6.584,"Saft, 1000 g sukker pr. l råsaft, drikkeklar",Drikke,Drikke,185,43,89,0,0,0,0,0,0,0,0,0,0,0,0,0,0,0,0,0,0,0,0,0,0,0,10.7,0,10.7,10,10,0,0.1,0,0,1,2,0,13,0,0.2,0,0,0,0.1,0.01,2,0,20,4,0.1,0,34,2,0,0,0.01,7,0,A03EV#F28.A07MQ
6.567,"Saft, 1000 g sukker pr. l råsaft, ublandet",Drikke,Drikke,923,217,46,0.1,0,0,0,0,0,0,0,0,0,0,0,0,0,0,0,0,0,0,0,0,0,0,53.4,0,53.4,50,50,0,0.7,0,0,2,5,0,30,0,0.6,0.01,0.01,0.2,0.3,0.03,5,0,45,16,0.5,2,144,6,0.1,0,0.06,29,0,A03EV#F10.A0CRD
6.583,"Saft, 500 g sukker pr. l råsaft, drikkeklar",Drikke,Drikke,166,39,90,0,0,0,0,0,0,0,0,0,0,0,0,0,0,0,0,0,0,0,0,0,0,0,9.5,0,9.5,8.3,8.3,0,0.2,0,0,1,1,0,10,0,0.2,0,0,0.1,0.1,0.01,2,0,15,5,0.2,1,48,2,0,0,0.02,10,0,A03EV#F28.A07MQ
6.566,"Saft, 500 g sukker pr. l råsaft, ublandet",Drikke,Drikke,664,156,61,0.1,0,0,0,0,0,0,0,0,0,0,0,0,0,0,0,0,0,0,0,0,0,0,37.8,0,37.8,33.3,33.3,0,0.9,0,0,3,6,0,40,0,0.9,0.01,0.01,0.2,0.4,0.04,6,0,60,21,0.7,2,191,8,0.1,0,0.07,39,0,A03EV#F10.A0CRD
13.036,"Saft, uten tilsatt sukker, kunstig søtet, drikkeklar",Drikke,Drikke,0,0,100,0,0,0,0,0,0,0,0,0,0,0,0,0,0,0,0,0,0,0,0,0,0,0,0,0,0,0,0,0,0,0,0,0,0,0,0,0,0,0,0,0,0,0,0,0,0,0,0,0,0,0,0,0,0,0,0,A03FX
6.729,"Sitronsaft, flaske",Drikke,Drikke,33,8,98,0,0,0,0,0,0,0,0,0,0,0,0,0,0,0,0,0,0,0,0,0,0,0,1.6,0,1.6,0,1.6,0.1,0.3,0,0,1,2,0,12,0,0.1,0.03,0.01,0.1,0.2,0.05,13,0,36,7,0.1,1,130,7,0,1,0.03,8,0,A03AH#F18.A07NM
10.021,"Sjokoladedrikk, av pulver, drikkeklar",Drikke,Drikke,218,52,88,0.7,0.4,0.1,0.1,0.1,0.1,0,0,0,0.1,0,0,0,0,0,0,0,0,0,0,0,0,0,9.3,0.5,8.9,8.8,8.8,1,1.5,0.1,0,0,0,0,0,0,0,0.01,0.01,0.1,0.3,0,5,0,0,5,1,39,203,21,0.3,0,0.15,26,0,A03KY#F02.A068Y$F04.A0C6B$F28.A07MQ
6.249,"Slush, med jordbær",Drikke,Drikke,184,43,89,0.1,0,0,0,0,0,0,0,0,0,0.1,0.1,0,0,0,0,0,0,0,0,0,0.1,0,9.6,0,9.6,4.2,5.9,1,0.4,0,0,1,1,0,10,0,0.4,0.05,0.03,0.3,0.3,0.05,31,0,42,13,0.2,1,137,9,0.1,0,0.03,19,0,A03DE#F02.A068Q$F04.A01EA$F04.A032J$F28.A07LN$F28.A0CRL
6.25,"Slush, med vannmelon",Drikke,Drikke,227,53,87,0.1,0,0,0,0,0,0,0,0,0,0,0,0,0,0,0,0,0,0,0,0,0,0,12.4,0,12.4,4.9,7.2,0.4,0.6,0,0,7,13,0,80,0,0.1,0.04,0.05,0.1,0.2,0.1,2,0,6,6,0.3,2,95,7,0.1,0,0.02,8,0,A03DE#F02.A068Q$F04.A00KJ$F04.A032J$F28.A07LN$F28.A0CRL
13.112,"Smoothie, ananas og ingefær",Drikke,Drikke,227,54,86,0.1,0,0,0,0,0,0,0,0,0,0,0,0,0,0,0,0,0,0,0,0,0,0,12,0.9,11.1,0,6.1,1,0.5,0,0,8,15,0,91,0,0.1,0.04,0.03,0.4,0.5,0.13,18,0,18,13,0.2,2,181,15,0.1,0,0.07,14,1,A03DF#F02.A068Q$F04.A01AB$F04.A01LP$F28.A07LN$F28.A0CRL
13.105,"Smoothie, ananas og kokos",Drikke,Drikke,279,66,85,1.8,1.5,0.8,0.3,0.2,0.1,0,0.1,0,0.1,0.1,0,0,0,0,0,0,0,0,0,0,0,0,11.5,0.8,10.6,0,7.6,0.9,0.6,0,0,2,3,0,20,0,0.1,0.05,0.05,0.3,0.4,0.12,18,0,19,21,0.3,5,177,16,0.1,0,0.08,20,1,A03DF#F02.A068Q$F04.A014K$F04.A01LP$F28.A07LN$F28.A0CRL
13.106,"Smoothie, ananas og mango",Drikke,Drikke,191,45,88,0.1,0,0,0,0,0,0,0,0,0,0,0,0,0,0,0,0,0,0,0,0,0,0,10,0,10,0,5.6,1,0.4,0,0,9,17,0,106,0,0.2,0.08,0.05,0.3,0.4,0.06,15,0,16,10,0.2,3,131,10,0.1,0,0.04,13,2,A03DF#F02.A068Q$F04.A01LF$F04.A01LP$F28.A07LN$F28.A0CRL
13.119,"Smoothie, appelsin, gulrot og ingefær",Drikke,Drikke,230,54,86,0.1,0,0,0,0,0,0,0,0,0,0,0,0,0,0,0,0,0,0,0,0,0,0,12,0.2,11.8,0,0,2,0.3,0,0,37,74,0,445,0,0.2,0.04,0.02,0.2,0.3,0.05,9,0,6,10,0.2,2,154,6,0,0,0.06,14,1,A03DF#F02.A068Q$F04.A00QH$F04.A01AB$F04.A0DZB$F28.A07LN$F28.A0CRL
13.145,"Smoothie, avokado og mango, kjøpt i kafé/bakeri",Drikke,Drikke,221,52,88,1.3,0.2,0,0,0.2,0,0,0.8,0.1,0.8,0.2,0.2,0,0,0,0,0,0,0,0,0,0.2,0,9.2,0.2,9,0,6.6,1,0.4,0,0,33,65,0,390,0,0.5,0.03,0.16,0.3,0.4,0.08,24,0,6,22,0.5,6,218,13,0.1,0,0.05,15,2,A03DF#F02.A068Q$F04.A01LB$F04.A01LF$F22.A07SK$F28.A07LN$F28.A0CRL
13.118,"Smoothie, blåbær og bringebær",Drikke,Drikke,230,54,85,0.1,0,0,0,0,0,0,0,0,0,0.1,0.1,0,0,0,0,0,0,0,0,0,0.1,0,11.5,0.6,11,0,0,2,0.5,0,0,2,4,0,24,0,0.3,0.03,0.02,0.2,0.3,0.07,12,0,7,9,0.2,1,191,10,0.1,0,0.07,17,0,A03DF#F02.A068Q$F04.A01EP$F04.A01EY$F28.A07LN$F28.A0CRL
13.107,"Smoothie, blåbær og eple",Drikke,Drikke,211,50,87,0.2,0,0,0,0,0,0,0,0,0,0.1,0.1,0,0,0,0,0,0,0,0,0,0.1,0,11,0.5,10.4,0,5.6,2,0.3,0,0,2,4,0,25,0,0.3,0.02,0.11,0.2,0.3,0.07,9,0,10,10,0.4,2,148,9,0.1,0,0.04,14,0,A03DF#F02.A068Q$F04.A01DJ$F04.A01EY$F28.A07LN$F28.A0CRL
13.104,"Smoothie, bringebær og jordbær",Drikke,Drikke,189,45,88,0.2,0,0,0,0,0,0,0,0,0,0.1,0.1,0,0,0,0,0,0,0,0,0,0.1,0,9.2,0.5,8.7,0,4.6,2,0.5,0,0,1,2,0,17,0,0.6,0.04,0.09,0.3,0.4,0.08,23,0,20,13,0.3,2,175,13,0.1,0,0.05,22,0,A03DF#F02.A068Q$F04.A01EA$F04.A01EP$F28.A07LN$F28.A0CRL
13.163,"Smoothie, grønn",Drikke,Drikke,267,63,84,0.8,0.2,0,0,0.2,0.1,0,0.2,0,0.2,0.2,0.1,0,0,0,0,0,0,0,0,0,0.1,15,11.5,2.3,9.3,0.1,3.4,2,1.8,0,0,69,130,9,727,0.1,0.9,0.05,0.12,0.4,0.7,0.17,34,0.1,16,37,0.7,13,290,22,0.2,1,0.17,37,4,A03DF#F02.A068Q$F04.A00MJ$F04.A01LC$F28.A07LN$F28.A0CRL
13.109,"Smoothie, guava og gojibær",Drikke,Drikke,227,54,86,0.3,0.1,0,0,0.1,0,0,0.1,0,0,0.1,0.1,0,0,0,0,0,0,0,0,0,0.1,0,11.1,1,10.2,0,5.4,1,0.9,0,0,9,17,0,103,0,0.3,0.2,0.02,0.5,0.7,0.11,34,0,51,12,0.2,2,234,15,0.1,0,0.08,20,1,A03DF#F02.A068Q$F04.A00JH$F04.A0CGD$F28.A07LN$F28.A0CRL
13.062,"Smoothie, juice, banan og bær",Drikke,Drikke,271,64,83,0.3,0.1,0,0,0,0,0,0,0,0,0.1,0.1,0,0,0,0,0,0,0,0,0,0.1,0,13.5,2.2,11.4,0,2,2,0.9,0,0,4,7,0,45,0,0.6,0.09,0.02,0.5,0.7,0.18,36,0,22,12,0.2,1,257,21,0.2,0,0.08,26,0,A03DF#F04.A01LC$F04.A04RK$F04.A0BX9
13.117,"Smoothie, mango og appelsin",Drikke,Drikke,212,50,87,0.2,0,0,0,0,0,0,0,0,0,0,0,0,0,0,0,0,0,0,0,0,0,0,11.2,0.5,10.7,0,4,1,0.3,0,0,8,17,0,102,0,0.4,0.04,0.08,0.3,0.4,0.07,17,0,12,8,0.2,2,155,10,0.1,0,0.05,12,2,A03DF#F02.A068Q$F04.A01LF$F04.A0DZB$F28.A07LN$F28.A0CRL
13.113,"Smoothie, mango og gojibær",Drikke,Drikke,207,49,88,0.2,0,0,0,0,0,0,0,0,0,0,0,0,0,0,0,0,0,0,0,0,0,0,11,0.4,10.6,0,5.9,1,0.3,0,0,8,15,0,94,0,0.3,0.07,0.09,0.3,0.4,0.06,15,0,12,8,0.3,2,149,9,0.1,0,0.04,13,2,A03DF#F02.A068Q$F04.A00JH$F04.A01LF$F28.A07LN$F28.A0CRL
13.111,"Smoothie, mango og pasjonsfrukt",Drikke,Drikke,225,53,86,0.2,0.1,0,0,0,0,0,0,0,0,0,0.1,0,0,0,0,0,0,0,0,0,0.1,0,11.7,0.9,10.8,0,4.8,1,0.5,0,0,12,24,0,144,0,0.3,0.03,0.12,0.4,0.5,0.1,17,0,11,9,0.4,3,180,13,0.1,0,0.05,18,2,A03DF#F02.A068Q$F04.A01KC$F04.A01LF$F28.A07LN$F28.A0CRL
13.061,"Smoothie, yoghurt, juice, banan og bær",Drikke,Drikke,254,60,86,1.2,0.7,0,0.1,0.3,0.1,0,0.3,0,0.2,0.1,0.1,0,0,0,0,0,0,0,0,0,0,3,10,0.6,9.5,1.8,3.7,0.9,1.8,0,0,14,15,12,23,0,0.4,0.09,0.07,0.3,0.7,0.08,28,0.1,31,60,0.2,18,209,15,0.2,1,0.04,52,6,A03DF#F04.A01LC$F04.A02NE$F04.A04RK
6.731,"Solbærsaft, 1000 g sukker pr. l råsaft, drikkeklar",Drikke,Drikke,185,43,89,0,0,0,0,0,0,0,0,0,0,0,0,0,0,0,0,0,0,0,0,0,0,0,10.7,0,10.7,10,10,0,0.1,0,0,1,2,0,13,0,0.2,0,0,0,0.1,0.01,2,0,20,4,0.1,0,34,2,0,0,0.01,7,0,A03EA#F04.A01EE$F28.A07MQ
6.732,"Solbærsaft, 1000 g sukker pr. l råsaft, ublandet",Drikke,Drikke,923,217,46,0.1,0,0,0,0,0,0,0,0,0,0,0,0,0,0,0,0,0,0,0,0,0,0,53.4,0,53.4,50,50,0,0.7,0,0,5,10,0,65,0,1.1,0.01,0.01,0.2,0.3,0.04,8,0,101,21,0.7,2,170,9,0.1,0,0.06,34,0,A03EA#F04.A01EE$F10.A0CRD
6.613,"Solbærsaft, 500 g sukker pr. l råsaft, drikkeklar",Drikke,Drikke,279,66,84,0,0,0,0,0,0,0,0,0,0,0,0,0,0,0,0,0,0,0,0,0,0,0,16.2,0,16.2,15.6,15.6,0,0.1,0,0,1,2,0,12,0,0.2,0,0,0,0.1,0.01,1,0,19,4,0.1,0,32,2,0,0,0.01,6,0,A03EA#F04.A01EE$F28.A07MQ
6.73,"Solbærsaft, 500 g sukker pr. l råsaft, ublandet",Drikke,Drikke,1114,262,35,0.1,0,0,0,0,0,0,0,0,0,0,0,0,0,0,0,0,0,0,0,0,0,0,64.9,0,64.9,62.3,62.3,0,0.5,0,0,4,8,0,49,0,0.8,0,0,0.1,0.2,0.03,6,0,76,16,0.5,1,128,7,0.1,0,0.05,26,0,A03EA#F04.A01EE$F10.A0CRD
6.587,"Solbærsirup, drikkeklar",Drikke,Drikke,137,32,92,0,0,0,0,0,0,0,0,0,0,0,0,0,0,0,0,0,0,0,0,0,0,0,7.9,0,7.9,7.2,7.2,0,0.1,0,0,1,2,0,12,0,0.2,0,0,0,0.1,0.01,1,0,19,4,0.1,0,32,2,0,0,0.01,6,0,A03BQ#F10.A07VP
6.574,"Solbærsirup, ublandet",Drikke,Drikke,822,194,52,0.1,0,0,0,0,0,0,0,0,0,0,0,0,0,0,0,0,0,0,0,0,0,0,47.3,0,47.3,43.5,43.5,0,0.8,0,0,6,12,0,73,0,1.3,0.01,0.01,0.2,0.3,0.04,8,0,114,23,0.8,2,191,10,0.1,0,0.07,38,0,A03BQ
13.126,Soyabasert drikke,Drikke,Drikke,119,28,94,0.9,0.3,0,0,0.2,0.1,0,0.4,0,0.4,1.1,1,0.1,0,0,0,0,0,0,0,0.1,1,0,1.5,0,1.5,1.4,1.4,0,3.5,0.1,0,0,0,0,0,0.5,0.2,0.02,0.23,0,0.6,0.02,19,0.3,0,150,0.4,26,290,19,0.3,1,0.11,140,0,A03TJ#F02.A06HP$F04.A012F
13.066,"Soyabasert drikke, med kalsium og vitaminer (vit B2, vit B12, vit D), søtet",Drikke,Drikke,104,24,94,0,0.3,0,0,0.2,0.1,0,0.3,0,0.3,1,0.9,0.1,0,0,0,0,0,0,0,0.1,0.9,0,2.8,0,2.8,2.8,2.8,0,3.3,0,0,0,0,0,0,0.5,0.2,0.01,0.24,0,0.6,0.02,21,0.3,0,150,0.4,18,290,18,0.3,1,0,130,0,A03TJ#F04.A0EXH$F04.A0EXM$F04.A0EXP$F04.A0EXX
13.067,"Soyabasert drikke, med kalsium og vitaminer (vit B2, vit B12, vit D), usøtet",Drikke,Drikke,136,32,94,1.8,0.3,0,0,0.2,0.1,0,0.4,0,0.4,1.2,1,0.1,0,0,0,0,0,0,0,0.1,1,0,0.3,0,0.3,0,0,0,3.7,0.1,0,0,0,0,0,0,0.2,0.03,0.22,0,0.6,0.03,17,0.3,0,150,0.4,33,290,19,0.3,1,0,150,1,A03TJ#F04.A0EXH$F04.A0EXM$F04.A0EXP$F04.A0EXX
13.055,"Sterkvin, søt, portvin, 20 vol-% alkohol",Drikke,Drikke,629,151,74,0,0,0,0,0,0,0,0,0,0,0,0,0,0,0,0,0,0,0,0,0,0,0,9.6,0,9.6,9.6,9.6,0,0.1,0,16,0,0,0,0,0,0,0,0.01,0.1,0.1,0.01,0,0,0,4,0.4,4,97,11,0.2,0,0.1,12,2,A03NL#F10.A0CQM
13.052,"Sterkvin, søt, vermouth, 15 vol-% alkohol",Drikke,Drikke,545,130,76,0,0,0,0,0,0,0,0,0,0,0,0,0,0,0,0,0,0,0,0,0,0,0,13.3,0,13.3,9.2,9.2,0,0,0.1,11,0,0,0,0,0,0,0,0,0,0,0,0,0,0,6,0.3,27,29,6,0,0,0.02,4,1,A03NH#F10.A0CQM
13.049,"Sterkøl, bokkøl, 6,5 vol-% alkohol",Drikke,Drikke,265,63,88,0,0,0,0,0,0,0,0,0,0,0,0,0,0,0,0,0,0,0,0,0,0,0,6,3,3,0,0,0,0.7,0,5.2,0,0,0,0,0,0,0.01,0.02,0.6,0.7,0.05,3,0,0,5,0,4,42,8,0,0,0.01,22,0,A03MB
13.149,Sviskejuice,Drikke,Drikke,176,42,89,0,0,0,0,0,0,0,0,0,0,0,0,0,0,0,0,0,0,0,0,0,0,0,9.3,0,9.3,0,9.3,1,0.6,0,0,0,0,0,2,0,0.1,0.02,0.07,0.3,0.4,0.22,0,0,0,22,0.3,3,211,12,0.2,1,0.05,18,0,A03AE#F02.A068V$F27.A01GQ$F28.A07LN
13.042,"Te, grønn, tilberedt",Drikke,Drikke,2,0,100,0,0,0,0,0,0,0,0,0,0,0,0,0,0,0,0,0,0,0,0,0,0,0,0,0,0,0,0,0,0.1,0,0,0,0,0,0,0,0,0,0.02,0.1,0.1,0,0,0,3,2,0.1,1,20,0,0,0,0,1,0,A03LD
13.01,"Te, svart, tilberedt",Drikke,Drikke,2,0,100,0,0,0,0,0,0,0,0,0,0,0,0,0,0,0,0,0,0,0,0,0,0,0,0,0,0,0,0,0,0.1,0,0,0,0,0,0,0,0,0,0.02,0,0,0,3,0,0,0,0,0,27,2,0,0,0.01,2,0,A03LC
6.071,Tomatjuice,Drikke,Drikke,60,14,96,0,0,0,0,0,0,0,0,0,0,0,0,0,0,0,0,0,0,0,0,0,0,0,2.5,0,2.5,0,2.5,0.4,0.8,0.5,0,16,32,0,196,0,0.3,0.1,0.08,0.6,0.7,0.07,20,0,8,14,0.4,209,209,10,0.1,1,0.08,16,1,A03CJ
6.777,Tranebærjuice,Drikke,Drikke,218,51,87,0.1,0,0,0,0,0,0,0,0,0,0.1,0,0,0,0,0,0,0,0,0,0,0,0,12.1,0,12.1,0,12.1,0.1,0.4,0,0,2,4,0,27,0,1.2,0.01,0.02,0.1,0.2,0.05,1,0,9,8,0.3,2,77,6,0.1,0,0.06,13,6,A039T
6.627,Tropisk juice,Drikke,Drikke,183,43,89,0,0,0,0,0,0,0,0,0,0,0,0,0,0,0,0,0,0,0,0,0,0,0,10.5,1.2,9.3,0,9.3,0,0.3,0,0,5,9,0,54,0,0.1,0.02,0,0.2,0.3,0.05,8,0,5,11,0.1,4,91,7,0.1,0,0.02,8,0,A03AP
13.033,"Vann, drikkevann",Drikke,Drikke,0,0,100,0,0,0,0,0,0,0,0,0,0,0,0,0,0,0,0,0,0,0,0,0,0,0,0,0,0,0,0,0,0,0,0,0,0,0,0,0,0,0,0,0,0,0,0,0,0,0,0,0,0,0,0,0,0,0,0,A03DL
13.007,"Vin, alkoholfri",Drikke,Drikke,71,17,96,0,0,0,0,0,0,0,0,0,0,0,0,0,0,0,0,0,0,0,0,0,0,0,4,0,4,0,4,0,0.2,0,0,0,0,0,0,0,0,0,0,0,0,0,0,0,0,44,0.6,3,70,3,0,0,0,20,1,A03MT#F10.A0C0V
13.03,"Vin, alkoholsvak",Drikke,Drikke,150,36,92,0,0,0,0,0,0,0,0,0,0,0,0,0,0,0,0,0,0,0,0,0,0,0,6.1,0,6.1,6.1,6.1,0,0,0,1.6,0,0,0,0,0,0,0,0,0,0,0,0,0,0,0,0,0,0,0,0,0,0,0,0,A03MT#F10.A0CJH
13.025,Vørterøl,Drikke,Drikke,162,38,91,0,0,0,0,0,0,0,0,0,0,0,0,0,0,0,0,0,0,0,0,0,0,0,9.1,3.4,5.7,0,0,0,0.4,0,0,0,0,0,0,0,0,0.04,0.03,0.4,0.5,0.02,5,0,0,3,0,2,40,8,0,0,0.01,20,0,A16GG
13.026,"Øl, alkoholfritt",Drikke,Drikke,103,24,94,0,0,0,0,0,0,0,0,0,0,0,0,0,0,0,0,0,0,0,0,0,0,0,5,2.5,2.5,0,0,0,0.4,0,0.4,0,0,0,0,0,0,0,0.02,0.6,0.7,0.03,5,0,0,3,0,2,30,7,0,0,0,19,0,A03MB#F10.A0C0V
13.05,"Øl, redusert energiinnhold, lavkarbo",Drikke,Drikke,133,32,95,0,0,0,0,0,0,0,0,0,0,0,0,0,0,0,0,0,0,0,0,0,0,0,1,0,1,0,0,0,0.4,0,3.8,0,0,0,0,0,0,0,0.03,0.3,0.4,0.04,3,0,0,7,0,6,30,8,0,0,0.01,9,0,A03MB#F10.A0CRG
6.79,"Ajvar, paprikasaus, hjemmelaget",Diverse matvarer og retter,Diverse matvarer og retter,222,53,87,1.9,0.3,0,0,0.2,0.1,0,1.3,0,1.2,0.2,0.2,0.1,0,0,0,0,0,0,0,0.1,0.2,0,5.5,0.5,5,0.5,0.6,4,1.3,1.1,0,37,73,0,442,0,1,0.05,0.06,0.6,0.8,0.2,44,0,77,12,0.5,428,291,17,0.2,0,0.07,34,2,A0F3F#F02.A0F3E$F03.A06JK$F22.A07SS$F27.A00JA$F27.A00JD$F28.A07GY$F28.A0C6N
10.155,"Aspargessuppe, hjemmelaget",Diverse matvarer og retter,Diverse matvarer og retter,222,54,92,4.3,2.6,0.2,0.4,1.1,0.5,0.1,1.1,0.1,1,0.2,0.1,0.1,0,0,0,0,0,0,0,0.1,0.1,9,1.7,0.1,1.7,0,0.1,1,1.5,0.8,0,66,79,52,167,0.2,0.6,0.04,0.07,0.3,0.7,0.03,11,0.1,2,31,0.6,304,82,6,0.2,1,0.02,34,6,A041L#F02.A06GY$F04.A00RT$F10.A07VP$F22.A07SS
6.791,"Avokado- og kikertpålegg, kjøpt",Diverse matvarer og retter,Diverse matvarer og retter,696,168,74,14,2,0,0,1.5,0.1,0,8,0.4,8.2,3,2.3,0.4,0,0,0,0,0,0,0,0.4,2.4,0,5.1,4.1,1,0,0,3,4,0.2,0,2,4,0,25,0,2.7,0.05,0.09,1,1.7,0.19,27,0,9,34,0.9,73,348,28,0.9,2,0.25,70,0,A03VS#F02.A06GG$F04.A011Z$F04.A013M$F04.A01LB$F04.A07XJ$F18.A07NN$F19.A07PF$F22.A07SH
10.185,"Avokadosuppe, kald",Diverse matvarer og retter,Diverse matvarer og retter,495,120,84,11.7,2.9,0.1,0.2,1.9,0.2,0.1,6.8,0.5,6.6,1.3,1.2,0.1,0,0,0,0,0,0,0,0.1,1.2,5,1.4,0.1,1.4,0.1,0.7,2,1.4,0.8,0,25,29,21,49,0,1.1,0.05,0.08,1.1,1.3,0.16,18,0,2,21,0.3,319,356,18,0.3,0,0.13,40,5,A041L#F02.A06GY$F04.A01LB$F10.A07VP
12.015,Baconcrisp,Diverse matvarer og retter,Diverse matvarer og retter,2519,606,6,46,16.6,0,0,2.4,1.3,0.2,23.9,0.1,34,3.7,4.6,0.2,0,0,0,0,0,0,0,0.2,4.6,119,0.2,0,0.2,0,0,0,47.9,3.3,0,0,0,0,0,0,0,0.56,0.2,4.2,12.2,0.05,0,0,0,32,2.4,1320,300,18,1.6,14,0.2,180,0,A022X#F03.A06JA$F17.A07MZ$F22.A07SH$F24.A07VP
5.502,"Baguette, fin, med kylling, kjøpt i kafé/bakeri",Diverse matvarer og retter,Diverse matvarer og retter,1035,248,53,12.9,4.5,0.6,0.6,1.8,0.9,0.1,5.2,0.2,4.9,2.4,1.9,0.5,0,0,0,0,0,0,0,0.5,1.8,25,23.4,22.5,0.9,0,0,2,8.5,0.5,0,107,123,91,192,1,2.4,0.13,0.07,1.8,3.7,0.12,21,0.1,10,18,0.6,210,172,19,0.7,3,0.07,89,3,A03ZG#F02.A06GP$F04.A004V$F04.A01SP$F04.A07XJ$F10.A07XK$F22.A07SK
5.517,"Baguette, fin, med ost og skinke, kjøpt i kafé/bakeri",Diverse matvarer og retter,Diverse matvarer og retter,1117,267,49,13.1,6.1,0.7,0.9,2.3,1.1,0.2,4.2,0.2,4,1.7,1.3,0.4,0,0,0,0,0,0,0,0.4,1.2,20,26.1,25.4,0.8,0.1,0.1,2,10,0.9,0,119,135,102,199,1,1.7,0.27,0.1,1.3,3.3,0.1,32,0.4,20,120,0.6,357,203,23,1.3,3,0.08,177,6,A03ZG#F02.A06GP$F04.A004V$F04.A02SV$F04.A07XJ$F04.A0EZS$F10.A07XK$F22.A07SK
5.518,"Baguette, fin, med roastbiff, kjøpt i kafé/bakeri ",Diverse matvarer og retter,Diverse matvarer og retter,1141,272,45,11.2,1.4,0.2,0.1,0.7,0.2,0,6.1,0.1,5.7,3,2.3,0.8,0,0,0,0,0,0,0,0.8,2.3,14,31.8,30.4,1.4,1.2,1.2,2,10,1,0,8,12,3,54,0.1,3.2,0.13,0.06,1.7,3.8,0.08,21,0.2,1,14,1.1,418,157,22,1.3,2,0.09,94,0,A03ZG#F02.A06GP$F04.A004V$F04.A07XJ$F04.A0EZS$F04.A0F1M$F10.A07XK$F22.A07SK
5.503,"Baguette, grov, med kylling, kjøpt i kafé/bakeri",Diverse matvarer og retter,Diverse matvarer og retter,998,239,56,13.7,4.8,0.7,0.6,1.9,0.9,0.1,5.5,0.2,5.2,2.6,1.9,0.6,0,0,0,0,0,0,0,0.6,1.9,25,19.6,18.7,0.9,0,0,2,8.1,0.5,0,107,123,91,192,1,2.5,0.14,0.08,2,3.8,0.13,23,0.1,10,19,0.7,219,181,23,0.8,3,0.07,96,3,A03ZG#F02.A06GP$F04.A004V$F04.A07XJ$F04.A0EZS$F10.A06HR$F22.A07SK
5.516,"Baguette, grov, med ost og skinke, kjøpt i kafé/bakeri",Diverse matvarer og retter,Diverse matvarer og retter,1073,257,52,14.1,6.5,0.9,0.9,2.4,1.2,0.2,4.6,0.2,4.3,1.9,1.4,0.4,0,0,0,0,0,0,0,0.4,1.4,20,21.8,21,0.8,0.1,0.1,3,9.5,0.9,0,119,135,102,199,1,2,0.28,0.1,1.6,3.4,0.11,34,0.4,20,121,0.8,367,214,27,1.3,3,0.08,186,6,A03ZG#F02.A06GP$F04.A004V$F04.A02SV$F04.A07XJ$F04.A0EZS$F10.A06HR$F22.A07SK
5.519,"Baguette, grov, med roastbiff, kjøpt i kafé/bakeri ",Diverse matvarer og retter,Diverse matvarer og retter,1089,260,49,12.3,1.8,0.4,0.2,0.8,0.3,0,6.6,0.1,6.2,3.2,2.4,0.8,0,0,0,0,0,0,0,0.8,2.4,14,26.6,25.2,1.4,1.2,1.2,3,9.4,1.1,0,8,12,3,54,0.1,3.5,0.15,0.06,2,3.9,0.08,24,0.2,0,14,1.2,431,169,27,1.5,2,0.1,105,0,A03ZG#F02.A06GP$F04.A004V$F04.A07XJ$F04.A0EZS$F04.A0F1M$F10.A06HR$F22.A07SK
12.018,Bakepulver,Diverse matvarer og retter,Diverse matvarer og retter,731,172,57,0,0,0,0,0,0,0,0,0,0,0,0,0,0,0,0,0,0,0,0,0,0,0,37.8,37.8,0,0,0,0,5.2,29.5,0,0,0,0,0,0,0,0,0,0,0.9,0,0,0,0,1130,0,11800,49,9,2.8,0,0,8430,0,A048Q
10.129,Balsamicoeddik,Diverse matvarer og retter,Diverse matvarer og retter,263,62,85,0,0,0,0,0,0,0,0,0,0,0,0,0,0,0,0,0,0,0,0,0,0,0,15,0,15,0,0,0,0.5,0.1,0,0,0,0,0,0,0,0,0,0,0.1,0,0,0,0,27,0.7,23,112,12,0.1,0,0.03,19,0,A04JG
10.015,"Bernaisesaus, av pulver",Diverse matvarer og retter,Diverse matvarer og retter,871,211,72,19.5,8.2,1.1,1.1,2.8,1.8,0.2,7.3,0.2,7,2.6,1.9,0.7,0,0,0,0,0,0,0,0.7,1.8,19,6.3,3,3.3,1,1,0,2.5,1.5,0,184,191,177,84,2.5,2,0.03,0.07,0,0.5,0,0,0.2,0,52,0.1,584,144,5,0.3,0,0,68,5,A045F#F02.A0EPM$F04.A031E$F04.A036M$F28.A07MR
10.171,"Bernaisesaus, hjemmelaget",Diverse matvarer og retter,Diverse matvarer og retter,2089,508,41,54.7,33.5,1.5,5.2,15.2,5.6,1.5,13.7,1.3,11.7,1.8,1.2,0.2,0,0,0,0.1,0,0,0,0.3,0.8,222,1,0.2,0.8,0,0,0.3,2.8,1.4,0,464,487,442,271,7.1,2.5,0.02,0.07,0.1,0.7,0.07,16,0.5,2,36,1,559,74,6,0.5,8,0.04,78,37,A045F#F02.A0EPM$F04.A031E$F04.A036M$F22.A07SS
10.024,"Betasuppe, av pulver, tilberedt",Diverse matvarer og retter,Diverse matvarer og retter,169,40,90,0.5,0.1,0,0,0.1,0,0,0.1,0,0.1,0.1,0.1,0,0,0,0,0,0,0,0,0,0.1,0,7.1,6.7,0.5,0.1,0,0.8,1.4,0.7,0,2,4,0,27,0,0.1,0.02,0.03,0.5,0.6,0.08,3,0,6,13,0.3,284,135,12,0.1,0,0.03,26,4,A0BZC#F04.A000P$F28.A07MR
10.156,"Betasuppe, hjemmelaget",Diverse matvarer og retter,Diverse matvarer og retter,170,40,91,1.3,0.5,0,0,0.3,0.1,0,0.6,0,0.6,0.2,0.1,0,0,0,0,0,0,0,0,0,0.1,11,3.1,1.4,1.6,0,0,1,3.6,0.1,0,38,75,1,446,0,0.2,0.05,0.02,0.8,2,0.08,10,0.1,3,14,0.3,52,129,8,0.3,2,0.03,42,0,A0BZC#F02.A06GY$F04.A07XJ$F04.A0EYH$F10.A07VP$F22.A07SS
10.032,"Blomkål/brokkolisuppe, av pulver",Diverse matvarer og retter,Diverse matvarer og retter,142,34,92,1,0.3,0,0,0.1,0,0,0.6,0,0.3,0.1,0.1,0,0,0,0,0,0,0,0,0,0.1,0,4.7,5.1,0,0,0,0.7,1.1,0.7,0,1,1,0,8,0,0.2,0,0,0,0.2,0,0,0,0,3,0,280,0,2,0,0,0,0,0,A041S#F04.A00FN$F04.A00FR
10.012,"Blomkålsuppe, av pulver",Diverse matvarer og retter,Diverse matvarer og retter,134,32,93,0.9,0.3,0,0,0.1,0,0,0.5,0,0.2,0.1,0,0,0,0,0,0,0,0,0,0,0,0,4.3,3.4,0.9,0,0,0.5,1.5,0.5,0,2,2,1,6,0.1,0.1,0.01,0.03,0,0.3,0,0,0.1,0,28,0,203,35,3,0,0,0,22,3,A041L#F04.A00FR$F04.A02ML
10.15,"Blomkålsuppe, hjemmelaget",Diverse matvarer og retter,Diverse matvarer og retter,109,26,95,1.5,0.9,0,0.1,0.4,0.2,0,0.4,0,0.3,0,0,0,0,0,0,0,0,0,0,0,0,4,1.7,0,1.7,0,0,0.7,1.2,0.6,0,19,20,19,9,0,0.1,0.01,0.06,0.1,0.3,0.04,18,0.1,5,28,0.1,223,89,5,0.1,0,0.01,28,5,A041L#F02.A06GY$F04.A00FR$F10.A07VP$F22.A07SS
10.157,"Bouillabaisse, fransk fiskesuppe",Diverse matvarer og retter,Diverse matvarer og retter,217,52,90,2.9,0.4,0,0,0.3,0.1,0,1.7,0.1,1.6,0.5,0.3,0.1,0,0,0,0,0,0,0.1,0.2,0.3,24,1.5,0.1,1.4,0.2,0.2,0.8,4.5,0.7,0,25,45,4,251,0.6,0.9,0.03,0.03,0.8,2.2,0.11,9,0.6,5,14,0.3,296,152,11,0.2,7,0.04,60,26,A03XK#F02.A06GJ$F04.A026V$F04.A07XJ
10.158,"Brokkolisuppe, hjemmelaget",Diverse matvarer og retter,Diverse matvarer og retter,161,39,93,2.8,1.4,0.1,0.2,0.7,0.2,0.1,1,0.1,0.9,0.1,0.1,0,0,0,0,0,0,0,0,0,0.1,5,1.7,0.4,1.3,0.1,0.1,1,1.3,0.9,0,30,33,25,50,0.1,0.4,0.02,0.06,0.1,0.4,0.05,16,0,4,24,0.2,343,103,8,0.1,0,0.02,27,6,A041S#F02.A06GY$F04.A00ZT$F04.A02ML$F04.A07XJ$F10.A07VP$F22.A07SS
10.016,"Brun saus, av blokk",Diverse matvarer og retter,Diverse matvarer og retter,288,69,87,3.5,0.6,0,0,0.4,0.1,0,2.5,0,2.5,0.3,0.3,0,0,0,0,0,0,0,0,0,0.3,0,8.4,7.1,1.2,0.3,0,0,1,0,0,0,0,0,0,0,0,0.01,0.07,0.3,0.5,0,0,0,0,10,0.3,0,0,2,0,0,0,0,2,A043Z
10.017,"Brun saus, kjøttkakesaus, av pulver",Diverse matvarer og retter,Diverse matvarer og retter,150,36,93,1.1,0.2,0,0,0.1,0,0,0.8,0,0.8,0.1,0.1,0,0,0,0,0,0,0,0,0,0.1,0,5.3,5.2,0.1,0.2,0.2,0,1,0.6,0,0,0,0,0,0,0,0.01,0.03,0.3,0.5,0,0,0,0,7,0.1,244,0,3,0,0,0,0,0,A043Z
10.025,"Brun saus, med løk, av pulver",Diverse matvarer og retter,Diverse matvarer og retter,169,40,92,1.5,0.2,0,0,0.1,0.1,0,0.3,0,0.4,0.9,0.8,0,0,0,0,0,0,0,0,0,0.8,0,5.7,4.6,1.1,0.3,0.3,0.2,0.9,0.9,0,0,0,0,0,0,0,0,0,0,0,0,0,0,0,0,0,368,50,0,0,0,0,0,0,A043Z
5.504,"Bruschetta, med tomat og basilikum",Diverse matvarer og retter,Diverse matvarer og retter,465,111,75,3.4,0.5,0,0,0.3,0.1,0,2.1,0,2.1,0.5,0.4,0,0,0,0,0,0,0,0,0.1,0.5,0,15.3,13.3,2,0,0,3,3.3,0.7,0,25,48,0,290,0,1.1,0.1,0.04,0.8,1.4,0.09,21,0,11,19,0.7,261,247,24,0.5,1,0.09,70,0,A16FF#F02.A16GJ$F04.A000J$F04.A00HC$F04.A00VV$F04.A0DMX
10.1,Buljongpulver,Diverse matvarer og retter,Diverse matvarer og retter,609,145,70,4.5,2.2,0,0.2,1.1,0.9,0,1.8,0.2,1.6,0.2,0.2,0,0,0,0,0,0,0,0,0,0.2,0,9,0,9,6,6,0,17,55,0,0,0,0,0,0,0,0.15,0.9,0,0,0,0,0,0,40,1.1,22000,1500,120,1.6,0,0,0,390,A043F#F02.A0EPA
10.13,Butterdeig,Diverse matvarer og retter,Diverse matvarer og retter,1654,397,32,26.2,12.6,0,0.3,11.2,1.1,0,9.5,0.1,9.4,2.8,2.6,0.1,0,0,0,0,0,0,0,0.1,2.6,2,33.7,32.2,1.5,0,0,3,5.3,0.8,0,0,0,0,0,0,2,0.07,0.01,0.7,1.6,0.04,0,0,1,77,1.1,337,89,10,0.3,2,0,49,0,A00CC#F02.A06DS$F04.A039C$F12.A009L$F28.A07GX
6.788,"Bønne- og olivensalat, kjøpt",Diverse matvarer og retter,Diverse matvarer og retter,701,169,73,13.6,1.2,0,0,0.8,0.2,0,7.9,0,7.4,3.9,2.9,0.9,0,0,0,0,0,0,0,1,2.9,0,5.3,3.3,2,0.6,0.6,3,5,0.5,0,55,110,0,661,0,3.9,0.05,0.12,0.4,1.1,0.1,62,0,21,35,1,195,226,24,0.6,1,0.13,63,1,A042G#F02.A06GZ$F04.A00JA$F04.A011Y$F04.A01BP$F04.A036N$F18.A07NL$F19.A07PR$F22.A07SH
6.708,"Bønnegryte, vegetarisk",Diverse matvarer og retter,Diverse matvarer og retter,282,67,82,0.4,0,0,0,0.1,0,0,0,0,0,0.2,0.1,0.1,0,0,0,0,0,0,0,0.1,0.1,0,9.5,6.8,2.7,0.1,0.1,4,4.4,0.3,0,12,24,0,147,0,0.7,0.06,0.03,0.4,1.5,0.07,25,0,3,25,0.9,104,185,22,0.4,1,0.1,75,4,A03VS#F28.A07GM
6.705,"Bønnekarbonader, stekt i fett",Diverse matvarer og retter,Diverse matvarer og retter,789,189,64,10.9,3.1,0.3,0.3,1.4,0.7,0,4.6,0.1,4.5,2.2,1.8,0.4,0,0,0,0,0,0,0,0.5,1.8,66,14,12.2,1.8,0,0,4,6.9,1.3,0,61,62,59,18,1.2,1.4,0.09,0.11,0.6,2.2,0.1,41,0.2,2,39,1.4,535,282,32,0.7,5,0.11,127,14,A03VS#F04.A031G$F28.A07GR$F28.A07KY
10.188,"Børek, med kjøttdeig, kjøpt i kafé/bakeri",Diverse matvarer og retter,Diverse matvarer og retter,1294,308,36,11.4,3.6,0,0.3,2.3,1.2,0.1,6.1,0.2,5.6,1,0.8,0.1,0,0,0,0,0,0,0,0.1,0.8,37,35.7,33.3,2.4,0,0,2,14.5,0.9,0,17,20,15,30,0.2,1.1,0.11,0.09,2.2,5.6,0.14,15,0.8,1,49,2.1,341,193,26,2.8,10,0.02,118,2,A03ZN#F02.A06GQ$F04.A006Q$F04.A0EYF$F22.A07SK$F28.A07MA
10.189,"Børek, med potet, kjøpt i kafé/bakeri",Diverse matvarer og retter,Diverse matvarer og retter,1132,269,41,7.3,1.6,0,0.1,0.9,0.3,0,4.2,0.1,4.1,0.9,0.7,0.1,0,0,0,0,0,0,0,0.1,0.7,3,43.2,40.1,3.1,0,0,3,6.1,0.4,0,10,11,10,11,0.2,1,0.12,0.05,1.5,2.8,0.13,19,0,4,50,1.4,162,308,33,0.6,6,0.07,88,1,A03ZN#F02.A06GQ$F04.A006Q$F04.A00ZT$F22.A07SK$F28.A07MA
10.19,"Børek, med spinat og fetaost, kjøpt i kafé/bakeri",Diverse matvarer og retter,Diverse matvarer og retter,1103,263,45,9.5,4.7,0.2,0.7,2.2,0.7,0.2,3.1,0.1,2.7,0.7,0.6,0.1,0,0,0,0,0,0,0,0.1,0.5,18,32.7,30.4,2.2,0,0,2,10.3,0.9,0,111,173,48,753,0.2,1,0.12,0.16,1.1,3.3,0.13,44,0.4,2,186,1.4,352,260,34,1.2,8,0.04,158,6,A03ZN#F02.A06GQ$F04.A006Q$F04.A00MJ$F04.A02RC$F22.A07SK$F28.A07MA
10.191,"Calzone, med kjøttfyll, kjøpt i kafé/bakeri",Diverse matvarer og retter,Diverse matvarer og retter,1052,250,47,8.8,3.8,0.1,0.5,1.9,0.7,0.1,2.9,0.2,2.7,1.2,1.1,0.1,0,0,0,0,0,0,0,0.1,1,18,29.3,28.6,0.7,0,0,2,12.4,1,0,48,55,42,79,0,0.9,0.21,0.13,1.7,4.4,0.1,36,0.5,2,163,0.8,402,180,27,1.7,4,0.1,197,6,A03ZQ#F02.A06GQ$F04.A006Q$F04.A0BXT$F22.A07SK
10.192,"Calzone, med kylling og pesto, kjøpt i kafé/bakeri",Diverse matvarer og retter,Diverse matvarer og retter,1136,271,47,12.3,4.3,0.1,0.5,2.2,0.8,0.1,4,0.2,3.7,3.2,3,0.1,0,0,0,0,0,0,0,0.1,2.9,29,25.1,24.9,0.2,0.1,0.1,2,14.1,0.9,0,34,40,28,73,0.1,2.7,0.17,0.13,2.2,5.4,0.13,33,0.4,2,165,0.8,350,157,29,1.7,5,0.1,207,7,A03ZN#F02.A06GQ$F04.A006Q$F04.A01SP$F22.A07SK
10.193,"Calzone, med ost og skinke, kjøpt i kafé/bakeri",Diverse matvarer og retter,Diverse matvarer og retter,979,233,51,8.3,3.8,0.1,0.5,1.9,0.7,0.1,2.7,0.2,2.5,1.1,0.9,0.1,0,0,0,0,0,0,0,0.1,0.9,20,26.6,26,0.6,0,0,2,11.9,1,0,29,33,24,56,0,0.8,0.22,0.11,1.5,4.1,0.09,32,0.4,2,159,0.8,389,168,25,1.7,4,0.09,186,6,A03ZP#F02.A06GQ$F04.A006Q$F04.A023K$F04.A02QE$F22.A07SK
8.256,Cheddarsaus,Diverse matvarer og retter,Diverse matvarer og retter,972,234,64,17.8,10.4,0.5,1.6,4.6,1.7,0.5,4.7,0.4,4.1,0.9,0.7,0.2,0,0,0,0,0,0,0,0.2,0.5,40,6.2,3.2,3,0,0,0.3,12,1.7,0,174,186,163,143,0.9,0.5,0.04,0.2,0.2,2.9,0.08,14,1.2,0,327,0.2,690,151,17,1.5,3,0.03,241,22,A043Y#F02.A0EPK$F04.A02LV$F04.A02YK
13.096,Chilinøtter,Diverse matvarer og retter,Diverse matvarer og retter,2161,519,7,32.3,5.1,0,0,2.9,0.7,0,21,0,20.2,5.2,4.8,0.3,0,0,0,0,0,0,0,0.3,4.8,1,37.2,30.7,6.5,6.1,6.1,7,16.1,2.7,0,12,24,0,147,0,3.4,0.5,0.09,8.6,11.3,0.79,59,0,1,56,1.7,1063,397,112,1.6,19,0.52,243,2,A06HL#F02.A06EB$F02.A06GC$F04.A002R$F04.A00JB$F04.A015H
10.177,"Chilisaus, søt",Diverse matvarer og retter,Diverse matvarer og retter,866,205,52,2.9,0.3,0,0,0.2,0.1,0,0.7,0,0.7,1.2,0.9,0.2,0,0,0,0,0,0,0,0.2,0.9,0,43.3,0,43.3,43.3,43.3,1,0.8,2.9,0,20,39,0,237,0,1.2,0.02,0.03,0.5,0.6,0.14,13,0,1,13,0.7,1176,130,10,0.1,0,0,14,2,A0ERG#F02.A0EPP$F04.A00JB$F10.A0CQM$F10.A0EZY
5.505,"Croissant, med ost og skinke, kjøpt i kafé/bakeri",Diverse matvarer og retter,Diverse matvarer og retter,1204,288,47,16.1,9.3,0.4,1.4,4.5,1.3,0.4,3.4,0.2,3,0.8,0.6,0.1,0,0,0,0,0,0,0,0.1,0.6,49,24.5,20.5,4,4.2,4.2,2,10.1,1.1,0,156,174,137,226,0,0.7,0.27,0.1,1.2,3.1,0.07,32,0.4,4,112,0.7,435,188,19,1.1,4,0.08,181,6,A00BM#F02.A06DQ$F04.A022T$F04.A02SV$F12.A008L$F22.A07SK$F28.A07GX
6.2,Cæsarsalat,Diverse matvarer og retter,Diverse matvarer og retter,733,176,68,10,5.1,0.3,0.7,2.4,0.9,0.2,3.1,0.2,2.8,0.8,0.7,0.1,0,0,0,0,0,0,0,0.1,0.6,38,7.3,6.5,0.8,0.2,0.2,1,13.5,0.4,0,73,92,54,228,0.7,0.6,0.1,0.1,3.6,6.9,0.25,47,0.2,5,58,0.5,163,284,21,0.8,6,0.09,150,4,A042E#F02.A06GZ$F04.A01SP$F04.A07XJ
1.179,Dessert-topping på boks,Diverse matvarer og retter,Diverse matvarer og retter,1074,260,66,25,21.3,11,3.4,1.8,3.5,0,1.9,0,0.3,0.7,0,0,0,0,0,0,0,0,0,0,0,0,7.3,0,7.3,4.9,4.9,0,1.5,2.2,0,0,0,0,0,0,0,0,0,0,0,0,0,0,0,160,0,880,440,0,0,0,0,0,1,A03TR
10.125,"Dipsaus, sursøt barbequesaus",Diverse matvarer og retter,Diverse matvarer og retter,408,96,77,0.4,0.1,0,0,0,0,0,0.1,0,0.1,0.1,0.1,0,0,0,0,0,0,0,0,0,0.1,0,22.6,2,20.6,20.6,20.6,0,0.5,1.4,0,0,0,0,0,0,0.2,0.04,0,0.2,0.3,0.06,0,0,0,8,0.3,561,172,11,0.1,0,0.05,11,0,A045B
12.027,"Eddik, 7 %",Diverse matvarer og retter,Diverse matvarer og retter,17,4,99,0,0,0,0,0,0,0,0,0,0,0,0,0,0,0,0,0,0,0,0,0,0,0,0.6,0,0.6,0,0,0,0.4,0,0,0,0,0,0,0,0,0,0,0,0.1,0,0,0,0,3,0.1,5,34,4,0.1,1,0.07,10,0,A044L#F02.A0EPB$F28.A07JZ
10.178,Eplecidereddik,Diverse matvarer og retter,Diverse matvarer og retter,17,4,99,0,0,0,0,0,0,0,0,0,0,0,0,0,0,0,0,0,0,0,0,0,0,0,0.6,0,0.6,0,0,0,0.4,0,0,0,0,0,0,0,0,0,0,0,0.1,0,0,0,0,9,0.2,7,17,3,0.1,0,0,5,0,A044N#F02.A0EPB$F27.A01DJ$F28.A07JZ
10.02,"Ertestuing, av pulver",Diverse matvarer og retter,Diverse matvarer og retter,543,129,67,1.4,0.2,0,0,0.3,0,0,0.9,0,0.1,0.1,0.7,0.1,0,0,0,0,0,0,0,0.1,0.7,1,18.6,17.7,1,0.8,0.8,5,8,0.4,0,6,12,0,74,0,0,0.08,0.05,0.5,2.2,0.02,6,0,0,22,1.4,178,299,26,0,4,0,0,0,A01BA#F28.A07MR
6.783,"Falafel, kikertboller, hjemmelaget",Diverse matvarer og retter,Diverse matvarer og retter,902,216,46,5.7,0.7,0,0,0.6,0.1,0,1.8,0,1.8,2.3,2,0.1,0,0,0,0,0,0,0,0.2,2,31,20.6,18.4,2.2,0,0,14,13.4,0.7,0,24,32,16,97,0.2,2.2,0.21,0.12,0.9,3.4,0.31,88,0.1,4,90,3.3,281,651,86,2.3,7,0.51,244,6,A03VS#F02.A06GG$F04.A011Z$F04.A013M$F04.A04MA$F04.A07XJ$F28.A07GY$F28.A07KY
6.817,"Falafel, kikertboller, kjøpt",Diverse matvarer og retter,Diverse matvarer og retter,849,204,57,9.4,0.8,0,0,0.6,0.1,0,5.3,0,5.1,3.3,2.7,0.6,0,0,0,0,0,0,0,0.6,2.7,0,17.9,15.4,2.5,2.5,2.5,8,7.8,1.2,0,8,16,0,97,0,3,0.14,0.07,0.8,2.1,0.18,56,0,0,65,2.4,490,470,52,1,24,0.23,130,0,A03VS#F02.A06GG$F04.A011Z$F04.A013M$F04.A04MA$F04.A07XJ$F22.A07SH$F28.A07KY$F28.A0BA1
10.132,Filodeig,Diverse matvarer og retter,Diverse matvarer og retter,1208,285,30,1.9,0.2,0,0,0.1,0,0,0.6,0,0.6,0.5,0.4,0.1,0,0,0,0,0,0,0,0.1,0.4,0,57.9,54.9,3,0,0,2,8,0.6,0,0,0,0,1,0,0.5,0.14,0.03,1.3,2.6,0.09,17,0,0,63,1.5,253,124,23,0.6,9,0,86,1,A16FH
10.023,"Fiskesuppe, av pulver",Diverse matvarer og retter,Diverse matvarer og retter,163,39,91,0.9,0.2,0,0,0.1,0,0,0.3,0,0.3,0.3,0.3,0,0,0,0,0,0,0,0,0,0.3,0,5.3,2.9,2.4,0.6,0.6,0.5,2.2,0.8,0,1,1,1,1,0.1,0,0.02,0.06,0,0.2,0,0,0.1,0,46,0.1,337,93,6,0.2,0,0,22,3,A041X#F04.A02LY$F28.A07MR
10.123,"Fiskesuppe, pulver",Diverse matvarer og retter,Diverse matvarer og retter,1568,372,15,8.5,0.9,0,0,0.5,0.3,0,3.6,0,3.5,3.5,3.1,0.3,0,0,0,0,0,0,0,0.3,3.1,0,53,35.2,17.8,6.7,6.7,6,18,9.9,0,0,0,0,0,0,0,0.2,0.4,0,0,0,0,0,0,240,1.4,3960,700,54,1.7,0,0,0,0,A0B9N
12.117,Floradix,Diverse matvarer og retter,Diverse matvarer og retter,315,74,81,0,0,0,0,0,0,0,0,0,0,0,0,0,0,0,0,0,0,0,0,0,0,0,18.5,0,0,0,3,0,0,0,0,0,0,0,0,0,0,0,8,9,9,4,0,6,100,0,75,0,0,0,0,0,0,0,0,A03SK#F03.A06JL$F04.A0EXD$F04.A0EXN$F04.A0EXP$F04.A0EXS$F04.A0EXX$F04.A0EXY
12.11,"Gelatin, plater/pulver",Diverse matvarer og retter,Diverse matvarer og retter,1458,343,14,0.1,0.1,0,0,0.1,0,0,0.1,0,0.1,0,0,0,0,0,0,0,0,0,0,0,0,0,0,0,0,0,0,0,85.6,0.5,0,0,0,0,0,0,0,0.03,0.23,0.1,14.4,0.01,30,0,0,55,1.1,196,16,22,0.1,1,2.16,39,5,A0F5E
12.007,"Gjær, pressgjær",Diverse matvarer og retter,Diverse matvarer og retter,448,107,72,1.9,0.2,0,0,0.2,0.1,0,1.1,0.5,0.4,0,0,0,0,0,0,0,0,0,0,0,0,0,10,10,0,0,0,8,8.4,0.1,0,0,0,0,0,0,0,1.88,1.13,12.3,13.7,0.43,785,0,0,19,3.3,30,601,40,10,8,0.15,336,1,A049A#F03.A0CEA
12.009,"Gjær, tørrgjær",Diverse matvarer og retter,Diverse matvarer og retter,1426,341,11,7.6,1,0,0,0.7,0.3,0,4.3,2,1.9,0,0,0,0,0,0,0,0,0,0,0,0,0,14.3,14.3,0,0,0,27,40.4,0.1,0,0,0,0,0,0,0,10.99,4,40.2,46.9,1.5,2340,0,0,30,2.2,51,955,54,7.9,3,5,637,10,A049A
10.159,"Gresskarsuppe, hjemmelaget",Diverse matvarer og retter,Diverse matvarer og retter,103,24,93,0.1,0,0,0,0,0,0,0,0,0,0,0,0,0,0,0,0,0,0,0,0,0,0,4.4,2.3,2.1,0.1,0.1,1,0.7,0.7,0,81,162,0,977,0,0.3,0.01,0.03,0.2,0.3,0.05,8,0,1,16,0.2,271,111,7,0.1,0,0.03,15,4,A041L#F02.A06GY$F04.A0DLV$F10.A07VP$F22.A07SS
10.028,"Grytebasis, jegergryte, uten kjøtt",Diverse matvarer og retter,Diverse matvarer og retter,486,117,81,8.3,4.5,0.2,0.7,2.1,0.7,0.2,2.7,0.2,2.5,0.3,0.3,0.1,0,0,0,0,0,0,0,0.1,0.2,36,8.4,6.3,2.1,0.3,0.3,0.2,2.1,0,0,119,145,92,323,0,0.6,0.04,0.08,0.5,0.8,0.01,0,0.1,0,34,0.1,7,29,6,0.2,0,0,15,4,A0CDN#F04.A07XJ
10.008,"Grytebasis, orientalsk, uten kjøtt",Diverse matvarer og retter,Diverse matvarer og retter,242,58,88,1.8,0.3,0,0,0.2,0.1,0,1.3,0,1.2,0.2,0.2,0,0,0,0,0,0,0,0,0,0.2,22,8.5,7,1.4,0.3,0.3,0.2,1.7,0,0,26,53,0,318,0,0.5,0.04,0.05,0.5,0.8,0,0,0,0,12,0.1,0,0,5,0.1,0,0,0,0,A0B9J#F26.A07XD
10.029,"Grytebasis, stroganoff, uten kjøtt",Diverse matvarer og retter,Diverse matvarer og retter,258,61,87,1.7,0.5,0,0,0.3,0.1,0,1,0,1,0.1,0.2,0,0,0,0,0,0,0,0,0,0.2,18,8.4,5.2,3.2,0.3,0.3,0.1,2.9,0,0,22,41,2,239,0.1,0.4,0.04,0.1,0.4,1,0.01,1,0.3,0,71,0.1,19,81,7,0.2,0,0,53,8,A0CDN#F04.A07XJ
6.707,"Grønnsaksgryte, med potet",Diverse matvarer og retter,Diverse matvarer og retter,200,48,89,1.4,0.2,0,0,0.1,0,0,0.8,0,0.7,0.5,0.4,0.1,0,0,0,0,0,0,0,0.1,0.4,0,6.7,3.4,3.3,0,0,2,0.9,0.6,0,26,53,0,318,0,0.4,0.02,0.02,0.6,1.1,0.08,11,0,5,25,0.2,232,141,11,0.1,0,0.04,33,1,A03XZ#F04.A00ZT
6.789,"Grønnsakspostei, kjøpt",Diverse matvarer og retter,Diverse matvarer og retter,797,193,68,15,1.3,0,0,0.8,0.3,0,7.3,0,7.1,6.1,5.4,0.6,0,0,0,0,0,0,0,0.6,5.5,0,7.9,5.6,2.3,0,0,5,4,1.2,0,49,99,0,594,0,5.8,0.07,0.04,0.3,1.2,0.11,39,0,3,29,1.1,460,268,33,0.7,2,0.13,82,0,A03VS#F02.A06GG$F04.A00FN$F04.A011Z$F18.A07NX$F19.A07PH$F22.A07SH$F28.A07GY$F28.A07KY
6.706,"Grønnsaksrøre, med tomat, ratatouille",Diverse matvarer og retter,Diverse matvarer og retter,177,43,92,2.7,0.3,0,0,0.2,0.1,0,1.4,0,1.4,0.9,0.7,0.1,0,0,0,0,0,0,0,0.1,0.7,0,2.9,0.2,2.7,0,0.1,2,0.8,0.3,0,27,53,0,321,0,1.3,0.02,0.02,0.2,0.5,0.07,10,0,19,15,0.2,119,88,7,0.1,0,0.05,28,0,A03YH#F04.A00GZ$F04.A00HC$F04.A00JA$F04.A0DMX
10.161,"Gulrotsuppe, hjemmelaget",Diverse matvarer og retter,Diverse matvarer og retter,190,46,92,3.3,1.6,0.1,0.2,0.7,0.3,0.1,1.3,0.1,1.2,0.1,0.1,0,0,0,0,0,0,0,0,0,0.1,5,3.1,0.1,3,0,0.7,0.7,0.6,0.9,0,174,323,25,1790,0.1,0.4,0.04,0.03,0.2,0.3,0.03,8,0.1,3,26,0.1,360,83,6,0.1,0,0.02,21,5,A041L#F02.A06GY$F04.A00QH$F10.A07VP$F22.A07SS
12.026,Havsalt,Diverse matvarer og retter,Diverse matvarer og retter,0,0,100,0,0,0,0,0,0,0,0,0,0,0,0,0,0,0,0,0,0,0,0,0,0,0,0,0,0,0,0,0,0,94,0,0,0,0,0,0,0,0,0,0,0,0,0,0,0,51,3,37600,56,37,0.1,0,0.14,1,20,A042X
10.197,"Hoisinsaus, hjemmelaget",Diverse matvarer og retter,Diverse matvarer og retter,1101,265,57,18.6,3,0,0,1.7,0.9,0,7,0,7.5,7.8,7.2,0.1,0,0,0,0,0,0,0,0.1,7.2,0,21.6,1.4,20.2,3.9,13.4,0.5,2.6,6.8,0,0,0,0,5,0,0.5,0.03,0.08,2,2.4,0.1,8,0,1,21,1.4,2716,153,27,0.3,1,0.06,40,0,A0EZD#F02.A0EPF$F04.A033J$F04.A037C$F04.A044L$F04.A044R$F22.A07SS
10.162,"Hollandaisesaus, hjemmelaget",Diverse matvarer og retter,Diverse matvarer og retter,2160,525,39,56.4,34.2,1.6,5.2,15.6,5.8,1.5,14.3,1.3,12.2,2,1.4,0.2,0,0,0,0.1,0,0,0,0.3,1,261,0.8,0.1,0.7,0,0.1,0.3,3.3,1.5,0,491,517,465,317,7.5,3.1,0.03,0.08,0,0.8,0.06,20,0.7,3,35,0.9,599,61,4,0.6,10,0.03,95,47,A045F#F02.A0EPM$F04.A031E$F04.A036M$F22.A07SS
6.679,Hummus,Diverse matvarer og retter,Diverse matvarer og retter,703,170,69,11.9,1.7,0,0,1.2,0.3,0,7.3,0.1,7,2.4,2.2,0.1,0,0,0,0,0,0,0,0.1,2.2,0,6.7,6.5,0.2,0,0.1,7,5.6,0.3,0,14,27,0,165,0,2.3,0.04,0.09,0.4,1.3,0.12,27,0,7,59,1.5,120,168,40,1.2,5,0.28,99,0,A03VN#F02.A06GG$F04.A0BAV
10.018,"Hvit saus, av pulver",Diverse matvarer og retter,Diverse matvarer og retter,257,61,87,1.5,0.7,0,0.1,0.3,0.1,0,0.6,0,0.5,0.1,0.1,0,0,0,0,0,0,0,0,0,0.1,10,7.8,3,4.8,0,0,0,4.1,1,0,8,8,8,4,0.3,0,0.03,0.16,0.1,1,0.02,3,0.5,0,155,0,409,174,7,0.2,1,0,113,16,A0F1N#F26.A07XD
10.198,"Hvit saus, hjemmelaget",Diverse matvarer og retter,Diverse matvarer og retter,477,114,80,7.1,4.4,0.2,0.7,2,0.7,0.2,1.7,0.2,1.4,0.2,0.1,0,0,0,0,0,0,0,0,0,0.1,17,8.3,4,4.4,0,0,0.3,4.2,0.8,0,57,60,54,38,0.9,0.1,0.04,0.14,0.1,1.1,0.03,3,0.5,0,129,0.1,332,180,10,0.3,1,0.02,117,17,A0F1N#F02.A0EPK$F22.A07SS
10.163,"Jordskokksuppe, hjemmelaget",Diverse matvarer og retter,Diverse matvarer og retter,290,70,87,4,2.5,0.1,0.4,1.1,0.4,0.1,0.9,0.1,0.8,0.2,0.1,0,0,0,0,0,0,0,0,0,0.1,9,5.5,2.3,3.2,0,0,0.8,2.4,0.5,0,36,38,34,25,0.3,0.1,0.03,0.09,0.4,1,0.04,7,0.3,1,73,0.2,201,171,8,0.2,1,0.04,77,10,A041L#F02.A06GY$F04.A00QQ$F04.A02LV$F04.A02ML$F10.A07VP$F22.A07SS
1.177,Kaffehvitt,Diverse matvarer og retter,Diverse matvarer og retter,442,107,86,10.2,8.6,4.5,1.4,0.7,1.4,0,0.8,0,0.1,0.3,0,0,0,0,0,0,0,0,0,0,0,0,2.9,0,2.9,2.9,2.9,0,0.9,1.3,0,0,0,0,0,0,0,0,0,0,0,0,0,0,0,160,0,530,500,0,0,0,0,0,1,A03TR
1.176,"Kaffehvitt, pulver, Coffeemate",Diverse matvarer og retter,Diverse matvarer og retter,2286,548,6,34.5,26,1.2,3.6,9.4,3.8,0,7.5,0.5,7.2,0,0.6,0.1,0,0,0,0,0,0,0,0.2,0.7,2,57.3,47.9,9.4,0,0,0,2.1,1,0,17,33,0,200,0,0.6,0,1,0,0.4,0,0,0,0,4,1.2,400,900,4,0.5,1,0.12,350,1,A03TS
9.011,Kakaopulver,Diverse matvarer og retter,Diverse matvarer og retter,1571,379,21,21.9,12.8,0,0,5.8,6.7,0,7.2,0,7.4,0.6,0.8,0,0,0,0,0,0,0,0,0,0.8,0,11,11,0,0,0,24,22.5,0.1,0,3,6,0,40,0,0.2,0.1,0.15,2,5.8,0.07,38,0,0,105,11,35,3490,523,10.1,1,3.6,660,3,A03HG
10.131,"Karripasta, curry paste",Diverse matvarer og retter,Diverse matvarer og retter,1114,269,56,21.3,2,0,0.6,1,0.3,0,12.8,0,12.7,5,4.2,0.8,0,0,0,0,0,0,0,0.8,4.2,0,11.3,4.3,7,7,7,7,4.7,3.8,0,0,0,0,0,0,0,0.09,0.13,1.8,2.6,0,0,0,0,150,12.8,1520,520,75,0.8,0,0.29,110,0,A045D
12.004,"Kjøttbuljong, tilberedt",Diverse matvarer og retter,Diverse matvarer og retter,12,3,99,0.1,0,0,0,0,0,0,0,0,0,0,0,0,0,0,0,0,0,0,0,0,0,0,0.2,0,0.2,0.1,0.1,0,0.3,1.1,0,0,0,0,0,0,0,0,0.02,0,0,0,0,0,0,1,0,440,30,2,0,0,0,0,8,A043F#F28.A07MR
6.701,"Kokosmelk, hermetisk",Diverse matvarer og retter,Diverse matvarer og retter,861,209,74,21.3,18.9,9.4,3.7,1.8,1.1,0,0.9,0,0.9,0.2,0.2,0,0,0,0,0,0,0,0,0,0.2,0,1.5,0,1.5,0,0,2,2,0,0,0,0,0,0,0,0.1,0.02,0,0.6,0.9,0.03,14,0,1,18,3.3,13,220,46,0.6,0,0.22,96,0,A01BK
6.78,"Kokosmelk, mager, hermetisk",Diverse matvarer og retter,Diverse matvarer og retter,297,72,90,7.1,6.3,3.2,1.3,0.6,0.4,0,0.4,0,0.3,0.1,0.1,0,0,0,0,0,0,0,0,0,0.1,0,0.8,0,0.8,0,0,1,0.6,0.1,0,0,0,0,2,0,0,0,0,0.1,0.2,0.01,9,0,0,3,0.3,34,77,12,0.2,2,0,18,0,A01BK#F10.A0CRG$F28.A0BYP
10.147,"Kondensert melk, søtet",Diverse matvarer og retter,Diverse matvarer og retter,1382,328,29,8.7,5.5,0.2,0.8,2.4,1.2,0,2.4,0.1,2.2,0.3,0.2,0.1,0,0,0,0,0,0,0,0.1,0.2,34,54.5,0,54.5,49.6,49.6,0,7.9,0.3,0,74,75,73,14,0.2,0.2,0.09,0.42,0.2,1.5,0.05,11,0.4,3,284,0.2,127,371,26,0.9,15,0.02,253,25,A02PG#F08.A032H
6.693,"Linse- og bønnesalat, kjøpt",Diverse matvarer og retter,Diverse matvarer og retter,437,105,78,6,0.5,0,0,0.4,0.1,0,3,0,3.6,2,1.4,0.6,0,0,0,0,0,0,0,0.6,1.4,0,3.8,1.8,2,0,0,6,6,0.8,0,90,179,0,1074,0,2.1,0.05,0.07,0.3,1,0.08,26,0,32,40,1.2,304,215,22,0.5,1,0.14,62,0,A042G#F02.A06GZ$F04.A011Y$F04.A01BD$F04.A07XJ$F18.A07NL$F19.A07PR
10.216,Linsechips,Diverse matvarer og retter,Diverse matvarer og retter,1885,450,7,19.1,1.5,0,0,0.8,0.5,0,14.7,0,14.6,2,1.8,0.2,0,0,0,0,0,0,0,0.2,1.8,0,52.5,49.1,3.4,3,3,8,13,2.3,0,4,7,0,47,0,7.8,0.14,0.07,1.3,3.5,0.38,25,0,1,31,2.5,900,520,44,1.7,20,0.38,200,0,A0EQX#F02.A06GC$F02.A0EPT$F04.A0DCE
10.228,Linsesuppe,Diverse matvarer og retter,Diverse matvarer og retter,188,45,89,1,0.2,0,0,0.1,0,0,0.5,0,0.5,0.2,0.2,0,0,0,0,0,0,0,0,0,0.2,0,4.9,3.2,1.7,0.1,0.1,3,2.9,0.7,0,30,59,0,359,0,0.5,0.04,0.04,0.3,0.8,0.06,10,0,5,16,0.8,278,136,12,0.4,2,0.08,42,5,A041L#F02.A06GY$F04.A013Q$F04.A0DMX$F10.A07VP
10.165,"Løksuppe, gratinert med ost og brød, hjemmelaget",Diverse matvarer og retter,Diverse matvarer og retter,250,60,87,2.6,1.3,0.1,0.2,0.6,0.2,0.1,0.8,0.1,0.7,0.3,0.2,0.1,0,0,0,0,0,0,0,0.1,0.2,5,5.6,3.4,2.3,0.3,0.5,2,2.5,0.7,0,11,11,10,8,0.1,0.2,0.03,0.06,0.2,0.7,0.05,8,0.1,1,47,0.3,294,76,10,0.4,1,0.03,53,6,A041M#F02.A06GY$F04.A00HC$F04.A02SV$F04.A0BY0$F10.A07VP$F22.A07SS
10.164,"Løksuppe, hjemmelaget",Diverse matvarer og retter,Diverse matvarer og retter,118,28,94,1.3,0.6,0,0.1,0.3,0.1,0,0.5,0,0.4,0.1,0.1,0,0,0,0,0,0,0,0,0,0.1,2,2.6,0.2,2.4,0.4,0.5,2,0.7,0.7,0,7,7,6,9,0.1,0.1,0.01,0.05,0,0.1,0.04,7,0,1,10,0.1,271,62,5,0.1,0,0.02,14,5,A041M#F02.A06GY$F04.A00HC$F10.A07VP$F22.A07SS
1.294,"Matlagingsprodukt, av havre, 13 % fett",Diverse matvarer og retter,Diverse matvarer og retter,605,146,79,12.8,1,0,0,0.1,0.3,0,7.7,0,7.5,3.3,2.4,0.9,0,0,0,0,0,0,0,0.9,2.4,0,6.7,3.5,3.2,0,0,0.9,0.7,0.1,0,0,0,0,0,0,0,0.02,0,0,0.1,0,7,0,0,18,0,48,31,4,0,0,0,26,0,A03TQ#F02.A06HP
1.293,"Matlagingsprodukt, av soya, 17 % fett",Diverse matvarer og retter,Diverse matvarer og retter,767,186,76,17.5,1.8,0,0,1,0.6,0,3.5,0,3.4,8.8,8.6,0.2,0,0,0,0,0,0,0,0.3,8.6,0,4.1,0.4,3.7,1.2,1.2,0,2.9,0.1,0,0,0,0,0,0,16.4,0.03,0,0.1,0.5,0.02,11,0,0,11,0.3,55,72,13,0.2,0,0.1,43,1,A03TQ#F02.A06HP
1.189,"Matlagingsprodukt, whipping",Diverse matvarer og retter,Diverse matvarer og retter,319,78,91,8.3,7.1,3.7,1.1,0.6,1.2,0,0.6,0,0.1,0.2,0,0,0,0,0,0,0,0,0,0,0,0,0,0,0,0,0,0,0.7,1.8,0,0,0,0,0,0,8.4,0,0,0,0.1,0,0,0,0,180,0.1,700,150,0,0,0,0,0,1,A03TR
12.023,Mineralsalt,Diverse matvarer og retter,Diverse matvarer og retter,0,0,100,0,0,0,0,0,0,0,0,0,0,0,0,0,0,0,0,0,0,0,0,0,0,0,0,0,0,0,0,0,0,50,0,0,0,0,0,0,0,0,0,0,0,0,0,0,0,43,0.9,20000,21000,1000,0.5,0,0.14,70,0,A042P
10.166,"Minestronesuppe, uten kjøtt, hjemmelaget",Diverse matvarer og retter,Diverse matvarer og retter,193,46,89,1.2,0.3,0,0,0.2,0.1,0,0.6,0,0.6,0.2,0.1,0,0,0,0,0,0,0,0,0,0.1,1,6.2,4.7,1.5,0.1,0.1,2,1.9,0.8,0,43,84,2,494,0,0.4,0.02,0.03,0.3,0.8,0.05,8,0,2,20,0.3,331,111,11,0.2,1,0.05,32,5,A041S#F02.A06GY$F04.A07XJ$F10.A07VP$F22.A07SS
10.138,"Miso, fermentert soyabønnepasta",Diverse matvarer og retter,Diverse matvarer og retter,758,182,64,10.5,1.6,0,0,1.1,0.4,0,1.9,0,1.8,6.3,5.3,1,0,0,0,0,0,0,0,1,5.3,0,1.5,0.3,1.2,0,0,7,17.2,10.8,0,2,4,0,24,0,1.1,0.04,0.12,1.2,4.1,0.13,54,0,0,150,6.8,4300,930,130,2,19,0.66,250,31,A03VM#F02.A06GG$F28.A0CQZ
10.136,"Multi 0,62 g/stk, Nycoplus",Diverse matvarer og retter,Diverse matvarer og retter,265,65,76,1.2,1.2,0,0,0,0,0,0,0,0,0,0,0,0,0,0,0,0,0,0,0,0,0,4.1,3.4,0.7,0,0,19,0,0,0,38168,38168,38168,0,1527,1527,214,244,2901,2901,246,61538,305,11450,0,2290,0,0,15267,806,9160,137,0,22901,A03SN#F03.A0CQC$F04.A0EVZ$F04.A0EXA$F04.A0EXB$F04.A0EXC$F04.A0EXD$F04.A0EXE$F04.A0EXK$F04.A0EXL$F04.A0EXM$F04.A0EXN$F04.A0EXQ$F04.A0EXR$F04.A0EXS$F04.A0EXT$F04.A0EXV$F04.A0EXX$F04.A0EXY$F04.A0EXZ$F04.A16YP$F10.A0B8L$F10.A0CQD$F18.A07NL$F19.A07PR$F23.A07TE
10.135,"Multi Barn 1,5 g/stk, Nycoplus",Diverse matvarer og retter,Diverse matvarer og retter,0,0,100,0,0,0,0,0,0,0,0,0,0,0,0,0,0,0,0,0,0,0,0,0,0,0,0,0,0,0,0,0,0,0,0,22727,22727,22727,0,909,600,47,67,1090,1090,91,13333,167,3667,0,300,0,0,8000,133,2667,40,0,6667,A03SN#F03.A0CQC$F04.A0EVZ$F04.A0EXA$F04.A0EXB$F04.A0EXD$F04.A0EXE$F04.A0EXF$F04.A0EXG$F04.A0EXH$F04.A0EXJ$F04.A0EXL$F04.A0EXM$F04.A0EXN$F04.A0EXP$F04.A0EXQ$F04.A0EXS$F04.A0EXV$F04.A0EXX$F04.A0EXY$F04.A0EXZ$F10.A0B8L$F10.A0CQD$F18.A07NL$F19.A07PR$F23.A07TL
10.137,"Multi Vitaminmikstur, Nycoplus",Diverse matvarer og retter,Diverse matvarer og retter,0,0,100,0,0,0,0,0,0,0,0,0,0,0,0,0,0,0,0,0,0,0,0,0,0,0,0,0,0,0,0,0,0,0,0,2000,2000,2000,0,75,60,9,10,120,120,12,750,0,450,0,0,0,0,0,0,0,0,0,0,A03SN#F03.A06JL$F04.A0EVZ$F04.A0EXA$F04.A0EXB$F04.A0EXD$F04.A0EXE$F04.A0EXF$F04.A0EXG$F04.A0EXH$F04.A0EXJ$F04.A0EXL$F04.A0EXM$F04.A0EXN$F04.A0EXP$F04.A0EXQ$F04.A0EXS$F04.A0EXV$F04.A0EXX$F04.A0EXY$F04.A0EXZ$F10.A077K$F10.A0B8L$F10.A0CQD$F18.A07NM
5.507,"Müslirundstykke, müslibolle, med brunost, kjøpt i kafé/bakeri",Diverse matvarer og retter,Diverse matvarer og retter,1407,336,30,13.6,5,0.3,0.6,2.3,1,0.2,3.3,0.1,3,3.6,2.8,0.8,0,0,0,0,0,0,0,0.8,2.7,16,39.2,29.6,9.6,0,0,7,11,0.7,0,82,84,79,30,0.3,0.9,0.3,0.31,2.4,4.5,0.14,41,0.3,1,129,2,273,563,95,1.5,4,0.27,327,40,A005E#F02.A06CN$F04.A001M$F04.A01ME$F04.A02MR$F10.A06HR$F22.A07SK
10.133,Natron,Diverse matvarer og retter,Diverse matvarer og retter,0,0,100,0,0,0,0,0,0,0,0,0,0,0,0,0,0,0,0,0,0,0,0,0,0,0,0,0,0,0,0,0,0,68.4,0,0,0,0,0,0,0,0,0,0,0,0,0,0,0,0,0,27360,0,0,0,0,0,0,0,A048Q
10.214,Næringsgjær,Diverse matvarer og retter,Diverse matvarer og retter,1236,295,21,5.2,1.1,0,0,0.8,0.2,0,2.2,0,2.2,0.9,0.9,0,0,0,0,0,0,0,0,0,0.9,0,3.8,3.8,0,0,0,23,46.6,0.1,0,0,0,0,0,0,0.3,30.3,11.5,156,163.8,19.3,3070,0,0,120,3.7,55,1900,130,8.3,12,0.36,1100,2,A03TB#F02.A06FT$F04.A048Z
6.687,Nøttestek,Diverse matvarer og retter,Diverse matvarer og retter,1132,273,56,21.4,4.2,0.1,0.2,2.5,1.1,0,9.3,0.1,9.3,5.6,5.3,0.2,0,0,0,0,0,0,0,0.2,5.4,10,9.7,5.5,4.2,0.2,0.2,5,8,0.8,0,38,56,19,225,0.1,4.9,0.14,0.17,1,2.5,0.16,31,0.1,5,92,1.7,335,406,89,1.5,18,0.53,213,4,A03XX#F02.A06GK$F04.A014C$F04.A0ETG$F28.A07GY$F28.A07KY
12.016,Ostepop,Diverse matvarer og retter,Diverse matvarer og retter,2279,547,6,35.5,5.2,0.1,0.4,2.5,1.4,0.1,25,0.1,24.8,3.7,3.6,0,0,0,0,0,0,0,0,0,3.6,14,47,44.3,2.7,1,1,3,8.5,2.2,0,71,109,32,466,0,17.9,0.02,0.14,0.4,1.8,0.07,13,0.2,0,210,0.2,880,120,14,0.7,0,0.04,230,0,A00FE#F07.A073T
10.215,"Ostepop, av linser",Diverse matvarer og retter,Diverse matvarer og retter,2136,512,8,30.8,5.9,0.2,0.6,2.7,1.5,0,20.5,0.1,20.2,2.9,2.5,0.5,0,0,0,0,0,0,0,0.5,2.5,20,40.2,36.4,3.8,1,1,6,15.8,1.9,0,78,104,51,321,0,12.1,0.11,0.23,1,3.6,0.34,23,0.2,0,170,1.6,750,560,35,1.8,11,0.26,360,1,A0EQX#F02.A06GC$F02.A0EPT
3.261,"Pai, med skinke og ost",Diverse matvarer og retter,Diverse matvarer og retter,1057,253,55,15.4,7.1,0.6,0.9,3,1.4,0.2,5,0.2,4.7,1.8,1.4,0.3,0,0,0,0,0,0,0,0.4,1.3,84,15.2,13.5,1.7,0,0,0.9,13.2,0.7,0,127,130,124,41,1.6,2,0.13,0.17,0.9,4,0.08,12,0.8,0,193,0.7,280,168,20,1.5,7,0.06,217,22,A00CA#F04.A01RG
5.509,"Panini, med ost og skinke, kjøpt i kafé/bakeri",Diverse matvarer og retter,Diverse matvarer og retter,1041,248,47,7.7,3.6,0.1,0.5,1.7,0.6,0.1,2.4,0.1,2.1,1.1,0.9,0.1,0,0,0,0,0,0,0,0.1,0.9,18,30.6,30.4,0.2,0.1,0.1,2,12.7,1,0,24,24,24,3,0,0.7,0.36,0.13,1.8,4.4,0.1,37,0.5,6,165,0.7,419,215,27,1.8,5,0.09,237,6,A03ZB#F02.A06GP$F04.A004V$F04.A02ST$F04.A0EYM$F22.A07SK$F28.A07HA
6.692,"Paprika- og kikertpålegg, kjøpt",Diverse matvarer og retter,Diverse matvarer og retter,283,67,83,1.4,0.2,0,0,0.1,0,0,0.4,0,0.3,0.6,0.6,0.1,0,0,0,0,0,0,0,0.1,0.6,0,6.7,4.7,2,0,0,4,5,1,0,19,38,0,229,0,1,0.03,0.08,0.3,1,0.14,39,0,43,28,0.9,391,180,24,0.8,3,0.19,61,1,A0F3F#F02.A0F3E$F03.A06JK$F18.A07NN$F19.A07PF$F27.A00JA$F27.A013M$F28.A0C6N
10.227,Pasta arrabiata,Diverse matvarer og retter,Diverse matvarer og retter,536,127,72,3.9,1.2,0.1,0.1,0.6,0.2,0,1.9,0,1.8,0.5,0.5,0.1,0,0,0,0,0,0,0,0.1,0.5,3,18,16.7,1.4,0.1,0.1,2,4.3,0.6,0,25,36,14,134,0.1,0.9,0.06,0.02,0.8,1.6,0.08,7,0,3,36,0.4,251,89,16,0.5,2,0.12,68,2,A040N#F02.A06GT$F04.A02ZH$F04.A0DMX$F28.A0BA1
10.202,Peppersaus,Diverse matvarer og retter,Diverse matvarer og retter,653,158,80,15.5,9.8,0.5,1.5,4.4,1.6,0.4,3.7,0.4,3.2,0.4,0.2,0.1,0,0,0,0,0,0,0,0.1,0.1,38,3,1.4,1.6,0.1,0.1,0.5,1.5,1.2,0,149,157,142,90,0.6,0.2,0.01,0.08,0.1,0.4,0.02,2,0.1,0,38,0.2,488,64,6,0.1,1,0.02,38,11,A043Z#F02.A0EPJ$F04.A019C
6.143,"Pesto, grønn, hjemmelaget",Diverse matvarer og retter,Diverse matvarer og retter,2558,620,21,61.9,10.1,0.2,0.6,6.4,2,0.2,33.4,0.4,32.7,11.3,10.8,0.3,0,0,0,0,0,0,0,0.3,10.9,17,4,2.4,1.7,0,0,2,10.6,1,0,69,91,47,266,0,9.7,0.17,0.14,1.2,3.3,0.23,28,0.2,3,162,2,408,281,80,2.8,4,0.54,273,9,A044V#F10.A0F2Q$F22.A07SS
6.144,"Pesto, grønn, kjøpt",Diverse matvarer og retter,Diverse matvarer og retter,2131,517,37,53.1,6.8,0.1,0.2,3.6,2,0.1,17,0.1,16.9,27.3,26.9,0.2,0,0,0,0,0,0,0,0.3,26.9,6,4.5,2.7,1.9,1.1,1.1,0.9,4.9,3,0,99,181,16,991,0,27.8,0.06,0.05,0.4,1.4,0.14,25,0.1,6,109,1.8,1211,176,57,1.2,2,0.41,118,4,A044V#F10.A0F2Q$F22.A07SH
10.203,"Pesto, rød, hjemmelaget",Diverse matvarer og retter,Diverse matvarer og retter,1661,401,34,30.2,5.9,0.2,0.5,3.5,1.1,0.2,15,0.2,14.6,5.6,5.4,0.1,0,0,0,0,0,0,0,0.1,5.4,14,16.6,1.3,15.3,0,0,7,12.3,6.1,0,67,93,41,315,0,6.7,0.18,0.19,3.4,5.8,0.69,34,0.2,7,176,3.8,2427,1457,108,2.3,4,0.69,288,8,A044V#F02.A0EPP$F04.A00VV$F10.A0F2S$F22.A07SS
6.269,"Pesto, rød, kjøpt",Diverse matvarer og retter,Diverse matvarer og retter,1373,333,56,31.9,4.1,0.1,0.1,2.3,1.2,0.1,10.2,0,10.1,16.3,16.1,0.1,0,0,0,0,0,0,0,0.2,16.1,5,6.2,0.8,5.5,0,0,1,4.4,1,0,82,152,10,857,0,17.8,0.27,0.07,1.4,2.2,0.12,25,0.1,17,83,2,398,492,42,0.8,1,0.3,98,5,A044V#F02.A0EPP$F04.A00VV$F10.A0F2S
10.222,"Pita med falafel, salat og dressing",Diverse matvarer og retter,Diverse matvarer og retter,774,186,65,10.5,1.3,0,0.1,0.9,0.3,0,4.3,0,4.2,2.9,2.4,0.5,0,0,0,0,0,0,0,0.5,2.4,5,14.9,11.9,3,0,0,4,6.1,1,0,5,10,0,61,0,1.1,0.1,0.05,0.3,1.3,0.06,14,0.1,1,42,1.1,390,229,27,0.7,0,0.14,93,0,A03ZD#F02.A06GP$F04.A004V$F04.A045K$F04.A07XJ$F22.A07SK
10.22,"Pizza, hvit, créme fraîche og spinat, hjemmelaget",Diverse matvarer og retter,Diverse matvarer og retter,1182,285,54,21.1,9.7,0.4,1.4,4.7,1.6,0.4,8.3,0.4,7.7,1.3,1,0.2,0,0,0,0,0,0,0,0.2,0.9,35,14,12.9,1.1,0,0,3,8.5,1,0,193,234,152,493,0,1.6,0.13,0.15,0.8,2.7,0.08,34,0.4,2,191,0.8,409,215,32,1.4,2,0.08,175,11,A03ZT#F02.A06GQ$F04.A006Q$F04.A02QE$F04.A07XJ
10.221,"Pizza, hvit, pære og blåmuggost, hjemmelaget",Diverse matvarer og retter,Diverse matvarer og retter,1162,279,53,19.2,8.4,0.4,1.2,4,1.4,0.3,6.6,0.3,6.1,2.2,1.8,0.3,0,0,0,0,0,0,0,0.3,1.7,29,17.1,12.8,4.3,0,1.5,3,7.9,1.1,0,132,136,126,63,0.1,1.1,0.12,0.13,0.9,2.6,0.07,25,0.4,1,172,0.9,441,173,31,1.4,3,0.12,172,10,A03ZP#F02.A06GQ$F04.A006Q$F04.A01DP$F04.A030B$F04.A0DXG$F22.A07SS
10.219,"Pizza, hvit, spekeskinke, hjemmelaget",Diverse matvarer og retter,Diverse matvarer og retter,1029,247,56,15.4,8.1,0.4,1.2,3.8,1.4,0.3,4.5,0.3,4,1.2,1,0.1,0,0,0,0,0,0,0,0.1,0.9,34,15.6,12.9,2.7,0,0,3,9.9,1.4,0,141,155,126,179,0,1,0.18,0.16,1.6,3.8,0.1,28,0.4,4,177,1.2,578,287,37,1.6,4,0.14,200,9,A03ZY#F02.A06GQ$F04.A006Q$F04.A02QE$F04.A07XJ$F04.A0BXT
10.182,"Pizza, karbonadedeig, hjemmelaget",Diverse matvarer og retter,Diverse matvarer og retter,771,184,63,7.6,3,0.1,0.4,1.5,0.5,0.1,3.1,0.1,2.9,0.8,0.6,0.1,0,0,0,0,0,0,0,0.1,0.6,19,17.9,16.2,1.7,0.2,0.2,2,10,0.8,0,25,33,17,98,0.1,0.9,0.1,0.09,1.4,3.6,0.08,24,0.5,6,116,1,312,199,22,1.9,4,0.1,144,5,A03ZY#F02.A06GQ$F04.A006Q$F04.A02QE$F04.A049S$F04.A07XJ$F04.A0BXT$F22.A07SS
9.153,"Pizza, kjøpt",Diverse matvarer og retter,Diverse matvarer og retter,933,222,54,8.5,3.2,0.1,0.5,1.9,0.7,0,3.3,0.1,3.3,1.1,0.9,0.3,0,0,0,0,0,0,0,0.3,0.9,19,24.3,19.7,4.6,0.3,0.3,3,10.9,1.2,0,61,80,42,229,0,1.2,0.13,0.1,1.1,2.9,0.09,20,0.4,2,151,0.7,487,241,23,1.3,4,0.09,184,9,A03ZN#F22.A07SH$F26.A07XD
9.148,"Pizza, kjøttdeig og løk, kjøpt",Diverse matvarer og retter,Diverse matvarer og retter,827,197,58,6.6,3.9,0.1,0.5,2,0.8,0,2.8,0.2,2.5,0.6,0.4,0.1,0,0,0,0,0,0,0,0.1,0.5,18,22.8,18,4.8,0,0,3,10.3,0.9,0,50,68,31,227,0,0.7,0.11,0.09,1.2,2.9,0.09,19,0.7,1,150,0.7,350,220,22,1.4,4,0.09,180,6,A03ZY#F22.A07SH
9.166,"Pizza, kjøttdeig, hjemmelaget",Diverse matvarer og retter,Diverse matvarer og retter,808,193,62,8.6,3.6,0.1,0.4,1.8,0.8,0.1,3.6,0.2,3.3,0.8,0.6,0.1,0,0,0,0,0,0,0,0.1,0.6,21,17.9,16.2,1.7,0.2,0.2,2,9.9,0.8,0,28,36,19,106,0.1,1,0.11,0.1,1.4,3.5,0.11,23,0.7,6,117,0.9,314,199,21,1.8,4,0.09,142,5,A03ZY#F02.A06GQ$F04.A006Q$F04.A02QE$F04.A049S$F04.A07XJ$F04.A0BXT$F22.A07SS
9.151,"Pizza, mozzarella og tomater, kjøpt",Diverse matvarer og retter,Diverse matvarer og retter,1089,260,49,12.5,4.5,0.2,0.7,2.3,0.7,0,5.8,0.1,5.4,2.1,1.5,0.6,0,0,0,0,0,0,0,0.6,1.5,25,24.8,22,2.8,0,0,3,10.8,1,0,77,94,60,205,0,2.3,0.12,0.11,0.8,2.6,0.06,26,0.5,2,160,0.6,380,350,25,1.4,5,0.09,220,14,A03ZP#F22.A07SH
9.147,"Pizza, mozzarella, skinke, salami og sjampinjong, kjøpt",Diverse matvarer og retter,Diverse matvarer og retter,988,236,55,11.6,3.3,0.1,0.3,1.8,0.8,0,5.2,0.1,4.9,2,1.5,0.5,0,0,0,0,0,0,0,0.5,1.5,20,21.6,19,2.6,0,0,2,10.3,1.4,0,65,80,49,189,0,1.5,0.16,0.11,1.4,3.1,0.12,16,0.3,3,140,0.7,560,200,19,1.2,4,0.08,170,5,A03ZY#F22.A07SH
9.165,"Pizza, parma, hjemmelaget",Diverse matvarer og retter,Diverse matvarer og retter,859,205,59,8.7,3.4,0.1,0.4,1.7,0.6,0.1,3.6,0.1,3.4,0.9,0.8,0.1,0,0,0,0,0,0,0,0.1,0.8,18,19.7,18.3,1.5,0.2,0.2,2,10.8,1.2,0,56,74,38,219,0,1.2,0.16,0.11,1.4,3.8,0.12,22,0.4,3,176,0.7,479,206,27,1.4,4,0.15,181,7,A03ZT#F02.A06GQ$F04.A006Q$F04.A02QE$F04.A07XJ$F22.A07SS
10.181,"Pizza, pepperoni, hjemmelaget",Diverse matvarer og retter,Diverse matvarer og retter,915,219,57,10.8,4.9,0.2,0.6,2.5,0.9,0.2,3.8,0.2,3.5,1,0.8,0.1,0,0,0,0,0,0,0,0.1,0.8,14,18.1,16.3,1.8,0.2,0.2,3,10.9,0.9,0,39,52,26,158,0,1.2,0.24,0.15,1.8,4.2,0.13,36,0.5,6,207,1.2,362,250,32,1.6,4,0.15,203,7,A03ZQ#F02.A06GQ$F04.A006Q$F04.A025B$F04.A07XJ$F22.A07SS
9.152,"Pizza, pepperoni, salami, jalapeño og ost, kjøpt ",Diverse matvarer og retter,Diverse matvarer og retter,956,228,51,7.8,3.1,0.1,0.4,1.7,0.7,0,3.2,0.1,3,1.2,0.9,0.2,0,0,0,0,0,0,0,0.2,1,19,28.8,23,5.8,0,0,3,9.1,1.7,0,48,66,30,219,0,1.1,0.15,0.11,1,2.5,0.1,18,0.2,3,140,0.7,680,150,20,1,4,0.08,150,15,A03ZY#F22.A07SH
10.183,"Pizza, plantebasert deig, hjemmelaget",Diverse matvarer og retter,Diverse matvarer og retter,762,182,62,7.5,2.3,0.8,0.4,0.7,0.2,0,3.1,0,3.1,1.3,1,0.2,0,0,0,0,0,0,0,0.2,1,1,20.8,18.9,1.9,0.2,0.2,3,6.3,0.9,0,13,23,3,121,0.1,1.4,0.11,0.06,0.9,2,0.08,32,0,6,36,1.1,361,221,25,0.6,2,0.12,81,1,A03ZS#F02.A06GQ$F04.A006Q$F04.A03TE$F04.A03TY$F04.A07XJ$F22.A07SS
9.146,"Pizza, skinke, cheddar og mozzarella, kjøpt",Diverse matvarer og retter,Diverse matvarer og retter,917,218,53,7,2.9,0.1,0.4,1.5,0.6,0,2.7,0.1,2.5,1,0.7,0.2,0,0,0,0,0,0,0,0.2,0.7,15,26.1,20,6.1,2,2,3,11.3,1.4,0,52,69,35,207,0,1.2,0.12,0.1,1,2.9,0.08,22,0.4,2,130,0.9,570,240,28,1.3,4,0.1,180,7,A03ZY#F22.A07SH
9.168,"Pizza, skinke, hjemmelaget",Diverse matvarer og retter,Diverse matvarer og retter,809,193,61,8.2,4.1,0.2,0.6,1.9,0.7,0.2,2.7,0.2,2.4,0.6,0.5,0.1,0,0,0,0,0,0,0,0.1,0.5,17,18.1,16.2,1.8,0.2,0.2,3,10.3,0.9,0,38,51,25,158,0,1.1,0.26,0.13,1.7,4,0.12,36,0.5,8,189,1.1,360,270,32,1.6,4,0.14,212,7,A03ZQ#F02.A06GQ$F04.A006Q$F04.A022T$F04.A02QE$F04.A07XJ$F22.A07SS
9.145,"Pizza, skinke, paprika og Jarlsbergost, kjøpt",Diverse matvarer og retter,Diverse matvarer og retter,833,198,57,6.7,4.3,0.2,0.6,2.2,0.8,0,2.5,0.2,2.3,0.5,0.4,0.1,0,0,0,0,0,0,0,0.1,0.4,16,22,17,5,0,0,3,11.1,1,0,74,98,50,290,0,0.9,0.09,0.1,1,2.9,0.1,23,0.5,5,190,0.8,380,320,23,1.4,5,0.09,170,7,A03ZY#F22.A07SH
9.15,"Pizza, skinke, pepperoni og kjøttdeig, kjøpt",Diverse matvarer og retter,Diverse matvarer og retter,918,218,53,7,3.3,0.1,0.4,1.7,0.7,0,2.9,0.1,2.7,1,0.7,0.2,0,0,0,0,0,0,0,0.2,0.8,19,24,19,5,0,0,3,13.4,1.2,0,60,82,38,268,0,0.8,0.15,0.1,1.5,3.7,0.11,19,0.5,0,150,0.8,490,210,25,1.6,4,0.11,220,7,A03ZY#F22.A07SH
6.734,"Pizza, tomatsaus og ost, hjemmelaget",Diverse matvarer og retter,Diverse matvarer og retter,764,182,60,5.2,1.8,0.1,0.2,0.9,0.3,0.1,1.9,0.1,1.8,1.1,1,0.1,0,0,0,0,0,0,0,0.1,1,5,25.3,23,2.3,0,0,3,7,0.9,0,27,44,11,203,0,1.5,0.16,0.08,1.1,2.7,0.1,33,0.2,4,85,0.9,351,180,21,1,2,0.13,115,3,A03ZP#F04.A0DMX
10.184,"Pizza, vegan, hjemmelaget",Diverse matvarer og retter,Diverse matvarer og retter,593,142,70,5.7,1.9,0.7,0.3,0.5,0.1,0,2.4,0,2.4,0.7,0.6,0.1,0,0,0,0,0,0,0,0.1,0.6,0,17.3,15.1,2.2,0,0,4,3.4,0.9,0,15,29,0,178,0,1.2,0.13,0.06,1,1.6,0.11,31,0,15,20,0.9,344,229,24,0.6,1,0.1,71,0,A03ZS#F02.A06GQ$F04.A006Q$F04.A03TY$F04.A07XJ$F22.A07SS
9.167,"Pizza, vegetar, hjemmelaget",Diverse matvarer og retter,Diverse matvarer og retter,629,150,69,6.3,2.6,0.1,0.3,1.3,0.4,0.1,2.6,0.1,2.5,0.5,0.4,0.1,0,0,0,0,0,0,0,0.1,0.4,9,15,12.8,2.2,0,0,3,6.8,0.8,0,29,42,16,156,0,0.9,0.13,0.1,1.1,2.5,0.12,33,0.3,15,128,0.9,332,234,28,1.2,2,0.1,147,5,A03ZT#F02.A06GQ$F04.A006Q$F04.A02QE$F04.A07XJ$F22.A07SS
10.034,"Pizzafyllbasis, uten kjøtt",Diverse matvarer og retter,Diverse matvarer og retter,296,70,84,1.5,0.2,0,0,0.1,0.1,0,0.7,0,0.7,0.3,0.3,0.1,0,0,0,0,0,0,0,0.1,0.3,0,12.4,5.8,6.6,1.2,1.2,1,1.3,1.2,0,3,3,3,5,0,0.2,0.05,0.04,0.1,0.1,0.07,8,0,3,33,0.5,468,207,12,0.2,0,0.03,15,0,A043V#F02.A06HE$F28.A07MR
5.444,Pizzasnurrer,Diverse matvarer og retter,Diverse matvarer og retter,978,233,50,7.5,3.4,0.1,0.4,1.7,0.6,0.1,2.7,0.2,2.5,0.8,0.6,0.1,0,0,0,0,0,0,0,0.1,0.6,22,28.3,27,1.3,0.1,0.1,3,11.6,0.9,0,29,35,22,81,0.2,0.9,0.14,0.09,1.3,4.2,0.08,26,0.5,2,105,1.2,331,158,24,2,4,0.11,146,5,A005K#F02.A06CN$F04.A00ZF$F04.A02SV$F04.A049S
6.833,Plantebasert burger,Diverse matvarer og retter,Diverse matvarer og retter,851,203,56,8.2,0.8,0,0,0.5,0.2,0,5.8,0,5.8,1.4,1.2,0.2,0,0,0,0,0,0,0,0.2,1.2,0,15.7,14.2,1.6,0.7,0.7,7,13.4,1.4,0,3,6,0,41,0,2.5,0.15,0.08,1.2,3.5,0.14,79,0,0,82,2.2,565,590,61,0.9,6,0.23,180,2,A03TE#F02.A06HN$F28.A07KY
6.82,"Plantebasert burger, av potet og linser",Diverse matvarer og retter,Diverse matvarer og retter,1013,242,49,10.5,1,0,0,0.6,0.3,0,8.2,0,8.1,1.2,1.1,0.1,0,0,0,0,0,0,0,0.1,1.1,0,25.6,23.8,1.8,0,0,7,7.8,1.3,0,7,13,0,83,0,3.1,0.17,0.07,1.5,2.8,0.2,38,0,0,43,1.9,510,440,47,0.9,9,0.22,150,2,A03TE#F02.A06HN$F22.A07SH$F27.A00ZT$F27.A013Q$F28.A07KY
6.819,"Plantebasert burger, soyaprotein",Diverse matvarer og retter,Diverse matvarer og retter,688,164,63,5.8,0.7,0,0,0.5,0.1,0,3.5,0,3.4,1.7,1.3,0.4,0,0,0,0,0,0,0,0.4,1.3,0,5.8,4.5,1.3,1.3,1.3,6,19,1.6,0,0,0,0,0,0,1.9,0.12,0.09,0.9,4.1,0.09,120,0,1,120,2.5,620,740,74,1,3,0.24,210,2,A03TE#F02.A06HN$F22.A07SH$F27.A0DCH$F28.A07KY
6.835,Plantebasert grillpølse,Diverse matvarer og retter,Diverse matvarer og retter,721,174,71,12.7,0.9,0,0,0.6,0.2,0,8,0,7.8,3.7,2.6,1.1,0,0,0,0,0,0,0,1.1,2.6,0,7.1,5.5,1.6,1.1,1.1,3,6.3,1.6,0,12,23,0,142,0,3,0.22,0.15,1.1,2.1,0.15,29,0,5,66,1.9,650,340,55,0.9,4,0.46,150,3,A03TE#F02.A06HN$F22.A07SH$F28.A07KY
6.821,"Plantebasert grillpølse, av grønnsaker og potet",Diverse matvarer og retter,Diverse matvarer og retter,812,195,66,12.8,1,0,0.1,0.6,0.2,0,7.9,0,7.8,3.6,2.4,1.1,0,0,0,0,0,0,0,1.1,2.4,0,11.2,9.7,1.5,1.5,1.5,3,7.1,1,0,32,64,0,385,0,3.3,0.03,0.23,0.7,1.9,0.1,25,0,15,29,0.6,400,240,20,0.2,5,0.71,49,3,A03TE#F02.A06HN$F22.A07SH$F27.A00FN$F27.A00FR$F27.A00QH$F27.A00ZT$F27.A013Q$F28.A07KY
6.827,"Plantebasert grillpølse, solsikkeprotein",Diverse matvarer og retter,Diverse matvarer og retter,589,142,79,11.8,0.8,0,0,0.6,0.2,0,7.5,0,7.4,3.4,2.4,0.9,0,0,0,0,0,0,0,1,2.4,0,2.7,1.2,1.5,0,0,0,6.3,2.1,0,0,0,0,0,0,2.5,0.44,0.15,1.9,3,0.23,49,0,0,93,0,840,550,93,1.4,4,0.42,250,2,A03TE#F02.A06HN$F22.A07SH$F28.A07KY
6.837,Plantebasert middagsdeig,Diverse matvarer og retter,Diverse matvarer og retter,738,177,64,9,2.2,0.8,0.3,0.6,0.2,0,4,0,3.9,2.8,2.2,0.5,0,0,0,0,0,0,0,0.5,2.2,0,4,2.8,1.2,0.3,0.3,5,17.4,0.8,0,0,1,0,6,0,2.4,0.12,0.11,1,3.9,0.1,89,0.1,0,141,2.9,308,496,67,1.1,7,0.28,216,2,A03TE#F02.A06HN$F22.A07SH$F28.A07KY
6.83,"Plantebasert middagsdeig, erteprotein",Diverse matvarer og retter,Diverse matvarer og retter,833,200,60,10.1,8,4,1.5,1.1,0.3,0,1,0,1,1,0.8,0.1,0,0,0,0,0,0,0,0.2,0.8,0,5.7,3.3,2.4,1.4,1.5,5,19,0.7,0,2,4,0,28,0,0.3,0.15,0.13,1.5,4.7,0.08,42,0.3,0,280,3.8,290,370,43,1.8,17,0.3,250,2,A03TE#F02.A06HN$F22.A07SH$F27.A012J$F28.A07KY
6.678,"Plantebasert middagsdeig, soyaprotein",Diverse matvarer og retter,Diverse matvarer og retter,681,163,67,8.6,0.6,0,0,0.4,0.1,0,5.4,0,5.3,2.5,1.8,0.7,0,0,0,0,0,0,0,0.8,1.8,0,1.4,0,1.4,0,0,6,17.2,0.7,0,0,0,0,0,0,2,0.15,0.09,1,3.9,0.13,114,0,0,114,2.9,270,617,85,1,4,0.3,213,0,A03TF#F02.A06HN$F04.A0DFR$F28.A07KQ
6.826,"Plantebasert middagsdeig, soyaprotein og hvete",Diverse matvarer og retter,Diverse matvarer og retter,832,199,60,9,1,0,0,0.6,0.3,0,2.8,0,2.8,5.1,5,0,0,0,0,0,0,0,0,0.1,5,0,11.1,10.6,0.5,0,0,4,16.6,1.1,0,0,0,0,0,0,5.4,0,0.13,0.2,3,0.03,60,0,0,84,2,440,260,39,0.7,5,0.18,190,5,A03TE#F02.A06HN$F22.A07SH$F27.A001N$F27.A0DCH$F28.A07KY
6.267,"Plantebasert produkt, med samme bruksområde som kremost, havrebasert",Diverse matvarer og retter,Diverse matvarer og retter,977,236,66,20.1,9.5,4.5,1.9,1.4,0.4,0,6.5,0,6.3,3.1,2.4,0.8,0,0,0,0,0,0,0,0.7,2.4,1,10,6.5,3.5,0,0,0.5,3.5,0.7,0,2,3,0,21,0,1.7,0.04,0.01,0.1,0.7,0.02,6,0,0,9,0.6,272,53,18,0.4,2,0,61,21,A03TQ#F02.A06HP
6.691,"Plantebasert produkt, med samme bruksområde som ost",Diverse matvarer og retter,Diverse matvarer og retter,1149,277,56,21.5,12.7,4.9,2.1,1.6,2.9,0,3.7,0,3.7,0.7,0.6,0,0,0,0,0,0,0,0,0,0.6,0,19.6,17.7,1.9,1.9,1.9,3,0,2.2,0,49,97,0,586,1,0.9,0.08,0.02,0,0,0.01,2,1.6,0,194,0.1,865,46,3,0,0,0,113,0,A03TY#F02.A06HP
6.69,"Plantebasert produkt, med samme bruksområde som ost, revet",Diverse matvarer og retter,Diverse matvarer og retter,1138,275,57,22,11.2,5.5,2.3,1.5,0.5,0,5.2,0,5.1,2,1.5,0.5,0,0,0,0,0,0,0,0.5,1.5,0,17.5,17.5,0,0,0,3,0,1.4,0,15,30,0,182,0,2.1,0,0.01,0,0,0,2,0,0,13,0,570,42,1,0,0,0,28,0,A03TY#F02.A06HP
6.868,"Plantebasert produkt, med samme bruksområde som yoghurt, soyabasert, med kalsium og vitaminer (vit D, vit B12)",Diverse matvarer og retter,Diverse matvarer og retter,205,49,90,2.3,0.3,0,0,0.2,0.1,0,0.4,0,0.4,1.2,1,0.1,0,0,0,0,0,0,0,0.1,1,0,2.5,0,2.5,2,2,2,3.6,0.1,0,0,0,0,0,0.8,0.3,0.03,0,0.2,0.8,0.04,0,0.4,0,120,0,58,140,23,0,1,0,95,0,A03TV#F02.A06HP$F04.A012F$F09.A0EXH$F09.A0EXM$F09.A0EXP
6.867,"Plantebasert produkt, med samme bruksområde som yoghurt, soyabasert, med smak, med kalsium og vitaminer (vit D, riboflavin, vit B12)",Diverse matvarer og retter,Diverse matvarer og retter,209,50,90,2.2,0.3,0,0,0.2,0.1,0,0.4,0,0.4,1.1,1,0.1,0,0,0,0,0,0,0,0.1,1,0,3.7,0,3.7,0,4,1,3.2,0.1,0,9,18,0,111,0.8,0.6,0.02,0.21,0.2,0.7,0.03,0,0.4,0,120,0.4,48,130,19,0.3,1,0,80,0,A03TV#F02.A06HP$F04.A012F$F09.A0EXH$F09.A0EXM$F09.A0EXP$F09.A0EXX
10.213,"Plantebasert pålegg, med samme bruksområde som skinke",Diverse matvarer og retter,Diverse matvarer og retter,634,153,73,11,0.9,0,0,0.6,0.2,0,7.2,0,7.1,3.4,2.4,1,0,0,0,0,0,0,0,0,0.2,1,3.1,1.3,1.9,0,0,4,8.2,2.7,0,1,2,0,13,0,2.7,0.02,0.03,0.2,1.6,0.09,6,0,0,79,13,1095,380,26,1,1,0.17,108,21,A03TE#F02.A06HN
6.834,"Plantebasert pølse, soyaprotein",Diverse matvarer og retter,Diverse matvarer og retter,634,152,69,7.6,0.7,0,0,0.4,0.1,0,4.6,0,4.5,2.3,1.7,0.6,0,0,0,0,0,0,0,0.6,1.7,0,3.9,3,1,1,1,5,14.4,1.6,0,6,11,0,67,0,2,0.1,0.09,0.9,3.3,0.08,63,0,1,56,1.7,645,220,33,0.8,4,0.17,135,2,A03TE#F02.A06HN$F22.A07SH$F27.A0DCH
6.684,"Plantebasert schnitzel, soya- og hveteprotein",Diverse matvarer og retter,Diverse matvarer og retter,1001,240,54,12.8,1.5,0,0.1,0.9,0.3,0,6,0,5.9,4.7,4.2,0.5,0,0,0,0,0,0,0,0.5,4.2,2,16.3,14.5,1.8,1.8,1.8,4,12.9,1.4,0,4,7,0,42,0,4.9,0.17,0.04,1.1,3.3,0.09,60,0,0,66,1.3,540,350,40,0.7,8,0,140,0,A03TE#F02.A06HN$F22.A07SH$F27.A001M$F27.A0DCH
6.836,Plantebaserte middagsboller,Diverse matvarer og retter,Diverse matvarer og retter,905,217,59,13,3.4,1.3,0.5,0.8,0.3,0,7.2,0,7.1,2.1,1.6,0.4,0,0,0,0,0,0,0,0.5,1.6,0,10.8,9.7,1.1,1.1,1.1,6,11.3,1.6,0,14,28,0,171,0,2.3,0.11,0.09,0.8,2.7,0.1,36,0,0,59,2.5,657,357,48,1.1,7,0.23,173,0,A03TE#F02.A06HN$F22.A07SH$F28.A07KY
6.829,"Plantebaserte middagsboller, erteprotein",Diverse matvarer og retter,Diverse matvarer og retter,968,233,60,16.6,8.4,3.9,1.6,1.2,0.4,0,6.3,0,6.3,1.9,1.5,0.3,0,0,0,0,0,0,0,0.4,1.5,0,5,4.5,0.5,0.5,0.5,5,13.4,1.5,0,5,9,0,55,0,2.7,0.16,0.11,0.9,3.1,0.05,24,0,0,38,2.8,600,280,40,1.5,8,0.25,220,0,A03TE#F02.A06HN$F22.A07SH$F27.A012J$F28.A07KY
6.822,"Plantebaserte middagsboller, potet og linser",Diverse matvarer og retter,Diverse matvarer og retter,925,221,54,10.1,1,0,0,0.5,0.3,0,7.9,0,7.8,1.2,1.1,0.1,0,0,0,0,0,0,0,0.1,1.1,0,22.9,21,1.9,1.9,1.9,6,6.6,1.9,0,38,76,0,459,0,1.7,0.13,0.11,1.4,2.5,0.17,38,0,0,44,1.8,740,470,44,0.9,7,0.21,130,3,A03TE#F02.A06HN$F22.A07SH$F27.A00ZT$F27.A013Q$F28.A07KY
6.823,"Plantebaserte middagsboller, soyaprotein",Diverse matvarer og retter,Diverse matvarer og retter,821,198,62,12.2,0.8,0,0,0.6,0.2,0,7.4,0,7.2,3.2,2.2,0.9,0,0,0,0,0,0,0,0.9,2.2,0,4.6,3.7,0.9,0.9,0.9,7,13.8,1.6,0,0,0,0,0,0,2.5,0.05,0.05,0.1,2.4,0.09,46,0,0,94,3,630,320,59,0.9,4,0.22,170,0,A03TE#F02.A06HN$F22.A07SH$F27.A0DCH$F28.A07KY
10.204,"Ponzusaus, hjemmelaget",Diverse matvarer og retter,Diverse matvarer og retter,421,99,75,0.1,0,0,0,0,0,0,0,0,0,0,0,0,0,0,0,0,0,0,0,0,0,0,22.5,1.2,21.3,0,12.3,0.4,2,8.8,0,5,10,0,63,0,0.1,0.03,0.08,1.9,2.2,0.11,8,0,9,15,1.5,3505,152,23,0.2,1,0.04,34,0,A0EZD#F02.A0EPF$F04.A00XF$F04.A033J$F04.A044L$F04.A044R$F22.A07SS
12.012,"Popcorn, poppet, kjøpt",Diverse matvarer og retter,Diverse matvarer og retter,1670,399,13,14.5,4.3,0,0,1.9,0.3,0,8.3,0,3.3,1.3,8.1,0.2,0,0,0,0,0,0,0,0.2,8.1,0,51.4,50,1.4,0,0,11,10.1,2,0,8,15,0,90,0,0,0.01,0.03,0.8,2.5,0.2,14,0,0,5,3.1,786,240,86,0.1,1,0.16,275,5,A00DC
12.028,"Popcorn, poppet, mikropop",Diverse matvarer og retter,Diverse matvarer og retter,2010,480,0,16.9,6.1,0,0.1,3,2.7,0,7.5,0,7.5,2.5,2.5,0,0,0,0,0,0,0,0,0,2.5,2,66,65.1,0.9,0,0,13,9.6,1.9,0,2,4,0,26,0,2.5,0.06,0.06,1.6,3.2,0.23,12,0.1,0,3,2.3,760,170,72,2.9,0,0.22,200,0,A00DC
10.167,"Potet- og purreløksuppe, hjemmelaget",Diverse matvarer og retter,Diverse matvarer og retter,271,65,88,3.6,1.7,0.1,0.3,0.8,0.3,0.1,1.2,0.1,1.1,0.3,0.2,0.1,0,0,0,0,0,0,0,0.1,0.2,6,6.1,4.3,1.8,0,0.1,1,1.5,0.8,0,34,38,31,44,0.1,0.4,0.03,0.05,0.5,0.9,0.06,10,0.1,4,31,0.4,314,188,13,0.2,0,0.04,39,7,A041P#F02.A06GY$F04.A00SB$F04.A00ZT$F10.A07VP$F22.A07SS
6.007,Potetchips,Diverse matvarer og retter,Diverse matvarer og retter,2093,502,8,29.3,3,0,0,1.5,0.8,0,21.6,0.1,21.2,3,2.9,0.1,0,0,0,0,0,0,0,0.1,2.9,2,50.5,50,0.5,0,0,6,6.1,1.1,0,0,0,0,0,0,6.4,0.15,0.08,4.6,5.6,0.62,37,0,16,9,1.3,437,1220,69,0.9,0,0.24,127,2,A011L#F26.A07XD
6.082,"Potetchips, med mindre fett",Diverse matvarer og retter,Diverse matvarer og retter,1917,458,1,18,7.9,0,0,1,0.5,0,8,0,13.8,2.1,1.9,0.1,0,0,0,0,0,0,0,0.1,1.9,0,63,0,1.5,0,0,14,4,1.5,0,0,0,0,0,0,0.1,0.1,0.05,4,4.7,0.22,20,0,10,40,1.5,600,1120,59,0.8,1,0.22,155,2,A011L#F07.A073G
6.009,"Potetskruer, potetringer",Diverse matvarer og retter,Diverse matvarer og retter,2050,490,7,25.1,10.1,0,0.2,8.8,1.1,0,9.8,0,9.8,2.6,2.5,0.1,0,0,0,0,0,0,0,0.1,2.5,0,60,60,0,0,0,3,4.6,3.3,0,0,0,0,0,0,0.1,0.25,0.08,2.8,3.6,0.33,69,0,10,31,1.4,1320,630,36,0.7,1,0.18,129,2,A011L#F07.A073F
5.55,Rispapir,Diverse matvarer og retter,Diverse matvarer og retter,1382,326,20,1.6,0.3,0,0,0.3,0,0,0.4,0,0,0.6,0.6,0,0,0,0,0,0,0,0,0,0.6,0,72.2,71.9,0.3,0,0,0.6,5.4,0.9,0,0,0,0,0,0,0.2,0.02,0.01,1.1,2,0.11,4,0,0,8,1,371,83,28,0.6,3,0.15,80,1,A003G#F02.A068D$F02.A06CB$F27.A001D$F28.A07LH$F28.A0BA1$F28.A0C0B
5.511,"Rundstykke, fint, med kylling og pesto, kjøpt i kafé/bakeri",Diverse matvarer og retter,Diverse matvarer og retter,1052,252,54,13.9,4.7,0.2,0.5,2.5,0.8,0.1,5.9,0.3,5.5,2.2,2,0.1,0,0,0,0,0,0,0,0.1,1.9,35,16.4,15.8,0.6,0,0,2,14.5,0.6,0,38,47,29,109,0.1,1.8,0.15,0.13,2.5,5.8,0.17,24,0.4,5,149,0.8,229,194,31,1.6,6,0.12,204,7,A03ZG#F02.A06GP$F04.A004V$F04.A01SP$F04.A044V$F04.A07XJ$F22.A07SK
5.512,"Rundstykke, med ost og skinke, kjøpt i kafé/bakeri",Diverse matvarer og retter,Diverse matvarer og retter,1210,291,52,20.4,9.2,1,1.2,3.7,1.9,0.3,7,0.2,6.6,2.6,1.9,0.6,0,0,0,0,0,0,0,0.7,1.9,29,16.7,15.2,1.4,0.1,0.1,2,8.9,1.1,0,203,225,182,259,2,2.7,0.28,0.11,1.5,3.3,0.08,25,0.4,13,130,0.5,456,232,21,1.2,4,0.06,190,7,A03ZG#F02.A06GP$F04.A004V$F04.A02SV$F04.A07XJ$F04.A0EZS$F22.A07SK
12.119,Rødvinseddik,Diverse matvarer og retter,Diverse matvarer og retter,0,0,100,0,0,0,0,0,0,0,0,0,0,0,0,0,0,0,0,0,0,0,0,0,0,0,0,0,0,0,0,0,0,0,0,1,1,0,9,0,0,0,0,0,0,0.02,0,0,0,10,0.4,5,74,6,0.1,0,0,11,0,A044M#F02.A0EPB$F10.A0F2S$F27.A01DY$F28.A07JZ
6.201,Salat nicoise,Diverse matvarer og retter,Diverse matvarer og retter,471,113,80,7.2,1.2,0,0,0.9,0.3,0,4.5,0.1,4.2,1,0.7,0.1,0,0,0,0,0,0,0.1,0.2,0.8,43,5,2.5,2.5,0.9,1,1,6.3,1,0,79,89,68,129,0.5,1.6,0.05,0.09,1.9,3.4,0.21,29,1.4,6,29,0.9,385,266,21,0.5,29,0.09,88,9,A042M#F04.A032B$F04.A07XJ$F04.A0FCA
6.712,"Salat, gresk, med fetaost, oliven",Diverse matvarer og retter,Diverse matvarer og retter,284,68,88,4.8,2.4,0.1,0.4,1.2,0.4,0.1,1.7,0.1,1.4,0.2,0.2,0,0,0,0,0,0,0,0,0,0.2,11,2,0,2,0,0,2,3.6,0.7,0,55,78,32,277,0,0.5,0.03,0.09,0.5,1.3,0.14,27,0.2,25,50,0.3,293,180,10,0.4,2,0.04,58,3,A042F#F04.A01BP
10.205,"Salat, med kylling og fetaost, kjøpt i kafé/bakeri",Diverse matvarer og retter,Diverse matvarer og retter,393,94,82,5.3,1.6,0.1,0.2,0.8,0.3,0.1,2.2,0.1,2,0.8,0.7,0.1,0,0,0,0,0,0,0,0.1,0.7,13,2.8,0.1,2.6,0,0,2,7.7,1,0,93,168,17,907,0,1.7,0.06,0.14,2.2,4,0.29,57,0.1,13,112,1,384,424,32,0.6,4,0.18,102,2,A042M#F02.A06GZ$F04.A01SP$F04.A02RC$F04.A07XJ$F22.A07SK
12.022,"Salt, bordsalt",Diverse matvarer og retter,Diverse matvarer og retter,0,0,100,0,0,0,0,0,0,0,0,0,0,0,0,0,0,0,0,0,0,0,0,0,0,0,0,0,0,0,0,0,0,98.3,0,0,0,0,0,0,0,0,0,0,0,0,0,0,0,10,0.3,39300,89,76,0.1,1,0.08,1,0,A042P
12.025,"Salt, bordsalt, jodert",Diverse matvarer og retter,Diverse matvarer og retter,0,0,100,0,0,0,0,0,0,0,0,0,0,0,0,0,0,0,0,0,0,0,0,0,0,0,0,0,0,0,0,0,0,98.3,0,0,0,0,0,0,0,0,0,0,0,0,0,0,0,10,0.3,39300,89,76,0.1,0,0.08,1,2000,A042R
12.014,Saltstenger,Diverse matvarer og retter,Diverse matvarer og retter,1623,384,8,5.7,0.5,0,0,0.3,0.1,0,3.7,0,3.6,1.2,1.1,0.2,0,0,0,0,0,0,0,0.2,1.1,0,68.7,66.4,2.3,2,3,6,11.5,4.3,0,0,0,0,0,0,0.7,0.18,0.05,1.3,3.2,0.08,17,0.1,0,26,1.5,1700,170,37,1.1,6,0.16,160,1,A00FH
12.116,Sanasol,Diverse matvarer og retter,Diverse matvarer og retter,906,213,47,0.6,0.5,0.2,0.1,0.1,0,0,0,0,0,0,0,0,0,0,0,0,0,0,0,0,0,0,51,0,0,0,0,0,1,0,0,2000,0,0,0,75,60,9,10,0,0,12,750,0,450,0,0,0,0,0,0,0,0,0,0,A03SL#F03.A06JL$F04.A0EXL$F04.A0EXM$F04.A0EXN$F04.A0EXQ$F04.A0EXS$F04.A0EXV$F04.A0EXX$F04.A0EXY$F04.A0EXZ
8.258,Sandefjordsmør,Diverse matvarer og retter,Diverse matvarer og retter,2590,630,28,68.2,43.2,2,6.8,19.3,7.1,2,16.5,1.6,13.9,1.5,1,0.3,0,0,0,0,0,0,0,0.3,0.3,168,2.2,0.4,1.8,0,0.1,0.1,1.6,1.4,0,583,618,549,414,6.1,1,0,0.11,0,0.4,0.02,1,0.2,3,51,0.1,543,37,1,0,3,0.01,61,21,A043V#F02.A06HE$F04.A02ML$F04.A039C$F04.A04MA
6.686,"Seitan, av hvetegluten",Diverse matvarer og retter,Diverse matvarer og retter,861,205,55,7.2,0.7,0,0,0.5,0.1,0,3.6,0,3.6,1.9,1.9,0,0,0,0,0,0,0,0,0,1.9,0,4,3.5,0.5,0,0,6,28.4,1.6,0,2,3,0,18,0,2.5,0,0.08,0.2,4.9,0.03,15,0,0,36,1.7,653,87,25,1.4,32,0.28,87,10,A03TE#F02.A06HN$F27.A001M
12.008,Sennep,Diverse matvarer og retter,Diverse matvarer og retter,662,158,68,6.4,0.3,0,0,0.2,0.1,0,4.1,0,1.4,1.5,0.7,0.7,0,0,0,0,0,0,0,0.7,0.7,0,18.5,4,14.5,14,14,2,5.7,1.9,0,0,0,0,0,0,1.8,0.1,0.2,0,1,0.01,0,0,0,95,1.8,760,165,117,0.7,6,0.09,170,1,A044G#F22.A07SH
6.702,"Sesampostei/-pasta, tahini",Diverse matvarer og retter,Diverse matvarer og retter,2581,626,13,58.9,8.4,0,0.1,5.3,2.5,0,22,0.2,21.9,25.8,25.3,0.4,0,0,0,0,0,0,0,0.5,25.3,0,0.8,0.4,0.4,0,0,9,18.5,0.1,0,1,1,0,6,0,2.6,0.94,0.17,5.1,8.2,0.76,99,0,0,680,10.6,20,580,380,5.4,34,1.48,730,0,A01BM#F07.A075C
9.012,"Sjokoladepulver, uten melk",Diverse matvarer og retter,Diverse matvarer og retter,1632,386,4,2.5,1.5,0,0,0.6,0.8,0,0.8,0,0.8,0.1,0.1,0,0,0,0,0,0,0,0,0,0.1,0,83.3,3.3,80,80,80,6,4.5,0.5,0,0,0,0,0,0,0.1,0.06,0.04,0.5,1.3,0.02,4,0,0,33,7,217,842,133,2.3,2,0.84,190,3,A03HG
10.019,"Sjysaus, av pulver",Diverse matvarer og retter,Diverse matvarer og retter,89,21,95,0.4,0,0,0,0,0,0,0.1,0,0.1,0.2,0.2,0,0,0,0,0,0,0,0,0,0.2,0,3.9,3.6,0.3,0.3,0.3,0.2,0.5,1,0,0,0,0,0,0,0.2,0.01,0,0.1,0.1,0,0,0,0,1,0.1,383,9,2,0,0,0.01,5,0,A043Z#F02.A0EPJ
10.229,"Sommerrull, med tofu, nudler og grønnsaker",Diverse matvarer og retter,Diverse matvarer og retter,363,86,81,2.7,0.4,0,0,0.3,0.1,0,0.8,0,0.8,1.3,1.1,0.1,0,0,0,0,0,0,0,0.1,1.1,0,10.5,6.9,3.6,0.1,0.1,1,4.3,0.1,0,46,92,0,556,0,0.5,0.03,0.03,0.3,1,0.08,28,0,12,43,1,36,207,36,0.5,1,0.12,79,3,A040F#F02.A06GR$F04.A03TT$F04.A04LF$F04.A07XJ
6.781,Sopprotein,Diverse matvarer og retter,Diverse matvarer og retter,375,90,75,1.4,0.4,0,0,0.2,0.1,0,0.2,0,0.2,0.6,0.5,0,0,0,0,0,0,0,0,0,0.5,0,1.1,0.7,0.4,0,0,8,14,0.8,0,0,0,0,0,0,0,0.1,0.39,0.3,2.6,0.08,21,0.3,0,32,0.6,300,120,37,7,30,0.1,237,0,A03TG
6.864,Soppstuing,Diverse matvarer og retter,Diverse matvarer og retter,561,136,81,12.5,7.8,0.4,1.2,3.5,1.3,0.4,3,0.3,2.5,0.4,0.3,0.1,0,0,0,0,0,0,0,0.1,0.1,30,2.5,0.3,2.2,0,0,2,2.4,1,0,159,183,136,285,4.8,0.2,0.03,0.22,2.1,2.5,0.05,10,0.1,0,39,0.6,410,270,10,0.5,8,0.22,76,5,A03XX#F02.A06GK$F04.A02ML$F04.A0ETG
10.208,Soppsuppe,Diverse matvarer og retter,Diverse matvarer og retter,276,67,90,5.9,3.7,0.2,0.6,1.6,0.6,0.2,1.4,0.1,1.2,0.2,0.1,0,0,0,0,0,0,0,0,0,0.1,14,1.6,0.5,1.1,0.1,0.1,1,1.3,1,0,70,76,64,76,1.7,0.1,0.01,0.1,0.6,1.2,0.02,4,0.1,0,22,0.2,414,98,5,0.2,3,0.08,36,7,A041R#F02.A06GY$F04.A0ETG$F10.A07VP
6.737,"Soyaprotein, teksturert",Diverse matvarer og retter,Diverse matvarer og retter,1152,273,36,5.4,0.7,0,0,0.5,0.2,0,1,0,1,2.6,2.3,0.3,0,0,0,0,0,0,0,0.3,2.3,0,10.2,5.1,5.1,0,0,6,43.2,11.1,0,0,0,0,0,0,0,0.54,0.42,1.8,9,0.51,35,0,1,240,9,4420,2160,270,4.4,1,0.87,570,2,A03TF
6.703,"Soyapølse, hermetisk",Diverse matvarer og retter,Diverse matvarer og retter,835,201,68,15,2.3,0,0,1.5,0.5,0,3.6,0,3.7,8.3,7.4,1,0,0,0,0,0,0,0,1,7.4,0,3.5,2.5,1,0,0,2,12,0,0,0,0,0,0,0,0.3,0.2,0.1,0.6,2.6,0.27,19,0,0,73,2.7,2,540,44,0.3,1,0.24,179,3,A03TE#F02.A06HN$F27.A0DCH$F28.A0BYP
10.126,Soyasaus,Diverse matvarer og retter,Diverse matvarer og retter,355,84,79,0,0,0,0,0,0,0,0,0,0,0,0,0,0,0,0,0,0,0,0,0,0,0,17.9,1.5,16.4,0,0,0,3,16.9,0,0,0,0,0,0,0,0.05,0.13,3.4,3.9,0.15,11,0,0,17,2.4,6760,180,37,0.2,1,0.01,47,0,A044R
10.217,"Soyasaus, søt",Diverse matvarer og retter,Diverse matvarer og retter,805,190,55,2.1,0.7,0.1,0,0.4,0.1,0,0.4,0,0.4,0.4,0.3,0,0,0,0,0,0,0,0,0,0.3,0,38.5,4,34.5,34,34,0,4.3,7,0,5,5,4,8,0,0.1,0.01,0.08,1.5,2.2,0.35,31,0.1,0,111,4.5,2780,412,141,0.4,8,0.01,62,7,A044R#F02.A0EPF$F04.A012F$F10.A0CQM$F28.A0CQZ
10.168,"Spinatsuppe, hjemmelaget",Diverse matvarer og retter,Diverse matvarer og retter,213,52,92,4.4,2.6,0.4,0.4,1,0.4,0.1,1.3,0.1,1.1,0.1,0.1,0,0,0,0,0,0,0,0,0,0.1,8,1.1,0.1,1,0.1,0.1,1,1.2,1.2,0,105,170,40,780,0.1,0.6,0.02,0.06,0.1,0.3,0.04,18,0,1,44,0.5,463,121,12,0.2,0,0.03,21,8,A041L#F02.A06GY$F04.A00MJ$F10.A07VP$F22.A07SS
6.786,"Sushi, maki, avokado, vegetar",Diverse matvarer og retter,Diverse matvarer og retter,454,108,77,3.3,0.6,0,0,0.5,0,0,2.1,0.1,2,0.5,0.4,0,0,0,0,0,0,0,0,0,0.4,0,17,16.6,0.5,0,0,0.7,2.2,0.2,0,2,3,0,22,0,0.4,0.03,0.03,0.5,0.9,0.13,8,0,3,22,0.2,64,290,9,0.4,0,0.1,33,133,A041G#F02.A06GV$F04.A001D$F04.A00VA$F28.A0BA1
6.785,"Sushi, maki, mango, vegetar",Diverse matvarer og retter,Diverse matvarer og retter,422,100,77,1.8,0.3,0,0,0.3,0,0,1.1,0.1,1,0.3,0.2,0,0,0,0,0,0,0,0,0,0.2,0,18.6,16.6,2,0,0,0.7,2,0.2,0,5,10,0,61,0,0.3,0.02,0.02,0.4,0.8,0.11,10,0,6,21,0.2,63,254,8,0.4,0,0.09,28,134,A041G#F02.A06GV$F04.A001D$F04.A00VA$F04.A01LF$F28.A0BA1
6.787,"Sushi, maki, tofu, vegetar",Diverse matvarer og retter,Diverse matvarer og retter,477,113,75,3.1,0.5,0,0,0.4,0.1,0,1.4,0.1,1.3,1,0.9,0.1,0,0,0,0,0,0,0,0.1,0.9,0,17,16.6,0.4,0,0,0.5,4.1,0.2,0,1,2,0,15,0,0.3,0.02,0.02,0.3,1.1,0.11,9,0,3,35,0.5,65,252,22,0.6,0,0.12,60,134,A041G#F02.A06GV$F04.A001D$F04.A03TT$F04.A07XJ$F28.A0BA1
1.296,"Syrnet havreprodukt til matlaging, 15 % fett",Diverse matvarer og retter,Diverse matvarer og retter,774,187,72,15.7,1.3,0,0,1,0.2,0,8.9,0,8.7,4.6,3.5,1.1,0,0,0,0,0,0,0,1.1,3.5,0,10.1,7.3,2.8,0,0,1,0.8,0,0,0,0,0,0,0,0,0.04,0,0,0.1,0,12,0,0,120,0,0,45,0,0.1,0,0,25,0,A03TR#F02.A06HP
1.295,"Syrnet, tyknet havreprodukt",Diverse matvarer og retter,Diverse matvarer og retter,319,76,84,2.4,0.2,0,0,0.2,0,0,1.3,0,1.3,0.7,0.6,0.1,0,0,0,0,0,0,0,0.1,0.6,0,11.7,7.7,4,0,0,0.9,1.5,0.1,0,0,0,0,0,1.1,0,0,0.29,0,0.3,0,9,0.4,0,120,0,29,44,6,0.1,0,0,47,23,A03TQ#F02.A06HP
10.169,"Søtpotetsuppe, hjemmelaget",Diverse matvarer og retter,Diverse matvarer og retter,196,47,90,1.8,1.5,0.7,0.3,0.1,0.1,0,0.2,0,0.2,0.1,0.1,0,0,0,0,0,0,0,0,0,0.1,0,6,4,2,0.1,0.1,1,0.9,0.5,0,216,431,0,2591,0,0.1,0.03,0.03,0.3,0.4,0.06,5,0,1,15,0.6,190,134,13,0.2,0,0.07,26,4,A041L#F02.A06GY$F04.A010C$F10.A07VP
9.17,"Taco med skjell, karbonadedeig, grønnsaker",Diverse matvarer og retter,Diverse matvarer og retter,727,174,67,9.2,3.6,0.1,0.5,1.7,0.7,0.2,4.1,0.3,2.4,0.7,0.7,0.1,0,0,0,0,0,0,0,0.1,0.7,29,11.4,8.9,2.5,0.1,0.1,1,10.7,0.7,0,55,68,42,160,0,2,0.07,0.08,1.8,4.2,0.11,22,0.7,10,97,1.2,292,240,23,2.3,4,0.07,140,5,A03YZ#F04.A006L$F04.A02QE$F04.A049S$F04.A07XJ
9.141,"Taco med skjell, kjøttdeig, grønnsaker",Diverse matvarer og retter,Diverse matvarer og retter,803,193,66,11.6,4.8,0.1,0.6,2.6,1.4,0.1,5.3,0.4,3.3,0.8,0.7,0.1,0,0,0,0,0,0,0,0.1,0.7,31,11.4,8.9,2.5,0.1,0.1,1,9.9,1,0,59,74,45,175,0.1,2.1,0.07,0.1,1.6,3.7,0.16,21,0.9,10,98,1.1,404,223,22,2,4,0.04,130,5,A03YZ#F04.A006L$F04.A02QE$F04.A049S$F04.A07XJ
9.142,"Taco med skjell, kylling, grønnsaker",Diverse matvarer og retter,Diverse matvarer og retter,722,173,68,9.2,3.4,0.2,0.5,1.5,0.6,0.1,4.1,0.3,2.4,0.9,0.8,0.1,0,0,0,0,0,0,0,0.1,0.8,23,11.4,8.9,2.5,0.1,0.1,1,10.5,0.7,0,58,71,45,160,0.1,2.1,0.11,0.1,2.7,5.3,0.21,21,0.3,11,97,0.6,293,255,24,0.8,4,0.05,152,5,A03YZ#F04.A006L$F04.A01SP$F04.A07XJ
9.143,"Taco med skjell, laks, grønnsaker",Diverse matvarer og retter,Diverse matvarer og retter,836,201,65,12.6,3.9,0.2,0.5,1.8,0.7,0.1,5.8,0.3,3.8,2,1.3,0.3,0,0,0,0,0.1,0,0.2,0.7,1.4,31,12.1,9.7,2.5,0.1,0.1,1,8.9,0.7,0,62,75,49,160,1.5,2.3,0.09,0.09,2.2,4.1,0.2,21,1.5,10,98,0.6,290,253,23,0.7,6,0.05,144,6,A03YZ#F04.A006L$F04.A07XJ$F04.A0C75
9.172,"Taco med skjell, plantebasert deig, grønnsaker",Diverse matvarer og retter,Diverse matvarer og retter,724,174,67,9.7,3.5,0.3,0.5,1.5,0.6,0.1,4.3,0.3,2.6,1.2,1,0.1,0,0,0,0,0,0,0,0.1,1,11,12.3,9.5,2.7,0.1,0.1,3,8,0.8,0,54,67,41,160,0,2.4,0.08,0.09,0.7,2.2,0.11,35,0.3,10,127,1.2,338,243,30,0.9,3,0.1,133,5,A03YZ#F04.A006L$F04.A02QE$F04.A03TE$F04.A07XJ
9.171,"Taco med tortilla, karbonadedeig, grønnsaker",Diverse matvarer og retter,Diverse matvarer og retter,634,151,70,6.3,3.3,0.1,0.4,1.6,0.6,0.1,1.9,0.1,1.7,0.4,0.3,0.1,0,0,0,0,0,0,0,0.1,0.3,27,12.2,9.7,2.5,0.1,0.1,1,10.9,1,0,51,63,39,149,0,0.6,0.07,0.07,1.7,4.1,0.1,20,0.7,10,87,1.2,390,229,20,2.2,4,0.08,146,5,A03YZ#F04.A006V$F04.A049S$F04.A07XJ
9.138,"Taco med tortilla, kjøttdeig, grønnsaker",Diverse matvarer og retter,Diverse matvarer og retter,706,169,68,8.5,4.5,0.1,0.5,2.5,1.2,0.1,3,0.2,2.5,0.5,0.4,0.1,0,0,0,0,0,0,0,0.1,0.4,29,12.2,9.7,2.5,0.1,0.1,1,10.2,1.2,0,55,69,42,163,0.1,0.6,0.08,0.09,1.5,3.7,0.14,20,0.9,10,88,1.1,494,212,18,1.9,4,0.05,137,5,A03YZ#F04.A006V$F04.A049S$F04.A07XJ
9.139,"Taco med tortilla, kylling, grønnsaker",Diverse matvarer og retter,Diverse matvarer og retter,630,150,70,6.2,3.2,0.1,0.4,1.5,0.6,0.1,1.8,0.1,1.7,0.6,0.5,0.1,0,0,0,0,0,0,0,0.1,0.5,22,12.2,9.7,2.6,0.1,0.1,1,10.7,1,0,54,65,41,149,0.1,0.6,0.11,0.09,2.6,5.1,0.19,20,0.3,10,87,0.6,391,242,21,0.8,4,0.06,157,5,A03YZ#F04.A006V$F04.A01SP$F04.A07XJ
9.14,"Taco med tortilla, laks, grønnsaker",Diverse matvarer og retter,Diverse matvarer og retter,736,176,67,9.4,3.6,0.1,0.5,1.8,0.6,0.1,3.5,0.2,3.1,1.7,0.9,0.3,0,0,0,0,0.1,0,0.1,0.7,1,29,12.9,10.4,2.6,0.1,0.1,1,9.3,1,0,58,70,46,149,1.4,0.8,0.09,0.08,2.1,4.1,0.18,20,1.4,10,88,0.6,388,240,20,0.7,6,0.06,150,5,A03YZ#F04.A006V$F04.A07XJ$F04.A0C75
9.173,"Taco med tortilla, plantebasert deig, grønnsaker",Diverse matvarer og retter,Diverse matvarer og retter,632,151,69,6.7,3.3,0.3,0.5,1.5,0.5,0.1,2.1,0.1,2,0.9,0.7,0.1,0,0,0,0,0,0,0,0.2,0.7,10,13,10.2,2.8,0.1,0.1,2,8.4,1.1,0,50,62,38,149,0,0.9,0.08,0.08,0.7,2.3,0.1,33,0.2,10,115,1.1,432,231,26,0.8,3,0.1,140,5,A03YZ#F04.A006V$F04.A03TE$F04.A07XJ
10.134,"Tacokrydder, kjøpt",Diverse matvarer og retter,Diverse matvarer og retter,951,226,42,3.5,0.4,0,0,0.3,0.2,0.1,1.1,0,1.3,1.2,1,0.1,0,0,0,0,0,0,0,0.1,1.4,0,36.7,12.9,23.8,4.6,4.6,12,5.9,20.3,0,121,241,0,1450,0,4.9,0.16,0.28,2.1,3,1.02,68,0.3,0,230,11.4,8100,675,85,1.1,4,0.36,195,6,A042Z#F26.A07XD
6.149,Tacosaus,Diverse matvarer og retter,Diverse matvarer og retter,115,27,93,0.1,0,0,0,0,0,0,0,0,0,0,0,0,0,0,0,0,0,0,0,0,0,0,4,0,4,0,0,2,1.9,1.7,0,44,87,0,526,0,1,0.04,0.03,0.8,1.1,0.2,16,0,1,27,0.7,660,325,16,0.2,0,0.07,34,0,A045M#F18.A07NN$F19.A07PF
10.17,"Tacosuppe, hjemmelaget",Diverse matvarer og retter,Diverse matvarer og retter,210,50,89,2.1,0.5,0,0,0.4,0.2,0,1,0,0.9,0.4,0.3,0.1,0,0,0,0,0,0,0,0.1,0.3,7,3.4,1.3,2.1,0.1,0.1,2,3.4,0.6,0,20,38,1,226,0,0.9,0.03,0.06,0.5,1.5,0.07,9,0.1,3,17,0.8,251,119,11,0.7,1,0.07,37,3,A0BZC#F02.A06GY$F04.A07XJ$F04.A0EYH$F10.A07VP$F22.A07SS
6.685,"Tempeh, soyabønneprodukt",Diverse matvarer og retter,Diverse matvarer og retter,873,209,59,10.8,2.5,0,0,1.7,0.7,0,3.2,0,3.1,4.3,4,0.2,0,0,0,0,0,0,0,0.2,4,0,5.5,4.6,0.9,0,0,4,20.3,0,0,0,0,0,0,0,0,0.08,0.36,2.6,6,0.22,24,0.1,0,111,2.7,9,412,81,1.1,0,0.56,266,0,A16RC#F02.A06HN
10.179,Teriyakisaus,Diverse matvarer og retter,Diverse matvarer og retter,476,112,73,0.8,0.1,0,0,0.1,0,0,0.2,0,0.2,0.3,0.3,0,0,0,0,0,0,0,0,0,0.3,0,23,0,23,23,23,0,3.2,6.2,0,0,0,0,4,0,0,0.01,0.11,0.4,0.9,0.09,16,0,0,8,0.7,2488,156,17,0.3,3,0,54,2,A044T#F02.A0EPF$F04.A044R
6.704,Tofu,Diverse matvarer og retter,Diverse matvarer og retter,555,133,77,8.5,1.4,0,0,0.9,0.4,0,1.9,0,1.8,4.8,4.3,0.6,0,0,0,0,0,0,0,0.6,4.3,0,0.6,0,0.6,0,0,0.4,13.4,0,0,0,0,0,0,0,0.7,0.02,0,0.1,2.4,0.03,25,0,0,100,2.4,10,140,100,1.3,0,0.24,210,6,A03TT
6.866,"Tofu, røkt",Diverse matvarer og retter,Diverse matvarer og retter,619,149,75,9.5,1.5,0,0,1,0.4,0,2,0,1.8,5.6,4.9,0.7,0,0,0,0,0,0,0,0.7,4.9,0,0.9,0,0.9,0,0,0,14.9,0.7,0,0,0,0,0,0,0.6,0.03,0,0.1,2.6,0.04,16,0,0,62,2,295,190,140,1.4,0,0.25,190,6,A03TT#F02.A06HP$F04.A012F$F28.A07JV
6.865,"Tofu, silke",Diverse matvarer og retter,Diverse matvarer og retter,209,50,91,2.9,0.5,0,0,0.3,0.1,0,0.7,0,0.6,1.6,1.4,0.2,0,0,0,0,0,0,0,0.2,1.4,0,1.1,0,1.1,0,0,0.6,4.6,0,0,0,0,0,0,0,0.4,0.04,0,0,0.8,0.05,24,0,0,21,0.6,0,210,64,0.5,0,0.19,58,6,A03TT#F02.A06HP$F04.A012F
10.013,"Tomatsuppe, av pulver",Diverse matvarer og retter,Diverse matvarer og retter,134,32,92,0.4,0,0,0,0,0,0,0.4,0,0.4,0.2,0.1,0.1,0,0,0,0,0,0,0,0.1,0.1,0,6,3.6,2.5,0.5,0.5,0.4,0.8,0.7,0,0,0,0,0,0,0,0.02,0.03,0,0,0,0,0,0,14,0.1,292,126,5,0.1,0,0,0,0,A041N#F04.A02ML$F28.A07MR
10.014,"Tomatsuppe, med makaroni, av pulver",Diverse matvarer og retter,Diverse matvarer og retter,202,48,89,0.9,0.1,0,0,0.1,0,0,0.4,0,0.4,0.2,0.2,0.1,0,0,0,0,0,0,0,0.1,0.2,0,8.5,5.8,2.8,0.5,0.5,0.5,1.2,0.8,0,0,0,0,0,0,0,0.03,0.03,0.1,0.2,0,0,0,0,14,0.2,317,131,7,0.1,0,0.01,5,0,A041N#F04.A007L$F28.A07MR
10.113,"Tomatsuppe, pulver",Diverse matvarer og retter,Diverse matvarer og retter,1597,379,14,8.5,0.7,0,0,0.4,0.1,0,4.1,0,4,2.1,1.6,0.5,0,0,0,0,0,0,0,0.5,1.6,0,65,37,28,5.3,5.3,4,8.5,8.1,0,0,0,0,0,0,0,0.25,0.3,0,0,0,0,0,0,140,1.5,3240,1300,54,1,0,0,0,0,A0B9X
12.017,"Tortillachips, nachochips",Diverse matvarer og retter,Diverse matvarer og retter,1986,475,6,22.5,2,0.1,0,1,0.6,0,14.3,0,14.1,3.6,3.4,0.1,0,0,0,0,0,0,0,0.2,3.4,5,57.4,55.5,1.9,0,0,7,7.4,1.4,0,11,22,0,136,0,7,0.5,0.09,1.1,2.3,0.37,19,0,2,84,1.2,545,250,75,1.3,3,0.12,190,3,A00FD#F26.A07XD
8.008,"Tran, Møllers",Diverse matvarer og retter,Diverse matvarer og retter,3700,900,0,100,14.4,0,3.6,8.4,1.7,0,46.4,8.1,19.1,27.9,2.1,0.9,0,0,0.7,0.4,7.7,1.2,11.2,21.6,2.5,500,0,0,0,0,0,0,0,0,0,2770,2770,2770,0,220,94,0,0,0,0,0,0,0,0,0,0,0,0,0,0,0,0,0,0,A038Q
8.03,"Tran, Møllers Dobbel, kapsler",Diverse matvarer og retter,Diverse matvarer og retter,2785,675,15,67,9.2,0,1,2.7,0.6,0,9.3,2.4,6.2,37.8,4.5,2.6,0,0,0,0,10.4,1.3,14.3,36.1,1.5,330,0,0,0,0,0,0,18,0,0,13889,13889,13889,0,833,556,0,0,0,3,0,0,0,0,0,0,0,0,0,0,0,0,0,0,A03SX#F03.A06JH$F04.A038Q$F04.A0EVV$F04.A0EXL$F04.A0EXM$F04.A0EXZ
8.264,"Tran, med limesmak, Biopharma",Diverse matvarer og retter,Diverse matvarer og retter,3663,891,1,99,15,0,3.6,8.9,1.9,0,45.2,7.2,17.6,25.9,2.1,0.7,0,0,0.6,0.4,6.9,1,10.4,19.6,2.5,500,0,0,0,0,0,0,0,0,0,3810,3810,3810,0,410,166,0,0,0,0,0,0,0,0,0,0,0,0,0,0,0,0,0,0,A038Q#F02.A06AR$F27.A02EL$F28.A0C02
12.024,Urtesalt,Diverse matvarer og retter,Diverse matvarer og retter,197,47,90,1.7,0.1,0,0,0.1,0,0,0.1,0,0.1,0.2,0.1,0.1,0,0,0,0,0,0,0,0.1,0.1,0,0.3,0,0.3,0,0,0,7.6,75,0,0,0,0,0,0,0,0,0,0,1.3,0,0,0,0,3180,0,30000,2040,0,0,0,0.14,139,0,A042V
6.713,"Vegetabilsk postei, kjøpt",Diverse matvarer og retter,Diverse matvarer og retter,1050,253,60,20,14,6.4,2.9,2.6,0.8,0.2,3.2,0.1,3.1,2,1.9,0,0,0,0,0,0,0,0,0,1.9,0,9.6,7.7,1.9,0,0,2,7.6,1.5,0,3,5,0,31,0,1.5,0.19,0.47,2.8,4.1,0.2,261,0,0,35,1.3,596,263,28,2,3,0.07,157,0,A03TE#F04.A0C6H$F07.A073H
6.784,"Vegetarburger, hjemmelaget",Diverse matvarer og retter,Diverse matvarer og retter,719,173,64,8.5,1.1,0,0,0.8,0.2,0,3,0,2.9,3.2,2.6,0.6,0,0,0,0,0,0,0,0.6,2.6,21,13.8,12.1,1.8,0.1,0.1,7,6.9,0.8,0,81,151,11,841,0.1,1,0.11,0.14,0.7,2.1,0.1,34,0.1,3,62,1.9,331,321,49,1.1,4,0.26,149,4,A03TE#F02.A06HN$F04.A07XJ$F22.A07SS$F28.A0BA1
6.782,"Vegetarlasagne, hjemmelaget",Diverse matvarer og retter,Diverse matvarer og retter,539,129,74,5.9,3.6,0.2,0.6,1.6,0.6,0.2,1.4,0.1,1.2,0.2,0.2,0,0,0,0,0,0,0,0,0,0.1,15,11,7.8,3.2,0.1,0.1,2,6.8,0.6,0,115,189,41,891,0,0.9,0.05,0.12,0.7,2.3,0.09,22,0.4,7,164,0.6,240,189,22,1,4,0.1,146,8,A040P#F02.A06GT$F04.A007E$F04.A07XJ$F22.A07SH$F28.A0BA1
10.026,"Viltsaus, av pulver",Diverse matvarer og retter,Diverse matvarer og retter,291,70,87,3.9,2.4,0.1,0.4,1.1,0.4,0.1,0.9,0.1,0.8,0.1,0.1,0,0,0,0,0,0,0,0,0,0.1,9,5.8,3.2,2.6,0,0,0.2,2.7,0.1,0,53,54,51,23,0.1,0.1,0.03,0.09,0.1,0.7,0.02,2,0.3,0,77,0.1,23,108,6,0.2,1,0.01,67,10,A043Z
12.115,"Vitaminbjørner, 2,1 g/stk, Collett",Diverse matvarer og retter,Diverse matvarer og retter,0,0,74,0,0,0,0,0,0,0,0,0,0,0,0,0,0,0,0,0,0,0,0,0,0,0,26,0,0,0,0,0,0,0,0,9524,0,0,0,238.1,285.7,0,0,381,381,33.33,4762,59.5,1429,0,0,0,0,0,0,0,0,0,0,A03SL#F04.A0EXL$F04.A0EXM$F04.A0EXN$F04.A0EXP$F04.A0EXQ$F04.A0EXS$F04.A0EXV$F04.A0EXZ
12.114,"Vitamineral, 0,55 g/stk, Vitaplex",Diverse matvarer og retter,Diverse matvarer og retter,13,3,100,0.4,0.4,0,0,0,0,0,0,0,0,0,0,0,0,0,0,0,0,0,0,0,0,0,0,0,0,0,0,0,0,0,0,145455,0,0,0,909.1,2181.8,200,254.55,2909.1,2909.1,0,36364,454.5,14545,0,0,0,0,0,1818.2,10000,181.82,0,27273,A03SK#F04.A0EVZ$F04.A0EXA$F04.A0EXB$F04.A0EXC$F04.A0EXE$F04.A0EXL$F04.A0EXM$F04.A0EXN$F04.A0EXP$F04.A0EXQ$F04.A0EXS$F04.A0EXV$F04.A0EXX$F04.A0EXY$F04.A0EXZ
10.223,"Vårrull, grønnsaker, frityrstekt, kjøpt",Diverse matvarer og retter,Diverse matvarer og retter,959,230,57,13.1,1.3,0,0,1,0.3,0,4.1,0,4,4.5,3.8,0.7,0,0,0,0,0,0,0,0.7,3.8,0,22.1,19.4,2.7,0,0,3,4.5,1.2,0,25,50,0,303,0,1.7,0.03,0.02,0.3,1,0.28,8,0,0,46,0.5,485,130,14,0.2,0,0.06,69,3,A040F#F02.A06GR$F04.A00KR$F28.A07GV
3.515,"Vårrull, med kylling og grønnsaker, kjøpt",Diverse matvarer og retter,Diverse matvarer og retter,740,177,64,7.3,2,0.7,0.3,0.5,0.2,0,3.2,0,3.2,1.7,1.2,0.4,0,0,0,0,0,0,0,0.4,1.2,15,20.2,18,2.2,0.1,0.1,2,6.2,1.4,0,30,54,5,294,0.1,2.1,0.1,0.18,1.3,2.4,0.16,25,0,7,65,2.2,562,155,30,0.5,2,0.1,75,10,A040F#F02.A06GR$F04.A01SP$F22.A07SH
10.139,Wonton-ark,Diverse matvarer og retter,Diverse matvarer og retter,1191,281,31,1.5,0.3,0,0,0.2,0,0,0.2,0,0.2,0.6,0.6,0,0,0,0,0,0,0,0,0,0.6,0,56.2,55.5,0.7,0,0,2,9.8,1.4,0,4,4,4,0,0,0,0.52,0.38,5.4,7,0.03,0,0,0,47,3.4,572,82,20,0.7,28,0.15,81,0,A009P#F04.A001C
10.218,Worcestersaus,Diverse matvarer og retter,Diverse matvarer og retter,509,120,70,0.1,0,0,0,0,0,0,0,0,0,0,0,0,0,0,0,0,0,0,0,0,0,0,28.3,6.8,21.5,0,0,0,1.4,3.8,0,1,1,0,8,0,0,0,0.01,0.4,0.6,0,1,0,0,190,10.1,1500,600,73,0.4,1,0.21,31,1,A045C#F02.A0EPF
10.225,"Wraps, av cottage cheese, hjemmelaget",Diverse matvarer og retter,Diverse matvarer og retter,530,127,77,7.1,3.2,0.1,0.3,1.7,0.6,0.1,2.2,0.2,2,0.8,0.6,0,0,0,0,0.1,0,0,0,0.1,0.7,120,1.3,0,1.3,0,0,0,14.3,1.1,0,63,65,62,20,0.9,1.8,0.05,0.27,0.1,3.5,0.04,17,0.9,0,83,0.7,458,115,12,0.9,11,0.04,202,33,A03YJ#F02.A06GL$F04.A02QG$F04.A031F$F28.A07GY
11.055,"Barnemat, Sinlac spesialgrøt, pulver",Spedbarnsmat,Spedbarnsmat,1603,380,15,9.1,3.3,0,0.3,1.8,0.3,0.1,3.2,0,3.1,2,1.9,0.2,0,0,0,0,0,0,0,0.2,1.9,1,59.6,43.1,16.5,0,0,3,13.6,0.3,0,343,343,343,0,5,3,0.85,0.61,3.2,5.5,0.44,66,0.4,65,530,12,117,350,73,6.1,4,0.5,317,32,A03QX#F03.A06JD$F10.A0B8L$F10.A0CQD$F28.A07KG
11.056,"Barnemat, Sinlac spesialgrøt, spiseklar, Nestlé",Spedbarnsmat,Spedbarnsmat,370,88,80,2.1,0.8,0,0.1,0.4,0.1,0,0.7,0,0.7,0.5,0.4,0,0,0,0,0,0,0,0,0,0.4,0,13.8,9.9,3.8,0,0,0.6,3.1,0.1,0,79,79,79,0,1.2,0.7,0.2,0.14,0.7,1.3,0.1,15,0.1,15,122,2.8,27,81,17,1.4,1,0.12,73,7,A03QX#F03.A0CEE$F10.A0B8L$F10.A0CQD$F28.A07MR
11.053,"Barnemat, fullkornsgrøt med eksotiske frukter og müsli, fra 12 mnd, pulver",Spedbarnsmat,Spedbarnsmat,1645,390,12,9.2,2.3,0,0.1,1.9,0.3,0.1,4.3,0,4.2,1.9,1.5,0.3,0,0,0,0,0,0,0,0.3,1.5,5,60.1,38,22.1,0,0,4,14.8,0.3,0,242,248,237,66,9,2.9,0.83,0.68,4.8,7.3,0.31,42,1,46,550,11,117,663,62,2.5,4,0.15,353,52,A03QX#F03.A06JD$F04.A000F$F04.A003X$F04.A04RK$F28.A07KG
11.054,"Barnemat, fullkornsgrøt med eksotiske frukter og müsli, fra 12 mnd, spiseklar",Spedbarnsmat,Spedbarnsmat,380,90,80,2.1,0.5,0,0,0.4,0.1,0,1,0,1,0.4,0.3,0.1,0,0,0,0,0,0,0,0.1,0.3,1,13.9,8.8,5.1,0,0,0.9,3.4,0.1,0,56,57,55,15,2.1,0.7,0.19,0.16,1.1,1.7,0.07,10,0.2,11,127,2.5,27,153,14,0.6,1,0.03,81,12,A03QX#F03.A0CEE$F04.A000F$F04.A001M$F04.A04RK$F28.A07MR
11.049,"Barnemat, havregrøt med banan og mango, fra 8 mnd, pulver",Spedbarnsmat,Spedbarnsmat,1672,397,11,9.9,2.4,0,0.1,2,0.3,0.1,4.6,0,4.5,2.3,1.9,0.4,0,0,0,0,0,0,0,0.4,1.9,5,58.6,32.5,26.1,0,0,5,16,0.3,0,245,249,240,57,4,3.2,0.94,0.64,3.7,6.4,0.47,70,1,49,557,10,110,777,89,2.7,5,0.22,437,45,A03QX#F03.A06JD$F04.A000F$F04.A01LC$F04.A01LF$F28.A07KG
11.05,"Barnemat, havregrøt med banan og mango, fra 8 mnd, spiseklar",Spedbarnsmat,Spedbarnsmat,386,92,79,2.3,0.6,0,0,0.5,0.1,0,1.1,0,1,0.5,0.4,0.1,0,0,0,0,0,0,0,0.1,0.4,1,13.5,7.5,6,0,0,1,3.7,0.1,0,56,57,55,13,0.9,0.7,0.22,0.15,0.9,1.5,0.11,16,0.2,11,129,2.3,25,179,21,0.6,1,0.05,101,10,A03QX#F03.A0CEE$F04.A000F$F04.A01LC$F04.A01LF$F28.A07MR
11.047,"Barnemat, havregrøt naturell, fra 6 mnd, pulver, ",Spedbarnsmat,Spedbarnsmat,1755,417,8,11.4,2.7,0,0.1,2.2,0.3,0.1,5.3,0,5.2,2.6,2.2,0.4,0,0,0,0,0,0,0,0.4,2.2,5,58.1,37.5,20.6,0,0,5,18,0.3,0,270,270,270,0,6,3.2,1.1,0.67,5.1,8.1,0.56,44,1.1,46,593,11,117,670,86,3,5,0.21,467,44,A03QX#F03.A06JD$F04.A000F$F28.A07KG
11.048,"Barnemat, havregrøt naturell, fra 6 mnd, spiseklar",Spedbarnsmat,Spedbarnsmat,405,96,79,2.6,0.6,0,0,0.5,0.1,0,1.2,0,1.2,0.6,0.5,0.1,0,0,0,0,0,0,0,0.1,0.5,1,13.4,8.7,4.8,0,0,1,4.2,0.1,0,62,62,62,0,1.4,0.7,0.25,0.15,1.2,1.9,0.13,10,0.3,11,137,2.5,27,155,20,0.7,1,0.05,108,10,A03QX#F03.A0CEE$F04.A000F$F28.A07MR
11.081,"Barnemat, middag, biff stroganoff med pasta, fra 15 mnd",Spedbarnsmat,Spedbarnsmat,300,71,85,2.6,0.7,0,0,0.4,0.2,0,1.2,0.1,1.1,0.6,0.5,0.1,0,0,0,0,0,0,0,0.1,0.5,5,8.4,6.6,1.8,0,0,1,2.9,0.2,0,64,125,1,747,0,0.9,0.08,0.03,0.9,1.5,0.08,7,0.2,2,12,0.7,98,138,13,0.6,2,0.07,46,0,A03RF#F02.A06FL$F04.A007L$F04.A01QV$F10.A07VP$F23.A07TF
11.098,"Barnemat, middag, biffgryte, fra 12 mnd",Spedbarnsmat,Spedbarnsmat,280,67,86,2.9,0.5,0,0,0.3,0.1,0,1.5,0,1.5,0.7,0.5,0.2,0,0,0,0,0,0,0,0.2,0.5,5,6.4,4.8,1.6,0,0,1,3.2,0.1,0,69,137,2,810,0,0.9,0.05,0.02,1,1.6,0.07,9,0.1,2,10,0.5,51,137,12,0.6,2,0.06,46,0,A03RF#F02.A06FL$F04.A0EYH$F10.A07VP$F23.A07TF
11.088,"Barnemat, middag, couscous og biff, fra 12 mnd",Spedbarnsmat,Spedbarnsmat,324,77,84,2.9,0.7,0,0,0.4,0.2,0,1.5,0.1,1.3,0.6,0.5,0.1,0,0,0,0,0,0,0,0.1,0.5,6,8.8,6.9,1.9,0,0,1,3.3,0.2,0,73,144,1,860,0,0.8,0.08,0.04,0.8,1.4,0.07,9,0.3,3,15,0.7,64,152,14,0.7,1,0.07,48,0,A03RF#F02.A06FL$F04.A008C$F04.A01QV$F10.A07VP$F23.A07TF
11.087,"Barnemat, middag, couscous og laks, fra 15 mnd",Spedbarnsmat,Spedbarnsmat,287,68,85,2.3,0.3,0,0,0.2,0.1,0,1.1,0,1,0.8,0.5,0.1,0,0,0,0,0,0,0.1,0.2,0.6,7,8.5,6.4,2.1,0,0,1,2.9,0.2,0,92,181,2,1077,0.5,0.6,0.04,0.03,0.9,1.5,0.08,7,0.4,1,12,0.3,87,113,12,0.2,2,0.05,45,0,A03RG#F02.A06FL$F04.A008C$F04.A028P$F10.A07VP$F23.A07TF
11.079,"Barnemat, middag, fiskegrateng, fra 12 mnd",Spedbarnsmat,Spedbarnsmat,333,79,83,2.9,1.2,0.1,0.2,0.5,0.2,0,1.1,0,1,0.4,0.3,0.1,0,0,0,0,0,0,0,0.1,0.3,10,9.4,7.6,1.8,0,0,1,3.3,0.3,0,69,123,16,642,0.3,0.5,0.04,0.04,0.9,1.7,0.07,9,0.2,3,28,0.3,109,232,18,0.3,3,0.06,65,25,A03RG#F02.A06FL$F04.A007L$F04.A026V$F10.A07VP$F23.A07TF
11.082,"Barnemat, middag, fullkornslasagne, fra 12 mnd",Spedbarnsmat,Spedbarnsmat,312,74,84,2.7,0.8,0,0.1,0.5,0.3,0,1.3,0.1,1.1,0.5,0.3,0.1,0,0,0,0,0,0,0,0.1,0.3,7,8.2,5.9,2.3,0,0,2,3.4,0.1,0,91,178,3,1055,0,0.7,0.04,0.03,1,1.7,0.09,10,0.3,4,16,0.6,45,128,13,0.8,2,0.06,56,0,A03RF#F02.A06FL$F04.A01QV$F04.A04LC$F10.A07VP$F23.A07TF
11.089,"Barnemat, middag, fullkornspasta med grønnsaker, fra 12 mnd",Spedbarnsmat,Spedbarnsmat,324,77,83,2.5,0.2,0,0,0.2,0.1,0,1.2,0,1.3,0.8,0.5,0.2,0,0,0,0,0,0,0,0.2,0.6,0,10.8,8.1,2.7,0,0,2,2,0.1,0,7,13,0,79,0,0.8,0.03,0.03,0.7,1.2,0.07,17,0,10,23,0.4,42,135,17,0.4,1,0.1,54,0,A03RD#F02.A06FL$F04.A04LC$F04.A07XJ$F10.A07VP$F23.A07TF
11.078,"Barnemat, middag, grønnsakslasagne, fra 12 mnd",Spedbarnsmat,Spedbarnsmat,340,81,84,3.5,1.6,0.1,0.2,0.7,0.3,0.1,1.2,0.1,1.1,0.4,0.3,0.1,0,0,0,0,0,0,0,0.1,0.3,6,9.2,7.7,1.5,0,0,1,2.6,0.3,0,85,150,19,789,0,0.5,0.03,0.04,0.3,0.9,0.06,10,0.1,2,60,0.3,109,81,9,0.4,1,0.04,59,3,A03RD#F02.A06FL$F04.A007L$F04.A07XJ$F10.A07VP$F23.A07TF
11.093,"Barnemat, middag, grønnsaksrisotto og kalkun, fra 12 mnd",Spedbarnsmat,Spedbarnsmat,263,63,87,2.4,0.2,0,0,0.1,0.1,0,1.4,0,1.3,0.7,0.5,0.2,0,0,0,0,0,0,0,0.2,0.5,6,7.4,6,1.5,0,0,0.7,2.4,0.2,0,96,191,0,1148,0,0.6,0.02,0.02,0.7,1.4,0.07,9,0.1,0,7,0.1,83,64,7,0.3,1,0.02,30,4,A03RK#F02.A06FL$F04.A001D$F04.A01SQ$F04.A07XJ$F10.A07VP$F23.A07TF
11.084,"Barnemat, middag, gulrot og potet, fra 4 mnd",Spedbarnsmat,Spedbarnsmat,176,42,91,1.4,0.1,0,0,0.1,0,0,0.8,0,0.8,0.5,0.4,0.1,0,0,0,0,0,0,0,0.1,0.4,0,6.3,3.9,2.4,0,0,1,0.4,0,0,186,372,0,2233,0,0.6,0.02,0.01,0.4,0.6,0.05,9,0,2,14,0.2,5,125,9,0.1,0,0.04,21,0,A03RD#F02.A06FL$F04.A00QH$F04.A00ZT$F10.A07VP$F23.A07TF
11.094,"Barnemat, middag, gulrot, fra 4 mnd",Spedbarnsmat,Spedbarnsmat,92,22,94,0,0,0,0,0,0,0,0,0,0,0,0,0,0,0,0,0,0,0,0,0,0,0,4.6,0,4.6,0,0,2,0,0,0,408,816,0,4901,0,0.4,0.02,0.02,0.3,0.4,0.06,13,0,0,27,0.2,9,100,6,0.1,0,0.03,20,0,A03RD#F02.A06FL$F04.A00QH$F10.A07VP$F23.A07TF
11.099,"Barnemat, middag, hønsegryte med couscous, fra 12 mnd",Spedbarnsmat,Spedbarnsmat,304,72,84,2,0.2,0,0,0.1,0.1,0,1.1,0,1,0.6,0.4,0.1,0,0,0,0,0,0,0,0.1,0.4,6,9.4,7.5,1.8,0,0,1,3.7,0.1,0,117,231,2,1379,0,0.7,0.04,0.04,1,1.6,0.11,13,0.1,7,11,0.3,42,118,11,0.4,2,0.06,47,0,A03RK#F02.A06FL$F10.A07VP$F23.A07TF
11.1,"Barnemat, middag, hønsegryte med grønnsaker, fra 6 mnd",Spedbarnsmat,Spedbarnsmat,208,49,87,0.3,0.1,0,0,0.1,0,0,0.1,0,0.1,0.1,0,0,0,0,0,0,0,0,0,0,0.1,4,7.8,5.5,2.2,0,0,2,3.1,0,0,39,78,1,466,0,0.4,0.04,0.04,1.6,2.1,0.15,21,0,4,17,0.4,6,336,19,0.2,1,0.06,52,0,A03RK#F02.A06FL$F10.A07VP$F23.A07TF
11.077,"Barnemat, middag, kjøttkaker i brun saus, fra 8 mnd",Spedbarnsmat,Spedbarnsmat,305,73,85,2.8,0.7,0,0.1,0.4,0.2,0,1.5,0.1,1.3,0.5,0.4,0.1,0,0,0,0,0,0,0,0.1,0.4,5,8.7,7.4,1.3,0,0,1,2.6,0.1,0,52,101,1,605,0,0.5,0.03,0.03,1.1,1.8,0.1,11,0.2,5,13,0.6,49,239,17,0.6,1,0.07,45,0,A03RF#F02.A06FL$F04.A00ZT$F04.A01QV$F04.A07XJ$F10.A07VP$F23.A07TF
11.083,"Barnemat, middag, kjøttkaker og poteter, fra 12 mnd",Spedbarnsmat,Spedbarnsmat,289,69,86,2.8,0.8,0,0.1,0.5,0.3,0,1.4,0.1,1.2,0.5,0.4,0.1,0,0,0,0,0,0,0,0.1,0.4,6,7.6,5.5,2.1,0,0,1,2.7,0.1,0,83,162,4,951,0,0.5,0.03,0.03,1,1.6,0.09,11,0.3,4,17,0.6,39,191,15,0.6,1,0.06,43,0,A03RF#F02.A06FL$F04.A00ZT$F04.A01QV$F04.A07XJ$F10.A07VP$F23.A07TF
11.085,"Barnemat, middag, kyllingboller og pasta, fra 12 mnd",Spedbarnsmat,Spedbarnsmat,292,70,85,2.1,0.3,0,0,0.2,0.1,0,1,0,0.9,0.6,0.5,0.1,0,0,0,0,0,0,0,0.1,0.5,5,8.6,6.9,1.7,0,0,1,3.3,0.1,0,12,20,3,106,0,0.7,0.09,0.04,1.2,1.8,0.1,12,0,7,10,0.6,59,136,15,0.4,2,0.07,57,0,A03RF#F02.A06FL$F04.A007L$F04.A01SP$F04.A07XJ$F10.A07VP$F23.A07TF
11.091,"Barnemat, middag, oksekjøtt og potet, fra 12 mnd",Spedbarnsmat,Spedbarnsmat,326,78,83,3,0.7,0,0,0.4,0.2,0,1.6,0.1,1.5,0.6,0.4,0.2,0,0,0,0,0,0,0,0.2,0.4,5,9.1,7,2.2,0,0,2,2.6,0.3,0,60,117,1,700,0,0.8,0.04,0.04,1.1,1.9,0.11,12,0.2,8,16,0.7,106,281,20,0.6,1,0.07,50,2,A03RF#F02.A06FL$F04.A00ZT$F04.A01QV$F04.A07XJ$F10.A07VP$F23.A07TF
11.101,"Barnemat, middag, pasta bolognese, fra 6 mnd",Spedbarnsmat,Spedbarnsmat,260,62,86,2,0.4,0,0,0.2,0.1,0,0.9,0,0.9,0.5,0.3,0.1,0,0,0,0,0,0,0,0.1,0.3,5,7.2,5.5,1.8,0,0,1,3.2,0.1,0,45,87,2,512,0,0.6,0.05,0.02,1.1,1.6,0.07,13,0.1,3,12,0.5,52,157,14,0.6,2,0.07,50,0,A03RK#F02.A06FL$F10.A07VP$F23.A07TF
11.102,"Barnemat, middag, pasta og grønnsaker, fra 8 mnd",Spedbarnsmat,Spedbarnsmat,243,58,88,2.3,0.7,0,0.1,0.3,0.1,0,0.9,0,0.9,0.4,0.3,0.1,0,0,0,0,0,0,0,0.1,0.3,2,6.6,4.1,2.5,0,0,2,2,0.2,0,102,197,5,1157,0,0.7,0.06,0.03,0.6,1,0.07,16,0.1,7,38,0.4,66,158,13,0.4,1,0.06,52,1,A03RK#F02.A06FL$F04.A00HC$F04.A00QH$F04.A04LC$F04.A07XJ$F10.A07VP$F23.A07TF
11.092,"Barnemat, middag, potet og brokkoli, fra 4 mnd",Spedbarnsmat,Spedbarnsmat,336,80,82,1.8,0.1,0,0,0.1,0,0,1,0,1,0.5,0.4,0.1,0,0,0,0,0,0,0,0.1,0.4,0,13.7,12.8,0.9,0,0,0.9,1.7,0,0,2,3,0,20,0,0.5,0.03,0.03,0.6,1.1,0.1,13,0,5,10,0.3,3,183,14,0.3,0,0.06,35,0,A03RD#F02.A06FL$F04.A00FN$F04.A00ZT$F10.A07VP$F23.A07TF
11.103,"Barnemat, middag, ragú, fra 8 mnd",Spedbarnsmat,Spedbarnsmat,327,78,83,2.5,0.4,0,0,0.2,0.1,0,1.4,0,1.3,0.7,0.4,0.2,0,0,0,0,0,0,0,0.2,0.4,5,9.8,8.5,1.4,0,0,1,3.3,0,0,4,6,0,39,0,0.7,0.04,0.03,1.6,2.2,0.12,17,0.1,9,9,0.6,6,360,23,0.6,1,0.08,54,0,A03RF#F02.A06FL$F04.A0EYH$F10.A07VP$F23.A07TF
11.086,"Barnemat, middag, spagetti bolognese, fra 15 mnd",Spedbarnsmat,Spedbarnsmat,309,74,85,2.8,0.6,0,0,0.4,0.2,0,1.4,0,1.3,0.6,0.5,0.1,0,0,0,0,0,0,0,0.1,0.5,6,8.7,6.9,1.7,0,0,1,2.8,0.2,0,53,104,3,608,0,0.8,0.08,0.03,0.8,1.5,0.07,7,0.2,6,11,0.7,97,121,12,0.6,2,0.06,42,0,A03RF#F02.A06FL$F04.A007L$F04.A07XJ$F04.A0EYH$F10.A07VP$F23.A07TF
11.09,"Barnemat, middag, vegetargryte, fra 12 mnd",Spedbarnsmat,Spedbarnsmat,258,62,87,2.6,0.2,0,0,0.1,0.1,0,1.5,0,1.4,0.8,0.5,0.2,0,0,0,0,0,0,0,0.2,0.5,2,7.3,5.1,2.2,0,0,2,1.3,0,0,138,274,1,1642,0,0.8,0.03,0.02,0.4,0.7,0.05,11,0,1,19,0.3,13,88,9,0.2,1,0.05,31,0,A03RD#F02.A06FL$F04.A07XJ$F10.A07VP$F23.A07TF
11.08,"Barnemat, middag, vegetarisk, fra 6 mnd",Spedbarnsmat,Spedbarnsmat,229,55,87,1.7,0.3,0,0,0.2,0.1,0,1.1,0,1.1,0.2,0.1,0,0,0,0,0,0,0,0,0,0.1,0,6.4,3.4,3.1,0,0,3,1.8,0,0,68,135,0,813,0,0.8,0.02,0.03,0.4,0.8,0.08,19,0,3,26,0.6,1,199,12,0.3,2,0.09,38,0,A03RD#F02.A06FL$F04.A0DMX$F10.A07VP$F23.A07TF
11.04,"Morsmelkerstatning, fra fødsel, drikkeklar",Spedbarnsmat,Spedbarnsmat,279,67,88,3.6,0.9,0.3,0.1,0.2,0.1,0,1.8,0,1.7,0.6,0.5,0.1,0,0,0,0,0,0,0,0.1,0.5,0,7.3,0,7.3,0,0,0.1,1.2,0.1,0,60,0,0,0,1.7,1.3,0.07,0.18,0.5,0.7,0.04,22,0.2,10,43,0.3,21,77,6,0.5,4,0.06,24,15,A03QE
11.095,"Morsmelkerstatning, fra fødsel, ferdig utblandet",Spedbarnsmat,Spedbarnsmat,280,67,88,3.6,0.8,0.3,0.1,0.2,0.1,0,1.8,0,1.7,0.6,0.5,0.1,0,0,0,0,0,0,0,0.1,0.5,0,7.4,0,7.4,0,0,0.1,1.2,0.1,0,58,0,0,0,1.7,1.5,0.08,0.18,0.5,0.7,0.04,18,0.2,10,43,0.3,21,67,6,0.5,4,0.05,24,14,A03QF#F02.A06FH$F03.A06JL$F04.A02LT$F23.A07TF
11.042,"Morsmelkerstatning, fra fødsel, pulver",Spedbarnsmat,Spedbarnsmat,2191,524,4,28,6.5,2.4,0.9,1.4,0.9,0.1,13.9,0,13.8,4.9,4.3,0.4,0,0,0,0,0,0,0.1,0.6,4.3,0,58,0,58,0,0,0.8,9.6,0.4,0,450,0,0,0,13,12,0.6,1.4,4,5.6,0.3,140,1.7,80,330,2.4,165,520,44,3.7,28,0.4,185,105,A03PZ
11.041,"Tilskuddsblanding, fra 6 mnd, drikkeklar",Spedbarnsmat,Spedbarnsmat,278,66,87,3.2,0.8,0.3,0.1,0.2,0.1,0,1.6,0,1.6,0.6,0.5,0,0,0,0,0,0,0,0,0,0.5,0,8.3,0,8.3,0,0,0,1.1,0.1,0,60,0,0,0,1.7,1.4,0.07,0.17,0.5,0.7,0.04,20,0.2,10,65,0.9,32,95,4,0.5,4,0.06,38,14,A03QQ
11.096,"Tilskuddsblanding, fra 6 mnd, ferdig utblandet",Spedbarnsmat,Spedbarnsmat,212,51,91,3.3,0.8,0.3,0.1,0.2,0.1,0,1.6,0,1.6,0.6,0.5,0,0,0,0,0,0,0,0,0,0.5,0,4.1,0,4.1,0,0,0,1.2,0.1,0,62,0,0,0,1.7,1.4,0.07,0.15,0.5,0.7,0.04,19,0.2,10,66,0.9,34,91,4,0.5,3,0.05,40,14,A03QR#F02.A06FJ$F03.A06JL$F04.A02LT$F23.A07TF
11.043,"Tilskuddsblanding, fra 6 mnd, pulver",Spedbarnsmat,Spedbarnsmat,2094,500,5,24.4,6,1.9,0.7,1.2,0.8,0.1,11.6,0,11.4,4.2,3.7,0.3,0,0,0,0,0,0,0.1,0.5,3.7,0,61.5,0,61.5,0,0,0.2,8.5,0.6,0,460,0,0,0,12.5,10.5,0.5,1.1,4,5.4,0.3,140,1.2,72,490,6.6,255,680,33,3.6,25,0.4,300,105,A03QK
9.179,Agavesirup,Sukker og søte produkter,Sukker og søte produkter,1211,285,29,0.5,0.3,0,0,0,0,0,0,0,0,0,0,0,0,0,0,0,0,0,0,0,0,0,70.2,0,70.2,70.2,70.2,0,0,0,0,0,0,0,0,0,0,0,0.01,0,0,0,0,0,0,74,0.3,4,220,34,0.1,1,0.24,2,0,A033Z#F02.A06EG
10.186,Blåbærmousse,Sukker og søte produkter,Sukker og søte produkter,804,193,68,13.7,8.4,0.4,1.3,3.8,1.4,0.4,3.2,0.3,2.8,0.5,0.3,0.1,0,0,0,0,0,0,0,0.1,0.2,33,14,0,14,9.3,9.3,2,2.5,0.1,0,131,140,120,120,0,0.9,0.02,0.1,0.3,0.8,0.03,14,0.2,6,51,0.2,21,74,7,0.2,1,0.07,53,5,A02PV#F02.A06AY$F02.A06BK$F04.A01EY
10.187,Bringebærmousse,Sukker og søte produkter,Sukker og søte produkter,763,184,70,13.5,8.4,0.4,1.3,3.8,1.4,0.4,3.2,0.3,2.7,0.4,0.3,0.1,0,0,0,0,0,0,0,0.1,0.1,33,12.1,0,12.1,9.3,9.3,2,2.6,0.1,0,127,133,120,80,0,0.7,0.01,0.1,0.2,0.7,0.02,13,0.2,8,45,0.2,21,102,11,0.2,1,0.06,60,5,A02PV#F02.A06AY$F02.A06BK$F04.A01EP
10.18,Chiapudding,Sukker og søte produkter,Sukker og søte produkter,414,100,79,5.9,0.9,0.1,0.1,0.5,0.2,0,0.6,0,0.6,3.7,0.9,2.8,0,0,0,0,0,0,0,2.8,0.9,1,4.3,0.6,3.6,1.1,1.1,6,4.4,0.1,0,4,4,4,3,0.2,0,0.08,0.08,0.6,1.5,0.03,12,0.3,0,164,1,38,165,52,0.9,2,0.24,168,6,A02PV#F02.A06AY$F02.A06BK$F04.A02LV$F04.A03TH$F04.A16FZ
5.291,"Eggekrem, vaniljekrem",Sukker og søte produkter,Sukker og søte produkter,464,110,76,2.5,0.9,0,0.1,0.6,0.2,0,0.8,0.1,0.8,0.4,0.3,0,0,0,0,0,0,0,0,0,0.4,55,15.9,4.3,11.7,8,8,0.3,5.8,0.1,0,32,32,32,3,0.6,0.9,0.04,0.17,0.1,1.5,0.04,11,0.6,0,116,0.4,56,173,9,0.5,4,0.02,130,22,A02PX#F04.A02LV$F04.A032J
10.002,"Fromasj, av pulver",Sukker og søte produkter,Sukker og søte produkter,815,195,64,10,6.1,0.3,0.9,2.8,1.1,0,2.5,0.1,2.3,0.4,0.3,0,0,0,0,0,0,0,0,0.1,0.3,0,21.9,0,21.9,21.2,21.2,0,4.3,0,0,0,0,0,0,0,0,0.05,0.18,0.1,0.8,0,0,0.6,0,130,0.1,0,0,0,0,0,0,0,13,A04NS#F02.A16FG$F28.A07MR
10.001,"Fruktsaus, av pulver",Sukker og søte produkter,Sukker og søte produkter,237,56,86,0,0,0,0,0,0,0,0,0,0,0,0,0,0,0,0,0,0,0,0,0,0,0,13.9,2.6,11.3,11.3,11.3,0,0,0,0,0,0,0,0,0,0,0,0,0,0,0,0,0,0,1,0,0,0,0,0,0,0,0,0,A046G#F28.A07MR
11.097,"Fruktstang, fruktgodteri",Sukker og søte produkter,Sukker og søte produkter,1380,327,25,6.9,0.5,0,0,0.4,0.1,0,3.3,0,3.2,1.8,1.4,0.4,0,0,0,0,0,0,0,0.4,1.4,0,62.5,6,56.5,0,47.1,3,2.1,0,0,1,2,0,15,0,1.3,0.04,0,4.8,5.2,0.16,7,0,0,27,0.6,15,640,37,0.4,0,0,76,0,A03RL#F02.A06FM
10.003,"Fruktsuppe, av pulver",Sukker og søte produkter,Sukker og søte produkter,226,53,86,0,0,0,0,0,0,0,0,0,0,0,0,0,0,0,0,0,0,0,0,0,0,0,12.7,6.4,6.2,6.2,6.2,0.9,0.1,0,0,7,13,0,80,0,0.2,0.01,0.01,0.1,0.1,0,0,0,0,7,0.5,0,0,2,0,0,0,0,0,A042A
10.004,"Gelé, av pulver",Sukker og søte produkter,Sukker og søte produkter,367,86,78,0,0,0,0,0,0,0,0,0,0,0,0,0,0,0,0,0,0,0,0,0,0,0,20,0,20,20,20,0,1.6,0,0,0,0,0,0,0,0,0,0,0,0.3,0,0,0,0,1,0,4,1,0,0,0,0.04,1,0,A036H
9.128,"Geléfrukt, Seigmenn",Sukker og søte produkter,Sukker og søte produkter,1242,292,27,0,0,0,0,0,0,0,0,0,0,0,0,0,0,0,0,0,0,0,0,0,0,0,65.5,12.6,52.9,52.9,52.9,0,7.6,0.1,0,0,0,0,0,0,0,0,0,0,1.3,0,0,0,0,4,0.2,34,16,2,0,0,0,12,0,A035L
9.174,Glukosesirup,Sukker og søte produkter,Sukker og søte produkter,1356,319,20,0,0,0,0,0,0,0,0,0,0,0,0,0,0,0,0,0,0,0,0,0,0,0,79.8,0,39.2,39,39,0,0,0,0,0,0,0,0,0,0,0,0,0,0,0,0,0,0,0,0,0,0,0,0,0,0,11,0,A033Z#F02.A06EG
9.003,Honning,Sukker og søte produkter,Sukker og søte produkter,1346,317,21,0,0,0,0,0,0,0,0,0,0,0,0,0,0,0,0,0,0,0,0,0,0,0,78.9,0,78.9,0,78.9,0,0.3,0,0,0,0,0,0,0,0,0,0.04,0.1,0.2,0.02,2,0,1,6,0.4,4,52,2,0.2,0,0.04,4,0,A033J
1.322,"Is, fruktis, mango",Sukker og søte produkter,Sukker og søte produkter,462,109,72,0,0,0,0,0,0,0,0,0,0,0,0,0,0,0,0,0,0,0,0,0,0,0,26.5,0,26.5,14.9,24.4,1,0,0,0,81,161,0,967,0,0.7,0.02,0.11,0.6,0.6,0.09,25,0,0,10,0.1,4,140,9,0.1,1,0.04,10,1,A036K#F02.A06ES$F04.A01LF$F04.A039M$F04.A03DK$F18.A07NL
10.21,"Is, plantebasert, sjokolade",Sukker og søte produkter,Sukker og søte produkter,861,206,60,10.1,4.9,1.4,0.6,0.8,1.6,0,2.9,0,2.8,1.1,0.8,0.3,0,0,0,0,0,0,0,0,0.3,0,26.3,2.5,23.8,21.9,21.9,2,1.6,0.1,0,0,0,0,0,0,1.3,0.02,0.06,0.2,0.5,0.04,4,0,0,8,2.7,39,180,44,0.3,0,0.16,38,0,A02QB#F02.A06AY$F02.A0ENY$F04.A000G$F04.A03TH$F04.A06VS$F18.A07NL
10.209,"Is, plantebasert, vanilje",Sukker og søte produkter,Sukker og søte produkter,837,201,66,12.9,6.6,2.1,0.9,0.9,2,0,3.8,0,3.8,1.7,1.2,0.4,0,0,0,0,0,0,0,0,0.3,0,19.8,1.6,18.2,18.2,18.2,0.7,1,0.1,0,3,5,0,33,0,1.5,0.01,0.05,0.1,0.3,0.03,3,0,0,2,0.1,43,33,4,0.1,0,0.03,22,0,A02QB#F02.A06AY$F02.A0ENY$F04.A000G$F04.A03TH$F04.A06VS$F18.A07NL
1.316,"Iskrem, fløte, krokan",Sukker og søte produkter,Sukker og søte produkter,724,173,66,7.4,4.7,0.2,0.8,2.2,1,0.1,1.8,0.1,1.5,0.2,0.1,0,0,0,0,0,0,0,0,0,0.3,16,23.4,0,23.4,21.1,21.1,0,3.1,0.1,0,55,59,50,55,0,0.3,0.03,0.23,0.2,0.9,0.09,7,0.3,0,100,0.1,47,200,14,0.3,1,0.02,94,21,A02QA#F02.A06AY$F02.A0ENY$F04.A02LT$F18.A07NL$F19.A07PR
1.333,"Iskrem, fløte, lakris",Sukker og søte produkter,Sukker og søte produkter,781,186,64,8.6,5,0.2,0.8,2.4,1,0.1,1.8,0.1,1.5,0.2,0.1,0,0,0,0,0,0,0,0,0,0.2,21,23.2,0,23.2,17.5,17.5,0,4.1,0.2,0,68,73,64,56,0,0.3,0.03,0.27,0.1,1.1,0.1,6,0.3,0,125,0.1,93,185,14,0.4,2,0.01,110,24,A02QA#F02.A06AY$F02.A0ENY$F04.A02LT
1.332,"Iskrem, fløte, med sjokoladekjeks og salt karamell",Sukker og søte produkter,Sukker og søte produkter,1040,249,54,12.9,7.4,0.4,1.3,3.7,1.2,0.2,3.1,0.3,2.7,0.7,0.5,0.1,0,0,0,0,0,0,0,0,0.5,60,28.4,2.6,25.8,24.5,24.5,0.9,4.3,0.5,0,126,132,120,72,0,0.5,0.03,0.29,0.2,1.2,0.07,11,0.2,0,110,0.8,180,190,19,0.6,4,0.07,120,22,A02QA#F02.A06AY$F02.A0ENY$F04.A009Z$F04.A02LT$F04.A06LR$F18.A07NL
1.318,"Iskrem, fløte, salt karamell, uten tilsatt sukker",Sukker og søte produkter,Sukker og søte produkter,478,116,72,5.6,3.6,0.3,0.5,1.5,1,0.1,1.2,0.1,1.1,0.1,0.1,0,0,0,0,0,0,0,0,0,0.3,9,6.4,0,6.4,0,0,13,3.5,0.2,0,82,132,31,607,0,0.2,0.03,0.19,0.1,0.9,0.05,8,0.3,0,120,0.1,73,210,14,0.4,1,0.01,100,22,A02QA#F02.A06AY$F02.A0ENY$F04.A02LT$F04.A06LR$F08.A033D$F08.A033F$F08.A033G$F08.A046R$F10.A077C$F10.A077K$F18.A07NL
1.319,"Iskrem, fløte, sjokolade, uten tilsatt sukker",Sukker og søte produkter,Sukker og søte produkter,490,119,71,5.6,3.4,0.1,0.4,1.5,1.1,0.1,1.2,0.1,1.1,0.1,0.1,0,0,0,0,0,0,0,0,0,0.3,10,6.2,0,6.2,0,0,13,4.4,0.1,0,31,33,29,27,0,0.2,0.04,0.2,0.2,1.2,0.05,11,0.2,0,130,1.7,49,370,33,0.6,2,0.16,130,24,A02QA#F02.A06AY$F02.A0ENY$F04.A02LT$F04.A06MF$F08.A033D$F08.A033F$F08.A046R$F10.A077C$F10.A077K$F18.A07NL
1.018,"Iskrem, fløte, vanilje",Sukker og søte produkter,Sukker og søte produkter,744,178,67,9.2,5.8,0.3,0.9,2.8,1.2,0.2,2.1,0.2,1.8,0.2,0.1,0,0,0,0,0,0,0,0,0,0.2,25,20,0.3,19.7,13.9,14,0,3.8,0.1,0,65,79,52,163,0,0.4,0.04,0.24,0.1,1,0.07,9,0.3,0,121,0.1,52,201,14,0.4,2,0.01,108,22,A02QA#F04.A06VS$F18.A07NL$F19.A07PR
1.325,"Iskrem, fløte, vanilje og sjokolade, uten tilsatt sukker",Sukker og søte produkter,Sukker og søte produkter,533,129,75,8.3,5.4,0.2,0.8,2.5,1.3,0.2,2,0.1,1.7,0.2,0.1,0,0,0,0,0,0,0,0,0,0.2,19,6.5,0,6.5,0,0,6,3.9,0.2,0,65,69,60,56,0,0.3,0.04,0.26,0.1,1,0.08,8,0.2,0,130,0.3,62,230,17,0.5,2,0.03,120,21,A02QA#F02.A06AY$F02.A0ENY$F04.A02LT$F04.A06MF$F04.A06VS$F10.A077K$F18.A07NL$F19.A07PR
1.342,"Iskrem, fløte, vanilje, 15 % fløte",Sukker og søte produkter,Sukker og søte produkter,603,144,71,5.6,3.7,0.2,0.6,1.8,0.8,0.1,1.2,0.1,1.1,0.1,0.1,0,0,0,0,0,0,0,0,0.1,0.2,15,20,0,20,13.2,13.2,0,3.4,0.1,0,50,53,47,40,0,0.5,0.04,0.26,0.1,0.9,0.07,9,0.4,0,115,0.1,52,210,14,0.3,2,0.01,104,20,A02QA#F02.A06AY$F02.A0ENY$F04.A02LT$F04.A06VS$F18.A07NL$F19.A07PR
1.343,"Iskrem, fløte, vanilje, > 25 % fløte",Sukker og søte produkter,Sukker og søte produkter,814,195,65,10.9,6.7,0.3,1.1,3.2,1.3,0.2,2.5,0.2,2.2,0.3,0.2,0.1,0,0,0,0,0,0,0,0,0.2,30,20.1,0.5,19.6,14.2,14.2,0.1,4,0.1,0,69,86,52,209,0,0.4,0.03,0.24,0.2,1.1,0.06,9,0.3,0,126,0.1,51,196,13,0.5,2,0.01,111,22,A02QA#F02.A06AY$F02.A0ENY$F04.A02LT$F04.A06VS$F18.A07NL$F19.A07PR
1.331,"Iskrem, fløte, vanilje, med cookiedeig",Sukker og søte produkter,Sukker og søte produkter,1059,254,53,13.7,7.7,0.5,1.3,3.8,1.3,0.2,3.3,0.3,2.9,0.9,0.7,0.1,0,0,0,0,0,0,0,0,0.6,64,27.9,4.7,23.2,21.9,21.9,0.7,4.3,0.2,0,107,113,100,78,0,0.5,0.03,0.28,0.2,1.2,0.07,11,0.2,0,100,0.7,69,170,14,0.5,3,0.05,100,16,A02QA#F02.A06AY$F02.A0ENY$F04.A02LT$F04.A0C6B$F18.A07NL
1.326,"Iskrem, fløte, vanilje, med oreokjeks",Sukker og søte produkter,Sukker og søte produkter,1008,241,54,11.5,5.9,0.2,0.8,3.2,1.1,0.2,3.6,0.1,3.3,0.8,0.6,0.1,0,0,0,0,0,0,0,0,0.4,17,29.6,6.6,23,18.4,18.4,1,4.1,0.3,0,53,56,49,46,0,1.1,0.03,0.25,0.2,1.2,0.09,7,0.3,0,110,0.7,100,220,20,0.5,2,0.07,110,19,A02QA#F02.A06AY$F02.A0ENY$F04.A009Z$F04.A02LT$F04.A06VS$F18.A07NL
1.315,"Iskrem, fløte, vanilje, uten tilsatt sukker",Sukker og søte produkter,Sukker og søte produkter,435,105,73,4.4,2.9,0.1,0.4,1.3,0.8,0.1,0.9,0.1,0.8,0.1,0.1,0,0,0,0,0,0,0,0,0.1,0.2,11,6.5,0,6.5,0,0,12,3.9,0.1,0,33,35,30,31,0,0.2,0.04,0.17,0.1,1,0.08,9,0.3,0,130,0,48,220,14,0.4,2,0.01,110,25,A02QA#F02.A06AY$F02.A0ENY$F04.A02LT$F04.A06VS$F08.A033F$F08.A046R$F10.A077K$F18.A07NL$F19.A07PR
1.244,"Iskrem, karamellfyll, med kjeks og sjokoladetrekk ",Sukker og søte produkter,Sukker og søte produkter,1349,323,43,18.9,12.3,1.6,1.3,4.4,3.7,0.2,4.7,0.2,4.5,0.6,0.5,0.1,0,0,0,0,0,0,0,0.1,0.4,18,34.4,7.3,27,23.7,23.7,0.6,3.5,0.5,0,68,70,64,41,0,0.2,0.05,0.13,0.2,0.9,0.03,3,0.3,0,79,0.2,206,134,13,0.4,1,0.04,96,8,A02QA#F02.A06AY$F02.A0ENY$F04.A009X$F04.A02LT$F04.A0EQD$F18.A07NZ
1.241,"Iskrem, med kjeks, krone-is med jordbær",Sukker og søte produkter,Sukker og søte produkter,1026,245,54,12.4,7.9,1.2,1.2,3,1.3,0.2,3,0.2,2.7,0.5,0.4,0,0,0,0,0,0,0,0,0,0.3,20,30.2,8.2,22,18,18,0.7,2.9,0.3,0,72,75,68,47,0,0.5,0.02,0.14,0.2,0.8,0.03,3,0.3,1,75,0.3,107,131,12,0.4,2,0.05,97,9,A02QA#F02.A06AY$F02.A0ENY$F04.A009X$F04.A01EA$F04.A02LT$F18.A07NK$F19.A07PR
1.24,"Iskrem, med kjeks, krone-is med sjokolade",Sukker og søte produkter,Sukker og søte produkter,1171,280,49,15.5,9.8,1.2,1.2,3.8,2.2,0.2,3.9,0.2,3.6,0.6,0.5,0.1,0,0,0,0,0,0,0,0.1,0.4,22,31.3,8.3,23,18.5,18.5,0.8,3.6,0.3,0,75,79,71,51,0,0.5,0.04,0.2,0.2,1,0.03,4,0.4,0,97,0.3,114,168,17,0.5,2,0.08,126,13,A02QA#F02.A06AY$F02.A0ENY$F04.A009X$F04.A02LT$F04.A034J$F18.A07NK$F19.A07PR
1.243,"Iskrem, pinneis, vaniljeis, med mørkt sjokoladetrekk",Sukker og søte produkter,Sukker og søte produkter,1710,411,35,30.5,17.9,4,2.5,5.2,4,0.3,8.2,0.3,7.8,2.2,1.7,0.5,0,0,0,0,0,0,0,0.5,1.6,26,30.4,0.4,29.9,24.9,0,0.5,3.6,0.5,0,90,93,86,46,0.2,1.4,0.05,0.19,0.1,0.9,0.04,4,0.4,0,136,0.4,192,225,21,0.6,2,0.08,126,15,A02QA#F02.A06AY$F02.A0ENY$F04.A02LT$F18.A07NZ$F28.A07HP
1.308,"Iskrem, vanilje, hjemmelaget",Sukker og søte produkter,Sukker og søte produkter,1477,356,47,28.6,16.5,0.7,2.4,7.7,2.9,0.7,7.5,0.7,6.5,1.4,1.1,0.1,0,0,0,0.1,0,0,0,0.2,0.9,196,20.8,0,20.8,18.9,18.9,0,3.9,0.1,0,299,311,288,141,1.3,2.1,0.03,0.2,0,0.9,0.05,23,1.1,0,71,0.8,31,18,2,0.6,9,0.02,142,39,A02QA#F02.A06AY$F02.A0ENY$F04.A02LT$F22.A07SS
10.199,Jordbærmousse,Sukker og søte produkter,Sukker og søte produkter,773,186,70,13.4,8.4,0.4,1.3,3.8,1.4,0.4,3.2,0.3,2.7,0.4,0.2,0.1,0,0,0,0,0,0,0,0.1,0.1,33,13.6,0,13.6,9.3,9.3,0.9,2.3,0.1,0,127,133,120,83,0,0.3,0.01,0.1,0.2,0.7,0.03,22,0.2,31,47,0.2,21,107,8,0.1,1,0.05,53,5,A02PV#F02.A06AY$F02.A06BK$F04.A01EA
9.175,Kakaobønner,Sukker og søte produkter,Sukker og søte produkter,2490,605,0,51.9,26.5,0,0,12.2,13.7,0,13.6,0.1,13.5,1.4,1.3,0.1,0,0,0,0,0,0,0,0.1,1.3,0,4.6,4.1,0.5,0,0,35,12.6,0,0,2,3,0,22,1.2,0.6,0.26,0.08,1.4,3.5,0.08,20,0,0,79,2.4,0,800,280,4.1,18,2.03,450,0,A0CZM#F27.A0CZM
1.112,"Kakekrem, romsmak, kjøpt",Sukker og søte produkter,Sukker og søte produkter,636,152,73,8.9,5.6,0.3,0.9,2.5,0.9,0.3,2.1,0.2,1.8,0.2,0.1,0,0,0,0,0,0,0,0,0,0,22,15,3.8,11.2,7.5,7.5,0.1,3,0.1,0,118,118,118,5,0,0.2,0.04,0.13,0.1,0.8,0.03,4,0.4,0,105,0.1,40,145,10,0.4,2,0.02,91,13,A02PX#F04.A02LY$F04.A02ML$F04.A06TD$F18.A07NX$F19.A07PM
9.013,Karamell,Sukker og søte produkter,Sukker og søte produkter,1568,376,34,22,6.6,0,0.5,5.2,0.8,0,4.3,0.3,4,9.7,9.6,0.1,0,0,0,0,0,0,0,0.1,9.6,13,42.9,0,42.9,39.6,39.6,0,1.5,0.8,0,0,0,0,0,0,0,0,0,0,0.3,0,0,0,0,95,1.5,320,210,25,0.3,1,0.4,64,12,A034Z#F02.A0ENF$F04.A0BY6$F28.A07HJ
9.125,"Karamell, med sjokoladetrekk",Sukker og søte produkter,Sukker og søte produkter,1902,455,16,23.6,13.8,0.3,0.9,6.5,5.4,0.1,7.5,0,2.1,1.1,0.2,0,0,0,0,0,0,0,0,0,0.2,13,56,0,56,53,53,0.7,4.2,0.4,0,91,92,90,15,0,1.5,0.02,0.3,0.2,0.9,0,4,0,0,154,1.3,160,297,37,0.8,2,0.17,156,19,A034Q#F04.A035A
10.174,"Karamellpudding, hjemmelaget",Sukker og søte produkter,Sukker og søte produkter,854,205,66,13.6,7.4,0.3,1,3.6,1.3,0.3,3.7,0.3,3.2,0.9,0.7,0.1,0,0,0,0.1,0,0,0,0.1,0.6,123,14.8,0,14.8,11.8,11.8,0,6,0.2,0,136,141,131,60,0.8,1.6,0.02,0.21,0,1.5,0.03,11,0.7,0,98,0.6,71,126,9,0.6,7,0.03,138,28,A02PV#F02.A06AY$F02.A06BK$F04.A02LV$F04.A02ML$F04.A031G$F04.A032J$F22.A07SS$F28.A07GY$F28.A07HJ
1.078,"Karamellpudding, kjøpt",Sukker og søte produkter,Sukker og søte produkter,541,129,75,5.8,3.7,0.2,0.6,1.6,0.6,0.2,1.4,0.1,1.2,0.1,0.1,0,0,0,0,0,0,0,0,0,0,14,16,2,14,10.1,10.1,0.4,3,0.2,0,75,75,74,9,0,0.1,0.04,0.13,0.1,0.8,0.03,3,0.4,0,109,0.1,60,146,11,0.4,2,0.02,95,14,A02PV#F04.A02LY$F04.A02ML$F04.A031G$F04.A032J$F28.A07GY$F28.A07HJ
12.01,Karamellsaus,Sukker og søte produkter,Sukker og søte produkter,1190,280,30,0,0,0,0,0,0,0,0,0,0,0,0,0,0,0,0,0,0,0,0,0,0,0,70,0,70,70,70,0,0,0,0,0,0,0,0,0,0,0,0,0,0,0,0,0,0,0,0,0,0,0,0,0,0,0,0,A046J
10.201,Key lime-pai,Sukker og søte produkter,Sukker og søte produkter,1777,425,23,23.8,12.8,0.5,1.6,6.5,2.4,0.3,7.1,0.4,6.4,1.8,1.5,0.2,0,0,0,0,0,0,0,0.2,1.4,118,44.9,12.7,32.2,29.3,29.3,1,7.2,0.8,0,161,166,155,68,2.2,2.5,0.06,0.24,0.7,2.1,0.08,10,0.6,4,161,0.9,301,252,22,1,13,0.06,201,33,A00BV#F02.A06DR$F04.A01CA$F04.A02PG$F28.A07GX
9.111,Kokosbolle,Sukker og søte produkter,Sukker og søte produkter,1580,376,24,14.8,11.8,4.6,1.8,2,1.9,0,2.1,0,2.1,0.3,0.3,0,0,0,0,0,0,0,0,0,0.3,1,55,0.2,54.8,51.7,51.7,2,4.9,0.1,0,1,1,1,5,0,0.5,0.03,0.08,0.3,1.2,0.02,3,0.1,0,17,1.1,43,176,34,0.4,1,0.27,57,2,A035H#F04.A034G
9.03,"Lakris, søt",Sukker og søte produkter,Sukker og søte produkter,1383,326,18,0.2,0.1,0,0,0,0,0,0.1,0,0,0.3,0.2,0,0,0,0,0,0,0,0,0,0.2,0,75.3,23.3,52,52,52,1,5.1,1.4,0,0,0,0,0,0,0.1,0,0.02,0.1,1,0.04,7,0,1,36,1.3,540,63,21,0.1,0,0.05,15,0,A035J
9.113,Lakriskonfekt,Sukker og søte produkter,Sukker og søte produkter,1636,387,9,5.2,3.6,2.3,0.9,0.5,0.2,0.6,0.7,0,0.4,0.2,0.1,0,0,0,0,0,0,0,0,0,0.1,0,78.8,8.5,70.3,69.2,69.2,1,5.6,0.1,0,0,0,0,0,0,0,0,0,0,0.9,0,0,0,0,170,7.3,57,600,76,0.5,1,0.34,44,0,A035J
9.13,"Marsipan, 30 % mandler",Sukker og søte produkter,Sukker og søte produkter,1684,400,13,11.6,0.9,0,0,0.7,0.1,0,7.4,0.1,7.3,2.7,2.7,0,0,0,0,0,0,0,0,0,2.7,0,68.2,0.2,68,67,67,2,4.7,0,0,0,0,0,1,0,5.2,0.04,0.09,0.8,1.6,0.03,11,0,0,52,0.7,4,146,59,0.7,1,0.23,106,0,A034Y#F02.A0ENF$F04.A035P
9.016,"Marsipan, 50 % mandler",Sukker og søte produkter,Sukker og søte produkter,1790,430,23,26.3,2,0,0,1.6,0.3,0,16.8,0.1,16.6,6.2,6.2,0,0,0,0,0,0,0,0,0,6.2,0,34.9,0.5,34.4,32.1,32.1,5,10.7,0,0,0,0,0,2,0,11.9,0.1,0.21,1.8,3.5,0.06,25,0,0,119,1.6,10,331,134,1.5,2,0.52,242,1,A034Y#F02.A0ENF$F04.A035P
9.101,"Marsipanbrød, med sjokoladetrekk",Sukker og søte produkter,Sukker og søte produkter,2148,515,7,29.5,7.4,0,0.1,3.6,2.9,0,15.5,0.1,14.7,5.3,5,0,0,0,0,0,0,0,0,0,5,0,52,2.2,49.8,48.2,48.2,3,9,0,0,2,3,0,23,0,8.4,0.09,0.3,1.3,2.8,0.05,21,0,0,87,1.5,7,280,99,1.2,1,0.38,195,0,A034Q#F04.A034Y
9.004,Melis,Sukker og søte produkter,Sukker og søte produkter,1700,400,0,0,0,0,0,0,0,0,0,0,0,0,0,0,0,0,0,0,0,0,0,0,0,0,100,0,100,100,100,0,0,0,0,0,0,0,0,0,0,0,0,0,0,0,0,0,0,0,0,0,2,0,0,0,0.01,0,0,A032J#F02.A0EPY$F10.A07XK$F28.A0BZT$F28.A0C04
5.299,Melisglasur,Sukker og søte produkter,Sukker og søte produkter,1454,342,15,0,0,0,0,0,0,0,0,0,0,0,0,0,0,0,0,0,0,0,0,0,0,0,85.5,0,85.5,85.5,85.5,0,0,0,0,0,0,0,0,0,0,0,0,0,0,0,0,0,1,0,0,0,4,0,0,0,0.01,0,0,A046F#F04.A032R$F04.A03DL
9.008,"Melkepålegg, med sukker, Hapå",Sukker og søte produkter,Sukker og søte produkter,1267,300,31,4.9,3.2,0.2,0.5,1.3,0.5,0,1.1,0.1,0.9,0.1,0.1,0,0,0,0,0,0,0,0,0,0.1,20,56.5,0,56.5,46.6,46.6,0,7.5,0.5,0,62,65,59,38,0,0,0.08,0.29,0,1.8,0.08,3,1.2,0,280,0,194,354,27,0.8,6,0.04,236,11,A065H#F02.A0DSP$F03.A06JK$F04.A02LV$F18.A07NN$F19.A07PF$F28.A07HJ
9.178,"Melkesjokolade, småsjokolader, med peanøtter",Sukker og søte produkter,Sukker og søte produkter,2138,511,2,25.3,9.3,0,0,4.6,4.3,0,11.3,0.1,11.1,5.1,5,0.1,0,0,0,0,0,0,0,0.1,5,9,59.1,5.5,53.6,0,0,4,9.8,0.1,0,36,36,36,5,0,1.4,0.1,0.18,3.3,4.9,0.1,30,0,0,130,1.6,36,364,69,1.1,1,0.42,126,8,A034R#F02.A06EL$F04.A015H$F04.A036N$F04.A03HF$F28.A07HP
10.14,Multekrem,Sukker og søte produkter,Sukker og søte produkter,1098,266,63,23.9,14.9,0.7,2.4,6.7,2.5,0.7,5.7,0.5,4.8,0.7,0.4,0.2,0,0,0,0,0,0,0,0.2,0.2,58,10.2,0,10.2,7,7,2,1.7,0,0,227,241,212,179,0,0.9,0.01,0.13,0.1,0.5,0.02,14,0.3,28,53,0.1,19,64,9,0.2,1,0.02,69,6,A02PV#F02.A06AY$F02.A06BK$F04.A01EM$F04.A02ML$F04.A032J
10.005,"Nypesuppe, av pulver",Sukker og søte produkter,Sukker og søte produkter,172,41,90,0,0,0,0,0,0,0,0,0,0,0,0,0,0,0,0,0,0,0,0,0,0,0,9.7,0,9.7,9.7,9.7,0.7,0.1,0,0,7,13,0,79,0,0,0,0.03,0,0.1,0,0,0,26,21,0.2,4,64,5,0,0,0,5,0,A042A#F04.A0CFR$F28.A07MR
9.009,"Nøttepålegg, Nugatti",Sukker og søte produkter,Sukker og søte produkter,2195,525,3,28.1,3.4,0.6,0.4,4.9,1.8,0,22.1,0.1,12.7,2.4,4.5,0.2,0,0,0,0,0,0,0,0.3,4.5,5,62.1,0.7,61.4,54.6,54.6,2,4.9,0.1,0,0,0,0,0,0,5.4,0.07,0,0.4,1.2,0.07,17,0.3,0,120,1.5,54,468,55,0.8,0,0.37,164,0,A0C6P#F02.A06EL$F04.A014L$F04.A032J$F04.A036N$F04.A03HF
9.131,"Nøttepålegg, med mindre sukker, Nugatti",Sukker og søte produkter,Sukker og søte produkter,2076,500,7,32,3.7,0,0,2.1,1.2,0,10.4,0,10.3,14.9,14.7,0.2,0,0,0,0,0,0,0,0.3,14.7,2,38.8,2.9,35.9,23.8,23.8,16,6.2,0.4,0,2,2,2,3,0,16,0.1,0.44,0.2,1.4,0.11,10,0.5,1,178,0.9,169,519,54,1.6,5,0.27,271,18,A0C6P#F02.A06EL$F04.A014L$F04.A036N$F04.A03HF$F10.A077M$F18.A07NL$F19.A07PR
10.141,Panna cotta,Sukker og søte produkter,Sukker og søte produkter,1490,360,48,30.5,19.3,0.9,3,8.6,3.2,0.9,7.3,0.7,6.2,0.7,0.4,0.1,0,0,0,0,0,0,0,0.1,0.1,75,18.8,0,18.8,16.4,16.4,0,2.5,0.1,0,290,304,275,179,0,0,0,0.16,0,0.5,0,0,0.3,0,63,0,27,0,0,0,2,0.02,75,8,A02PV
9.021,Pastiller,Sukker og søte produkter,Sukker og søte produkter,1091,257,38,1.6,0.2,0,0,0.2,0.1,0,0.4,0,0,0.9,0.8,0.1,0,0,0,0,0,0,0,0.1,0.8,0,60,3.1,56.9,56.9,56.9,0,0.7,0.1,0,0,0,0,0,0,0,0,0,0,0.1,0,0,0,0,28,0.4,33,28,6,0,0,0.04,4,0,A035K
9.124,"Pastiller, uten sukker",Sukker og søte produkter,Sukker og søte produkter,194,48,77,0.1,0,0,0,0,0,0,0,0,0,0.1,0.1,0,0,0,0,0,0,0,0,0,0.1,0,0,0,0,0,0,22,0.8,0,0,0,0,0,0,0,0,0,0,0,0.1,0,0,0,0,0,0,1,0,0,0,0,0,0,0,A035K#F08.A046M$F10.A077K
1.131,"Pudding, mandelsmak, kjøpt",Sukker og søte produkter,Sukker og søte produkter,441,105,78,3.1,2,0.1,0.3,0.9,0.3,0.1,0.7,0.1,0.6,0.1,0,0,0,0,0,0,0,0,0,0,0,8,16,2,14,9.7,9.7,0.4,3,0.2,0,36,36,35,6,0,0.1,0.04,0.13,0.1,0.8,0.03,3,0.3,0,114,0.1,60,154,11,0.4,2,0.02,101,14,A02PV#F04.A002R$F04.A032J$F04.A06JX
10.154,Rabarbragrøt,Sukker og søte produkter,Sukker og søte produkter,330,78,80,0.1,0,0,0,0,0,0,0,0,0,0,0,0,0,0,0,0,0,0,0,0,0,0,18.2,1.9,16.2,15.6,15.6,2,0.3,0,0,2,3,0,23,0,0.1,0.01,0.01,0.1,0.2,0.01,2,0,2,35,0.1,1,61,3,0,0,0.01,7,0,A01PD#F02.A0ERS$F04.A00SD$F04.A032J$F28.A0BA1
9.161,Rabarbrasuppe,Sukker og søte produkter,Sukker og søte produkter,292,69,82,0.1,0,0,0,0,0,0,0,0,0,0,0,0,0,0,0,0,0,0,0,0,0,0,16.4,1.1,15.3,14.9,14.9,1,0.2,0,0,1,2,0,15,0,0.1,0,0.01,0.1,0.1,0,1,0,1,23,0,1,41,2,0,0,0.01,4,0,A042A#F02.A06GY$F04.A00SD$F04.A032J$F04.A04RK$F10.A07VP
9.169,"Risboller, av puffet ris og sjokolade",Sukker og søte produkter,Sukker og søte produkter,2087,501,15,32.6,27,11.4,4.7,4.3,2.8,0,4,0.1,4.2,1,0.9,0,0,0,0,0,0,0,0,0.1,0.9,42,47.5,10.7,36.8,34.5,34.5,1,3.9,0.2,0,22,22,21,8,0.3,2.8,0.04,0.09,0.3,1.1,0.03,8,0.3,0,38,1,67,125,24,0.7,3,0.27,91,10,A034S#F02.A06EL$F04.A00DR$F04.A036N$F04.A03HF
10.142,Riskrem,Sukker og søte produkter,Sukker og søte produkter,698,167,72,11.2,7,0.3,1.1,3.2,1.2,0.3,2.7,0.2,2.3,0.3,0.2,0.1,0,0,0,0,0,0,0,0.1,0.1,27,13.9,6.7,7.2,4.2,4.2,0.1,2.8,0.9,0,103,108,98,65,0.1,0,0.02,0.12,0.1,0.7,0.02,2,0.4,0,85,0,349,90,7,0.3,1,0.02,87,11,A02PV#F04.A00ER
1.184,Rislunsj med jordbær,Sukker og søte produkter,Sukker og søte produkter,584,139,72,5.4,3.4,0.2,0.5,1.5,0.6,0.2,1.3,0.1,1.1,0.1,0.1,0,0,0,0,0,0,0,0,0,0,13,19.5,7.5,12,8.2,8.2,0.2,3,0.2,0,26,28,23,32,0,0.1,0.03,0.11,0.1,0.6,0.02,2,0.3,0,89,0,80,103,7,0.3,1,0,60,13,A041E#F04.A01MN$F18.A07NL$F19.A07PR$F22.A07SH
9.114,Saftis,Sukker og søte produkter,Sukker og søte produkter,312,73,82,0,0,0,0,0,0,0,0,0,0,0,0,0,0,0,0,0,0,0,0,0,0,0,18.3,0,18.3,15.6,18.3,0,0,0,0,0,0,0,0,0,0,0,0.01,0,0,0.01,0,0,0,3,0.1,1,15,1,0,0,0,2,0,A03GE#F28.A07KQ
9.115,"Saftis, med fruktjuice",Sukker og søte produkter,Sukker og søte produkter,532,126,72,3.2,2.7,1.4,0.6,0.3,0.1,0,0.2,0,0.2,0,0,0,0,0,0,0,0,0,0,0,0,0,23.9,0.1,23.8,23.4,23.8,0.3,0.3,0,0,0,0,0,2,0,0,0.01,0,0,0.1,0,2,0,1,2,0.1,4,44,6,0.1,0,0.04,8,0,A03GE#F02.A0F0Q$F28.A07KF$F28.A07KQ
9.015,Sirup,Sukker og søte produkter,Sukker og søte produkter,1261,297,26,0,0,0,0,0,0,0,0,0,0,0,0,0,0,0,0,0,0,0,0,0,0,0,74.1,0,74.1,74.1,74.1,0,0.1,0.1,0,0,0,0,0,0,0,0,0.01,0,0,0,0,0,0,74,0.3,50,220,34,0.1,1,0.24,2,0,A033Z
9.162,Sitronfromasj,Sukker og søte produkter,Sukker og søte produkter,1219,293,54,21.6,12.5,0.6,1.8,5.8,2.2,0.5,5.7,0.5,4.9,1.1,0.8,0.1,0,0,0,0.1,0,0,0,0.1,0.7,146,18.2,0,18.2,16.5,16.7,0.1,6.4,0.2,0,218,227,209,108,0.8,1.6,0.03,0.2,0,1.5,0.04,13,0.6,4,57,0.6,64,59,5,0.4,8,0.06,111,24,A02PV#F02.A06AY$F02.A06BK$F02.A16FG$F04.A01BY
9.157,"Sjokolade, Mars",Sukker og søte produkter,Sukker og søte produkter,1780,424,13,15.3,7.3,0,0.3,3.6,3,0.1,6.4,0,6.2,0.8,0.8,0,0,0,0,0,0,0,0,0,0.8,10,66.6,3.3,63.3,38.7,38.7,2,4.1,0.4,0,34,35,33,15,0.1,2,0.17,0.2,0.4,1.1,0.03,5,0,0,118,1.7,174,269,35,0.6,1,0.18,125,19,A034S
9.158,"Sjokolade, Milky Way",Sukker og søte produkter,Sukker og søte produkter,1955,465,3,15.7,7.7,0.1,0.3,3.3,3.4,0.1,6.4,0.1,6.2,0.7,0.7,0,0,0,0,0,0,0,0,0.1,0.7,9,76.6,6.9,69.7,47.1,47.1,1,3.8,0.6,0,24,24,24,0,0.2,2,0.18,0.21,0.4,1,0.03,5,0,0,117,2,220,240,25,0.5,1,0.13,114,38,A034S
9.159,"Sjokolade, Snickers",Sukker og søte produkter,Sukker og søte produkter,2080,498,9,28.2,9.2,0.1,0.2,4.6,3.2,0,15.6,0,15.1,2.1,2,0.1,0,0,0,0,0,0,0,0.1,2,4,52.2,6.1,46.1,30.3,30.3,3,7.5,0.5,0,11,11,10,7,1.5,4.3,0.12,0.16,2.1,3.4,0.04,11,0,0,101,1.9,187,388,80,1.4,6,0.35,210,19,A034Q#F04.A015H$F04.A035A
9.103,"Sjokolade, fylt, konfekt",Sukker og søte produkter,Sukker og søte produkter,2036,487,7,24.3,12.3,0.7,0.4,5,5.6,1.1,8.2,0.1,8.2,1.5,1.4,0.1,0,0,0,0,0,0,0,0.1,1.4,7,60.2,4.5,55.7,52,52,3,5.2,0.3,0,8,9,7,16,0,2.1,0.08,0.3,0.7,1.6,0.05,10,0.2,0,101,1.3,100,286,60,1,0,0.4,168,3,A034S
9.134,"Sjokolade, hvit",Sukker og søte produkter,Sukker og søte produkter,2273,544,3,31.2,19.5,0.1,0.4,7.7,10.4,0.1,9.4,0.1,9.3,0.9,0.9,0.1,0,0,0,0,0,0,0,0.1,0.9,17,60.7,0.5,60.2,50,50,0,5.1,0.2,0,49,51,47,24,3.1,0.7,0.05,0.33,0.3,1.2,0.07,13,0.5,1,160,0.1,70,290,20,0.6,0,0.01,260,3,A034P
9.104,"Sjokolade, kokesjokolade, lys",Sukker og søte produkter,Sukker og søte produkter,2200,527,4,29.5,17.7,0.1,0.5,7.4,8.8,0.1,9.1,0.1,8.8,1.1,1,0.1,0,0,0,0,0,0,0,0.1,1,14,56.7,1.1,55.6,48.6,48.6,3,7,0.1,0,27,30,24,36,0,0.6,0.14,0.07,0.6,1.8,0.05,8,0.6,0,151,3.1,53,415,76,1.3,0,0.49,244,3,A034J
9.019,"Sjokolade, kokesjokolade, mørk",Sukker og søte produkter,Sukker og søte produkter,2133,511,4,27.6,16.4,0.1,0.3,6.6,8.5,0.1,8.6,0.1,8.3,1.1,1,0.1,0,0,0,0,0,0,0,0.1,1.1,7,56.8,1.2,55.6,42.3,42.3,5,6.2,0,0,7,9,5,27,0,0.6,0.15,0.11,0.7,1.7,0.04,12,0.3,0,73,4.7,16,405,116,1.8,0,0.92,200,3,A034H#F10.A077J
9.117,"Sjokolade, med gelé og marsipan, Troika",Sukker og søte produkter,Sukker og søte produkter,1866,445,9,17.8,8.4,0,0.1,4.9,3.3,0.1,6.8,0.1,6.7,1.5,1.5,0,0,0,0,0,0,0,0,0,1.5,2,65.6,7,58.6,55,55,4,3.7,0.1,0,0,0,0,0,0,1.9,0.05,0.19,0.5,1.1,0.02,7,0.2,0,56,2.2,29,178,49,0.7,0,0.34,118,3,A034Q#F04.A034Y$F04.A035D$F04.A16FC
9.102,"Sjokolade, med kjeks",Sukker og søte produkter,Sukker og søte produkter,2207,529,4,30.4,16.4,0.1,0.5,7.2,7.5,0.1,10.3,0.1,10,2.2,1.9,0.1,0,0,0,0,0,0,0,0.2,1.9,15,54.2,9.1,45.1,39.8,39.8,3,7.8,0.3,0,20,22,17,35,0,1.3,0.12,0.44,0.6,1.9,0.05,12,0.4,0,175,1.2,120,492,72,1.5,0,0.45,271,28,A034J#F02.A06EK$F04.A009X$F04.A02PJ$F04.A037R$F04.A03HJ$F28.A0CRJ
9.156,"Sjokolade, med kokosfyll, Bounty",Sukker og søte produkter,Sukker og søte produkter,1999,479,10,25.7,19.5,5.6,2.3,4.8,4.6,0,4.3,0.1,4.3,0.6,0.5,0,0,0,0,0,0,0,0,0,0.5,7,56.1,9.9,46.2,41.7,41.7,4,3.6,0.2,0,20,20,19,8,0.6,0.2,0.02,0.12,0.4,1,0.06,13,0.2,0,79,1.6,82,316,47,0.8,5,0,125,13,A034Q#F04.A014K
9.154,"Sjokolade, med mandelkrokan, Daim",Sukker og søte produkter,Sukker og søte produkter,2257,540,3,31.1,15.9,0.8,0.9,7.5,5.5,0.3,11.6,0.1,11.2,2.3,1.9,0.3,0,0,0,0,0,0,0,0.3,1.9,22,60.1,8.6,51.5,40.7,40.7,2,4.1,0.8,0,61,60,60,5,0.1,3.1,0.03,0.21,0.3,1,0.03,15,0.2,0,57,1,321,174,27,0.6,1,0,110,21,A034Q#F04.A014F
9.155,"Sjokolade, med mintfyll, After Eight",Sukker og søte produkter,Sukker og søte produkter,1772,423,12,16.3,9.8,0,0.1,4,5.4,0,5.1,0,5,0.5,0.5,0,0,0,0,0,0,0,0,0,0.5,3,62.9,0,62.9,54.1,54.1,5,3.7,0,0,75,76,74,15,0,1.5,0.16,0.01,0.5,0.9,0.35,1,0,0,49,0.7,6,389,0,0.6,3,0.06,104,8,A034S#F04.A06RD
9.183,"Sjokolade, med nougat, Toblerone",Sukker og søte produkter,Sukker og søte produkter,2223,532,2,29,17.4,0.2,0.8,7.4,7.9,0,8.9,0,8.5,1.1,1,0.1,0,0,0,0,0,0,0,0.1,1,25,60.5,0.4,60.1,0,0,3,5.8,0.1,0,58,61,56,32,0,0.8,0.07,0.21,0.1,1.1,0.07,19,0.4,0,150,2.3,45,260,50,1,0,0.28,160,0,A034J#F02.A06EK$F04.A02PJ$F04.A035D$F04.A037R$F04.A03HJ$F28.A0CRJ
9.018,"Sjokolade, med nøtter",Sukker og søte produkter,Sukker og søte produkter,1966,470,11,24.3,11.2,0.1,0.5,6.4,7.2,0.1,10.5,0.1,6.9,1.2,0.8,0.1,0,0,0,0,0,0,0.1,0.2,0.8,16,51.9,0.9,51,44,44,4,9.1,0.2,0,16,19,13,36,0,3.6,0.15,0.45,0.6,2.1,0.01,24,0.5,0,224,2.1,65,451,87,1.6,0,0.57,312,3,A034J#F04.A0CFF
9.177,"Sjokolade, med toffeefyll",Sukker og søte produkter,Sukker og søte produkter,1858,444,17,23.4,14.7,0.6,0.5,6.4,6.6,0,6.8,0.1,6.7,0.8,0.8,0,0,0,0,0,0,0,0,0,0.8,8,52.8,3,49.8,44,44,2,4.5,0.3,0,20,20,19,11,0.8,0.6,0.04,0.17,0.3,1.1,0.03,14,0.3,0,99,2.7,100,270,34,0.7,0,0.24,120,2,A034Q#F02.A06EL$F04.A035A$F04.A036N$F04.A03HF
9.017,"Sjokolade, melkesjokolade",Sukker og søte produkter,Sukker og søte produkter,2256,541,4,32.3,19.9,0.2,0.7,8.5,9.5,0.2,9.4,0.1,9.2,1.3,1.1,0.1,0,0,0,0,0,0,0.1,0.2,1.1,21,53.1,0.7,52.4,45,45,3,8.1,0.2,0,26,29,22,45,0,0.6,0.15,0.59,0.5,1.9,0.05,11,0.6,0,231,0.9,72,444,65,1.3,0,0.38,321,38,A034J
9.116,"Sjokolade, melkesjokolade, porøs",Sukker og søte produkter,Sukker og søte produkter,2177,522,6,30.3,16.2,0.9,0.6,6.2,7,0.1,11.2,0.1,10.3,1.3,1.8,0.1,0,0,0,0,0,0,0,0.1,1.8,18,51.8,0.7,51.1,44,44,3,9.1,0.3,0,19,20,18,17,0,0.5,0.12,0.54,0.4,1.9,0.09,18,0.6,0,277,2.1,121,508,61,1.4,0,0.28,363,3,A034J
9.133,"Sjokolade, mørk, 70 % kakao",Sukker og søte produkter,Sukker og søte produkter,2395,578,5,43.9,27,0,0.1,11,15.4,0,13.9,0.1,13.9,1,1,0.1,0,0,0,0,0,0,0,0.1,1,3,31.9,3.7,28.2,28,28,11,8.4,0,0,1,3,0,18,3.7,0.8,0.12,0.09,0.8,2.2,0.07,15,0.3,0,51,9.4,5,560,170,2.6,0,1.37,230,0,A034G
9.176,"Sjokolade, mørk, 85 % kakao",Sukker og søte produkter,Sukker og søte produkter,2429,588,7,48.6,30.1,0,0,11.7,17.7,0,15.4,0.1,15.3,1,0.9,0.1,0,0,0,0,0,0,0,0.1,0.9,2,19.5,4.6,14.9,15,15,14,11.1,0,0,1,2,0,17,4.8,0.7,0.14,0.13,1.1,3,0.14,20,0.3,0,63,16.5,0,710,220,3.4,0,1.9,290,0,A034G#F02.A06EK$F04.A037R$F04.A03HJ$F10.A0F2Y$F28.A0CRJ
9.105,"Sjokolade, småsjokolader",Sukker og søte produkter,Sukker og søte produkter,1918,458,13,22.4,14.3,1.7,1,5.3,5.9,0.3,6.2,0.1,6,0.7,0.7,0,0,0,0,0,0,0,0,0,0.7,13,56.7,2.7,54,47,47,2,6.5,0.2,0,11,12,10,17,0,0.6,0.09,0.46,0.4,1.5,0.05,7,0.6,0,175,2.2,84,365,56,1,0,0.29,195,3,A034J
10.143,Sjokoladefondant,Sukker og søte produkter,Sukker og søte produkter,1683,404,29,24.7,14,0.5,1.6,6.4,3.6,0.5,6.9,0.5,6.2,1.4,1.1,0.1,0,0,0,0.1,0,0,0,0.1,1.1,160,36.7,7.9,28.8,25.9,25.9,2,7.8,0.3,0,176,183,170,80,2.8,2.4,0.08,0.16,0.3,2,0.06,16,0.6,0,41,1.8,139,162,32,1,9,0.23,137,28,A04NS#F04.A003Y$F04.A031G$F04.A032J$F04.A039C$F04.A0EQD
5.292,Sjokoladeglasur,Sukker og søte produkter,Sukker og søte produkter,1606,382,18,11.8,7,0.1,0.1,2.8,3.6,0,3.7,0,3.5,0.5,0.4,0,0,0,0,0,0,0,0,0,0.5,3,65.2,0.5,64.6,59,59,2,2.6,0,0,3,4,2,12,0,0.3,0.06,0.04,0.3,0.7,0.02,5,0.1,0,31,2,7,174,50,0.8,0,0.4,85,1,A046H
10.144,Sjokolademousse,Sukker og søte produkter,Sukker og søte produkter,1489,358,40,24.3,14,0.4,1.4,6.3,4.2,0.4,6.9,0.4,6.3,1.2,1,0.1,0,0,0,0.1,0,0,0,0.1,0.9,123,28.1,0.4,27.7,22.4,22.4,2,5.8,0.1,0,168,175,162,82,0.8,1.6,0.07,0.19,0.2,1.5,0.05,19,0.8,0,64,2,51,164,40,1,7,0.31,151,26,A02PV#F02.A06AY$F02.A06BK$F04.A02ML$F04.A031G$F04.A032J$F04.A0EQD
10.006,"Sjokoladepudding, av pulver",Sukker og søte produkter,Sukker og søte produkter,363,86,80,0.7,0.4,0,0.1,0.2,0.1,0,0.1,0,0.1,0,0,0,0,0,0,0,0,0,0,0,0,1,16.6,0.6,16,12,12,0,3.2,0.1,0,5,4,4,4,0.3,0,0.02,0.13,0.1,0.8,0.02,2,0.5,0,119,0,40,156,6,0.2,1,0,101,14,A02PV#F04.A02ML$F04.A032J$F04.A06MF
1.02,"Sjokoladepudding, kjøpt",Sukker og søte produkter,Sukker og søte produkter,471,112,75,2.8,1.8,0.1,0.3,0.8,0.3,0.1,0.7,0.1,0.6,0.1,0,0,0,0,0,0,0,0,0,0,0,7,17.7,1.6,16.1,13,13,1,3.4,0.1,0,35,36,34,16,0,0.1,0.05,0.13,0.1,0.9,0.04,5,0.2,0,108,1,40,230,21,0.5,2,0.03,109,13,A02PV#F02.A06AY$F02.A06BK$F04.A02ML$F04.A032J$F04.A06MF
9.01,"Sjokoladepålegg, Sjokade",Sukker og søte produkter,Sukker og søte produkter,1563,376,21,19.1,15.6,7.7,3.1,1.7,0.8,0,1.8,0,1.8,0.6,0.5,0.1,0,0,0,0,0,0,0,0.1,0.5,0,40.7,0.5,40.2,40.1,40.1,18,1.1,0.1,0,0,0,0,2,0,0.3,0,0.01,0.1,0.3,0,2,0,0,5,0.5,25,175,26,0.5,0,0.18,35,0,A0C6P#F02.A06EL$F04.A036N$F04.A03HF$F18.A07NL$F19.A07PR
12.011,"Sjokoladesaus, kjøpt",Sukker og søte produkter,Sukker og søte produkter,1137,268,35,1.2,0.6,0,0,0.2,0.3,0,0.5,0,0.3,0.1,0,0,0,0,0,0,0,0,0,0,0,0,62,2.4,59.6,59.6,59.6,0,2.3,0.3,0,0,0,0,0,0,0,0,0,0,0.4,0,0,0,0,23,2.1,103,668,100,1.3,0,0.09,126,0,A046J
9.18,Sjokoladetrøfler,Sukker og søte produkter,Sukker og søte produkter,2494,601,5,46.9,34.1,11.1,4.5,7.7,7,0,7.7,0.1,8,1.1,1,0.1,0,0,0,0,0,0,0,0.1,1,0,36.8,1.6,35.2,35,35,7,4.8,0,0,1,1,0,8,0.4,2.9,0.09,0.03,0.5,1.3,0.03,8,0,0,30,1,0,324,106,1.6,6,0.77,169,0,A0EQS#F02.A06EL$F04.A036N$F04.A03HF
9.16,"Skumgodt, Ahlgrens biler",Sukker og søte produkter,Sukker og søte produkter,1544,363,9,0.1,0,0,0,0,0,0,0,0,0,0,0,0,0,0,0,0,0,0,0,0,0,0,83.7,34.1,49.6,49.6,49.6,0,6.9,0.2,0,0,0,0,0,0,0,0,0,0,1.2,0,0,0,0,5,0.1,86,4,1,0,1,0,17,0,A035H
9.127,"Skumgodt, marshmallows",Sukker og søte produkter,Sukker og søte produkter,1479,348,13,0,0,0,0,0,0,0,0,0,0,0,0,0,0,0,0,0,0,0,0,0,0,0,83.1,4.5,78.6,41.1,41.1,0,3.9,0.1,0,0,0,0,0,0,0,0,0,0,0.7,0,0,0,0,4,0.3,29,2,2,0,0,0,4,0,A035H
9.163,"Smuldrepai, med bær",Sukker og søte produkter,Sukker og søte produkter,1320,316,39,15.6,9.4,0.4,1.5,4.2,1.5,0.4,3.7,0.3,3.2,0.8,0.6,0.1,0,0,0,0,0,0,0,0.1,0.4,36,38.4,15.8,22.6,19.8,19.8,4,3.7,0.2,0,120,127,112,94,1.8,1.3,0.07,0.03,0.5,1.2,0.06,11,0,6,34,0.7,83,155,23,0.4,1,0.1,68,5,A00BZ#F02.A06DR$F04.A01DT$F12.A008X$F28.A07GX
9.164,"Smuldrepai, med eple",Sukker og søte produkter,Sukker og søte produkter,1067,255,50,11.8,7.2,0.3,1.1,3.2,1.2,0.3,2.9,0.3,2.5,0.5,0.4,0.1,0,0,0,0,0,0,0,0.1,0.3,27,33,12.2,20.8,14.2,14.2,3,2.5,0.2,0,92,98,86,73,1.4,0.4,0.06,0.02,0.3,0.7,0.05,3,0,1,16,0.5,61,110,16,0.3,1,0.07,54,4,A00BZ#F02.A06DR$F04.A01DJ$F12.A008X$F28.A07GX
9.106,"Smågodt, blandet, uten sjokolade",Sukker og søte produkter,Sukker og søte produkter,1569,369,8,0,0,0,0,0,0,0,0,0,0,0,0,0,0,0,0,0,0,0,0,0,0,0,88.5,26.7,61.8,61.8,61.8,0,3.8,0.1,0,0,0,0,0,0,0,0,0,0,0.6,0,0,0,0,0,0.2,22,3,7,0,0,0,0,0,A0EQP
9.107,"Smågodt, salte",Sukker og søte produkter,Sukker og søte produkter,1217,286,28,0,0,0,0,0,0,0,0,0,0,0,0,0,0,0,0,0,0,0,0,0,0,0,62.9,19,43.9,43.9,43.9,0.5,8.5,0.5,0,0,0,0,0,0,0,0,0,0,1.4,0,0,0,0,123,0.3,214,279,43,0.3,0,0,26,0,A0EQP#F04.A042P
5.294,"Smørkrem, med hard margarin",Sukker og søte produkter,Sukker og søte produkter,2174,522,15,36.8,14.5,4.2,1.7,2.6,4.6,0,13.8,0.1,13.4,6,4.2,1.7,0,0,0,0,0,0,0,1.7,4.3,66,46.3,0,46.3,46.1,46.1,0,1.5,0.7,0,449,461,435,161,5.2,7.5,0.02,0.03,0,0.4,0.02,11,0.4,0,11,0.4,282,10,1,0.3,4,0.02,40,16,A046F#F02.A06HH$F04.A032J$F04.A039C$F04.A0F1G$F04.A0F6F
5.293,"Smørkrem, med smør",Sukker og søte produkter,Sukker og søte produkter,2039,486,4,20.5,13,0.6,2,5.8,2.1,0.6,5,0.5,4.2,0.5,0.3,0.1,0,0,0,0,0,0,0,0.1,0.1,51,75.1,0,75.1,75,75,0,0.3,0.3,0,195,205,185,121,2.5,0.5,0,0.01,0,0,0.01,0,0,0,5,0,110,10,0,0,1,0.01,6,7,A046F#F02.A06HH$F04.A032J$F04.A039C
10.207,Solbærmousse,Sukker og søte produkter,Sukker og søte produkter,810,195,67,13.7,8.4,0.4,1.3,3.8,1.4,0.4,3.3,0.3,2.8,0.5,0.3,0.1,0,0,0,0,0,0,0,0.1,0.2,33,14,0,14,9.3,9.3,2,2.7,0.1,0,131,140,120,123,0,0.9,0.01,0.1,0.1,0.7,0.03,7,0.2,70,66,0.6,21,172,13,0.1,1,0.07,70,5,A02PV#F02.A06AY$F02.A06BK$F04.A01EY
9.11,Sorbet,Sukker og søte produkter,Sukker og søte produkter,766,180,55,0.1,0,0,0,0,0,0,0,0,0,0,0,0,0,0,0,0,0,0,0,0,0,0,43.6,0,43.6,39.3,43.7,0,1.3,0.1,0,2,3,0,18,0,0.1,0.15,0.04,0.2,0.5,0.02,15,0,16,7,0,20,98,6,0,1,0.02,9,0,A036K
9.001,"Sukker, brunt",Sukker og søte produkter,Sukker og søte produkter,1598,376,6,0,0,0,0,0,0,0,0,0,0,0,0,0,0,0,0,0,0,0,0,0,0,0,94,0,94,94,94,0,0,0.1,0,0,0,0,0,0,0,0,0.03,0,0,0,0,0,0,185,0.7,55,320,28,0,0,0.05,1,0,A032M
9.002,"Sukker, hvitt",Sukker og søte produkter,Sukker og søte produkter,1700,400,0,0,0,0,0,0,0,0,0,0,0,0,0,0,0,0,0,0,0,0,0,0,0,0,100,0,100,100,100,0,0,0,0,0,0,0,0,0,0,0,0,0,0,0,0,0,0,0,0,0,2,0,0,0,0.01,0,0,A032J
9.022,"Sukkertøy, drops",Sukker og søte produkter,Sukker og søte produkter,1377,324,19,0,0,0,0,0,0,0,0,0,0,0,0,0,0,0,0,0,0,0,0,0,0,0,78,0,78,78,78,0,3,0.1,0,0,0,0,0,0,0,0,0,0,0.5,0,0,0,0,5,0.3,25,210,29,0.1,0,0.3,100,0,A0EQP#F04.A035H$F04.A035L$F04.A06MH
10.146,"Tilslørte bondepiker, med kavring",Sukker og søte produkter,Sukker og søte produkter,910,219,62,14.2,8.2,0.4,1.3,3.6,1.4,0.4,3.8,0.3,3.3,0.7,0.6,0.1,0,0,0,0,0,0,0,0.1,0.4,31,19.7,7.9,11.8,7,7,2,2.3,0.1,0,123,130,116,85,0.4,0.5,0.03,0.08,0.3,0.7,0.03,4,0.2,1,39,0.2,30,64,6,0.2,1,0.04,53,5,A02PV#F02.A06AY$F02.A06BK$F04.A006M$F04.A01DJ$F04.A02ML
10.145,Trollkrem,Sukker og søte produkter,Sukker og søte produkter,544,128,67,0.4,0,0,0,0,0,0,0,0,0.1,0.2,0.1,0.1,0,0,0,0,0,0,0,0.1,0.1,0,28.2,0,28.2,23.9,23.9,2,1.9,0.1,0,0,0,0,5,0,0.9,0.01,0.05,0.4,0.8,0.01,14,0,5,16,0.2,28,97,9,0.1,1,0.07,18,0,A04NS#F04.A01FK$F04.A031G$F04.A032J
9.129,"Tyggegummi, med sukker",Sukker og søte produkter,Sukker og søte produkter,1383,326,19,0,0,0,0,0,0,0,0,0,0,0,0,0,0,0,0,0,0,0,0,0,0,0,81,0,81,81,81,0,0.4,0,0,0,0,0,0,0,0,0,0,0,0.1,0,0,0,0,0,0,1,2,0,0,0,0,0,0,A035M
1.111,"Vaniljekrem, kjøpt",Sukker og søte produkter,Sukker og søte produkter,620,148,74,8.6,5.4,0.3,0.9,2.4,0.9,0.3,2.1,0.2,1.8,0.2,0.1,0,0,0,0,0,0,0,0,0,0,21,14.7,3.7,11,7.5,7.5,0.1,3,0.1,0,113,113,113,4,0,0.2,0.04,0.13,0.1,0.8,0.03,3,0.4,0,108,0.1,40,151,10,0.4,2,0.02,73,15,A02PX#F04.A02LV$F04.A06VS$F18.A07NL$F19.A07PM$F22.A07SH
5.295,"Vaniljekrem, med helmelk",Sukker og søte produkter,Sukker og søte produkter,477,113,76,3.3,2.1,0.1,0.3,0.9,0.3,0.1,0.8,0.1,0.7,0.1,0.1,0,0,0,0,0,0,0,0,0,0,8,17.8,3.1,14.7,10.6,10.6,0,3.1,0.1,0,22,24,21,18,0,0,0.01,0.13,0,0.7,0.01,1,0.5,0,121,0,37,158,10,0.4,1,0.02,103,15,A02PX#F04.A02LY$F04.A0CGV
10.007,"Vaniljesaus, av pulver",Sukker og søte produkter,Sukker og søte produkter,294,69,84,0.7,0.4,0,0.1,0.2,0.1,0,0.1,0,0.1,0,0,0,0,0,0,0,0,0,0,0,0,2,12.5,2.7,9.9,5.8,5.8,0,3.2,0.1,0,5,5,5,4,0.3,0,0.02,0.13,0.1,0.8,0.02,2,0.5,0,121,0,37,158,6,0.2,1,0,103,15,A046F#F04.A02LV$F04.A06VS$F28.A07MR
1.023,"Vaniljesaus, kjøpt",Sukker og søte produkter,Sukker og søte produkter,618,148,73,8.3,5.3,0.2,0.8,2.4,0.9,0.2,2,0.2,1.7,0.2,0.1,0,0,0,0,0,0,0,0,0,0,21,15.4,1.8,13.6,11.2,11.2,0.2,2.8,0.1,0,111,111,110,6,0,0.2,0.04,0.13,0.1,0.8,0.03,4,0.2,0,106,0.1,40,142,10,0.4,2,0.02,92,13,A046F#F04.A02LV$F04.A06VS$F18.A07NL$F19.A07PM$F22.A07SH
9.108,Vaniljesukker,Sukker og søte produkter,Sukker og søte produkter,1548,364,9,0,0,0,0,0,0,0,0,0,0,0,0,0,0,0,0,0,0,0,0,0,0,0,91.1,0,91.1,91,91,0,0,0,0,0,0,0,0,0,0,0,0,0,0,0,0,0,0,0,0,1,0,0,0,0,0,0,0,A032R
8.254,Aioli,Spisefett,Spisefett,2996,728,17,79.4,9.2,0,0,6.2,2.4,0,29.6,0.2,29.2,36.7,32.7,3.4,0,0,0,0.1,0,0,0,3.5,32.7,143,0.5,0.3,0.1,0,0.1,0.1,3,0.6,0,75,75,75,2,1.4,25.7,0.04,0.08,0,0.7,0.06,25,0.9,2,25,1,228,38,4,0.7,8,0.03,90,34,A045A#F02.A0EPP$F04.A00GZ
8.103,Brelett,Spisefett,Spisefett,1570,381,55,40,11,2.6,1.4,3.3,2.6,0.3,20,0.2,20.2,8,6,2.6,0,0,0,0,0,0,0,2.6,6,32,0.9,0,0.9,0,0,0,4.4,1.2,0,844,896,792,626,10,6,0.02,0.15,0,0.7,0.01,6,0.2,0,31,0.2,480,52,0,0.2,5,0,48,6,A039F#F07.A074F
8.102,Bremykt,Spisefett,Spisefett,3051,742,17,82,40,1.8,5.5,16.4,6.3,1,29,0.8,27.8,8,6.7,2.5,0,0,0,0.1,0,0,0,2.5,6.8,142,0.5,0,0.5,0,0,0,0.5,1,0,900,935,865,425,10,8,0.02,0.1,0.1,0.2,0,0,0,0,51,0,400,23,0,0,0,0,21,16,A039F#F07.A076D
8.262,"Bremykt, mykere",Spisefett,Spisefett,3051,742,17,82,36,1.4,4.6,14.8,5.4,0,32,1.1,30.4,10,7.9,3,0,0,0,0,0,0,0,3.1,8.1,131,0.5,0,0.5,0,0,0,0.5,1,0,442,464,419,273,10,10,0,0.02,0,0.1,0.01,0,0.1,0,10,0.1,406,18,0,0,2,0,14,15,A039F#F02.A0EYC$F07.A076D$F28.A0CRJ
6.23,"Coleslaw, kremet salat ",Spisefett,Spisefett,359,86,85,6.1,2.4,0.1,0.3,1.1,0.4,0.1,2.4,0.1,2.1,0.8,0.6,0.2,0,0,0,0,0,0,0,0.2,0.5,10,6,0.3,5.7,1,1,2,1,0.4,0,110,169,50,719,0,0.9,0.03,0.07,0.2,0.4,0.11,19,0,9,43,0.2,162,203,10,0.1,0,0.02,28,2,A042D#F02.A06GZ$F04.A00QH$F04.A01DJ$F04.A02NC$F04.A044X
8.122,"Crabsticksalat, majonessalat",Spisefett,Spisefett,1052,255,66,23.9,1.8,0,0,1.3,0.5,0,14.5,0.1,13.7,6.5,4.8,1.8,0,0,0,0,0,0,0,1.9,4.8,47,5.7,3.6,2.1,1.2,1.2,0.6,3.8,1.7,0,34,57,12,274,0.4,9.4,0.01,0.04,0.2,1,0.2,13,0.5,0,25,0.2,682,112,12,0.3,6,0.05,51,8,A044X#F04.A02KE$F07.A073T
8.257,Cæsardressing,Spisefett,Spisefett,2117,513,36,51.4,8.1,0.1,0.5,5.2,1.6,0.1,31.6,0.4,30.2,8.9,6.8,1.8,0,0,0,0.1,0.1,0,0.2,2.2,6.9,123,4.8,0.4,4.4,4,4.1,0.2,7.7,2,0,94,100,88,73,1,11.2,0.04,0.12,0.5,2.2,0.21,20,2.6,3,124,1,790,87,13,1.3,12,0.13,155,31,A045K#F02.A0EPN$F04.A02DD$F04.A02NG$F04.A02ZH$F04.A036N
8.125,"Dressing, majonestype, 15 % fett",Spisefett,Spisefett,769,185,70,13.4,1.7,0,0,1.2,0.4,0,6.9,0.1,6.7,4.1,3.5,0.5,0,0,0,0,0,0,0,0.5,3.5,42,14.8,0.2,14.6,13.8,13.8,0.3,1.2,2.1,0,30,38,22,98,0.5,4.1,0.06,0.03,0.2,0.5,0.03,10,0.3,3,13,0.6,851,88,7,0.2,3,0.04,33,10,A045L#F04.A044Y$F07.A073C
8.126,"Dressing, majonestype, 30 % fett",Spisefett,Spisefett,1226,296,59,26.5,3.3,0,0,2.3,0.8,0,13.7,0.1,13.4,8.1,6.9,1,0,0,0,0,0,0,0,1,7,73,12.8,0.1,12.7,12.6,12.6,0.2,1.6,2.1,0,40,41,38,21,0.9,7.5,0.02,0.05,0,0.4,0.03,14,0.4,3,15,0.5,849,27,6,0.4,4,0.02,50,17,A045K#F04.A044X$F07.A073T
8.127,"Dressing, majonestype, 55 % fett",Spisefett,Spisefett,2174,528,37,55.3,4.2,0,0,2.7,1,0,33,0.1,32,15.4,11.1,4.2,0,0,0,0,0,0,0,4.3,11.1,31,6.5,4.7,1.8,1.7,1.7,0.1,1,1.1,0,12,13,9,26,0.1,15.8,0.01,0.02,0,0.3,0.01,3,0,0,5,0.2,434,15,3,0.1,3,0.01,15,2,A045K#F02.A0EPN$F07.A074Y
8.268,"Eggesalat, hjemmelaget",Spisefett,Spisefett,872,210,70,17.9,3.7,0,0.2,2.4,0.9,0,8.6,0.2,7.9,3.9,3,0.7,0,0,0,0.1,0,0,0.1,0.8,3.1,241,2.2,0.2,1.9,1.4,1.4,0.2,10.1,1.2,0,153,156,150,38,1.9,6.4,0.07,0.31,0,2.5,0.11,53,1,1,53,1.6,485,131,17,1.1,16,0.06,166,45,A044X#F02.A0EPM$F04.A031G$F04.A036M$F04.A0EZM$F22.A07SS$F28.A0CRJ
8.13,"Eggesalat, majonessalat, kjøpt",Spisefett,Spisefett,1478,358,55,35.9,3.5,0,0,2.6,1,0,20.7,0.2,19.4,9.4,6.9,2.4,0,0,0,0.1,0,0,0.1,2.4,7.1,176,1.7,0,1.7,1.3,1.3,0.2,7,0.7,0,94,95,93,15,1.4,11.8,0.05,0.19,0,1.7,0.07,35,0.6,2,31,1.2,297,91,8,0.7,11,0.04,112,30,A044X#F04.A031G$F04.A0EZM$F04.A0F6F$F07.A074C
8.111,Frityrolje,Spisefett,Spisefett,3647,887,1,98.5,8.7,0,0,5.1,2.5,0,43.9,0.1,43,42.3,38.2,3.9,0,0,0,0,0,0,0,4.1,38.2,0,0,0,0,0,0,0,0.2,0,0,0,0,0,0,0,29.1,0,0,0,0,0,0,0,0,0,0,0,0,0,0,0,0,0,0,A039J
8.121,"Frokostsalat, majonessalat, med ostemasse",Spisefett,Spisefett,1690,410,50,42,3,0.1,0.1,2,0.8,0.1,26.5,0.1,25.7,11,8,3,0,0,0,0,0,0,0,3.4,8.8,38,2,0,2,1.1,1.1,0,6,1.1,0,39,43,35,51,0.3,12.8,0.03,0.12,0,1,0.02,10,0.4,0,27,0.2,440,40,6,0.2,3,0.03,84,8,A044X#F02.A0EPM$F04.A00XD$F04.A02QG$F04.A031E$F04.A036M$F28.A0CRJ
8.252,Ghee,Spisefett,Spisefett,3686,897,0,99.5,61.9,2.8,10,26.2,12.1,2.1,28.7,2.2,25,3.7,2.2,1.4,0,0,0,0,0,0,0,1.4,2.2,256,0,0,0,0,0,0,0.3,0,0,840,856,824,193,0,2.8,0,0.01,0,0.1,0,0,0,0,4,0,2,5,0,0,0,0,3,44,A038Y
8.253,"Ghee, vegetabilsk",Spisefett,Spisefett,3694,899,0,99.8,47.5,0.2,1,42.5,4.3,0.4,38.3,0.1,37.5,9.9,9.8,0.2,0,0,0,0,0,0,0,0.3,8.8,0,0,0,0,0,0,0,0.1,0,0,0,0,0,0,0,10,0,0,0,0,0,0,0,0,0,0.5,0,0,0,0,0,0,0,0,A036N
8.104,Hvetekimolje,Spisefett,Spisefett,3699,900,0,99.9,18.5,0,0.1,16.6,0.5,0,16.7,0.5,14.6,60.4,54.8,6.9,0,0,0,0,0,0,0,6.9,54.8,0,0,0,0,0,0,0,0.2,0,0,0,0,0,0,0,137,0,0,0,0,0,0,0,0,0,0,0,0,0,0,0,0,0,0,A037Q
8.128,"Italiensk salat, majonessalat",Spisefett,Spisefett,1278,310,62,32,2,0,0,1.9,0.7,0,20,0.1,21.6,9,7.5,2.8,0,0,0,0,0,0,0,2.9,7.5,20,4.1,0.1,4,1.4,1.5,1,1,1,0,97,183,10,1039,0.2,11,0.03,0.02,0.3,0.5,0.05,14,0.1,17,24,0.3,400,162,8,0.2,1,0.02,30,3,A044X#F02.A0EPM$F04.A00FY$F04.A00QH$F04.A022T$F04.A031E$F04.A036M$F18.A07NL$F19.A07PR$F28.A0CRJ
8.263,Kakaosmør,Spisefett,Spisefett,3681,896,1,99.5,59,0,0,24.7,33.3,0,32.8,0.5,32.3,3.3,2.9,0.5,0,0,0,0,0,0,0,0.5,2.9,3,0,0,0,0,0,0,0,0,0,0,0,0,0,0,1.1,0,0,0,0,0,0,0,0,0,0,0,0,0,0,0,0,0,0,A037R#F02.A068M$F27.A03HF$F28.A0C02
8.001,Kokosfett,Spisefett,Spisefett,3700,900,0,100,92,46.3,18.7,9.6,3,0,6,0,7.2,2,1.8,0,0,0,0,0,0,0,0,0,1.8,0,0,0,0,0,0,0,0,0,0,0,0,0,0,0,11,0,0,0,0,0,0,0,0,0,0,0,0,0,0,0,0,0,0,A037M
8.265,"Kokosfett, Delfia",Spisefett,Spisefett,3700,900,0,100,95,45.6,2.9,8.6,11.4,0,0,0,0,0,0,0,0,0,0,0,0,0,0,0,0,0,0,0,0,0,0,0,0,0,0,0,0,0,0,0,0,0,0,0,0,0,0,0,0,0,0,0,0,0,0,0,0,0,0,A037M#F02.A068M$F27.A014K$F28.A0C02
8.249,Kokosolje,Spisefett,Spisefett,3674,894,1,99.3,87.3,45.5,18.5,8,2.8,0,5.1,0,5.1,1,1,0,0,0,0,0,0,0,0,0,1,0,0,0,0,0,0,0,0,0,0,0,0,0,0,0,0,0,0,0,0,0,0,0,0,0,0,0,0,0,0,0,0,0,0,A037M#F03.A06JL
8.251,Linfrøolje,Spisefett,Spisefett,3700,900,0,100,7.9,0,0,4.5,2.9,0,20.4,0.1,19.9,66.9,14.4,52.3,0,0,0,0,0,0,0,52.3,14.4,0,0,0,0,0,0,0,0,0,0,5,10,0,61,0,6.7,0,0,0,0,0,0,0,0,0,0,0,0,0,0,0,0,0,0,A037G
8.006,Maisolje,Spisefett,Spisefett,3666,892,1,99,12.2,0,0,9.9,1.7,0,28.5,0,28.2,53.9,52.6,1.2,0,0,0,0,0,0,0,1.4,52.6,0,0,0,0,0,0,0,0.2,0,0,0,0,0,0,0,23.7,0,0,0,0,0,0,0,0,0,0,0,0,0,0,0,0,0,0,A036Y
8.022,"Majones, ekstra lett, 25 % fett",Spisefett,Spisefett,1065,258,68,26.2,2.1,0,0,1.4,0.5,0,15.5,0.1,15,7.2,5.2,2,0,0,0,0,0,0,0,2,5.2,26,5,4.7,0.3,0.3,0.3,0,0.7,0.9,0,14,14,14,0,0.2,7.6,0.01,0.02,0,0.2,0.01,4,0.2,0,7,0.2,373,9,4,0.1,2,0.01,21,6,A044Y#F07.A073N
8.009,"Majones, ekte",Spisefett,Spisefett,2900,705,20,77,5,0,0,3.8,1.4,0,47,0.2,44.3,21,15.4,5.8,0,0,0,0,0,0,0,5.9,15.4,41,2,0,2,2,2,0,1,0.6,0,25,25,25,0,0.6,23.1,0.02,0.06,0,0.2,0.01,7,0.3,0,7,0.3,240,7,1,0.2,2,0.01,31,3,A044X#F02.A0EPM$F04.A031E$F04.A036M$F28.A0CRJ
8.011,"Majones, lett, 40 % fett",Spisefett,Spisefett,1638,397,51,40.6,3,0,0,2.1,0.8,0,25,0.1,23.6,11,8.2,3.1,0,0,0,0,0,0,0,3.1,8.2,33,7,5,2,2,2,0,1,0.9,0,20,20,20,0,0.5,14.8,0.01,0.05,0,0.2,0.01,6,0.3,0,6,0.2,360,6,1,0.1,1,0.01,25,3,A044Y#F02.A0EPM$F04.A031E$F04.A036M$F10.A077C$F10.A0CRG$F28.A0CRJ
8.01,"Majones, lett, 50 % fett",Spisefett,Spisefett,2007,487,41,50,3,0,0,2.5,0.9,0,30,0.1,28.5,14,9.9,3.8,0,0,0,0,0,0,0,3.8,9.9,31,8.2,5.2,3,0,0,0.1,1,1.1,0,20,20,20,0,0.5,14.2,0.01,0.05,0,0.2,0.01,5,0.3,0,6,0.2,440,5,1,0.1,1,0.01,24,3,A044Y#F02.A0EPM$F04.A031E$F04.A036M$F10.A077C$F10.A0CRG$F28.A0CRJ
8.212,"Margarin, Melange",Spisefett,Spisefett,2792,679,24,75,30,9.1,3.7,4.6,9.6,0,28,0,27.3,12.1,8.4,3.7,0,0,0,0,0,0,0,3.7,8.4,0,0.5,0,0.5,0,0,0,0.5,1.5,0,899,928,870,350,10,14,0,0,0,0.1,0,0,0,0,0,0,600,0,0,0,0,0,0,2,A039D
8.213,"Margarin, Melange, flytende",Spisefett,Spisefett,2977,724,19,80,7,0.1,0.1,3.4,2.2,0,47,0,46.4,21,14.3,6.4,0,0,0,0,0,0,0,6.4,14.3,0,0.5,0,0.5,0,0,0,0.5,1,0,899,928,870,350,10,19,0,0,0,0.1,0,0,0,0,0,0,400,0,0,0,0,0,0,2,A0F1G#F03.A06JL$F04.A0EXM$F04.A0EXZ$F18.A07NL$F19.A07PR
8.266,"Margarin, Melange, flytende, med smørolje",Spisefett,Spisefett,2977,724,19,80,10,9.7,3.4,8.7,8.5,0,45,0.2,24.9,20,6.8,3,0,0,0,0,0,0,0,3,6.8,0,0.5,0,0.5,0,0,0,0.5,1,0,899,928,870,350,10,18,0,0,0,0.1,0,0,0,0,0,0,400,0,0,0,0,0,0,2,A039F#F02.A0EYC$F03.A06JL$F04.A0EXM$F04.A0EXZ$F18.A07NL$F19.A07PR$F28.A0CRJ
8.267,"Margarin, Melange, flytende, vegansk",Spisefett,Spisefett,2960,720,20,80,7,0.1,0.1,3.4,1.8,0,47,0,46.6,21,14.3,6.5,0,0,0,0,0,0,0,6.5,14.3,0,0,0,0,0,0,0,0,1,0,899,928,870,350,10,20,0,0,0,0,0,0,0,0,0,0,400,0,0,0,0,0,0,0,A0F1G#F02.A0ENG$F03.A06JL$F04.A0EXM$F04.A0EXZ$F18.A07NL$F19.A07PR
8.244,"Margarin, Melange, uten salt og melk, folie",Spisefett,Spisefett,2960,720,20,80,33,10,4,4.6,10.3,0,30,0.1,29.1,13,8.9,4,0,0,0,0,0,0,0,4,8.9,0,0,0,0,0,0,0,0,0,0,899,928,870,350,10,14,0,0,0,0,0,0,0,0,0,0,0,0,0,0,0,0,0,0,A0F1G#F04.A036V$F10.A0CQE$F18.A07NY$F19.A07PH
8.26,"Margarin, Olivero, beger",Spisefett,Spisefett,2237,544,39,60,22,3.2,2.7,7.8,4.3,0,26,0.4,24.6,8,6.7,1.3,0,0,0,0,0,0,0,1.3,6.7,0,0.5,0,0.5,0,0,0,0.5,1,0,899,928,870,350,10,8,0,0,0,0.1,0,0,0,0,0,0,400,0,0,0,0,0,0,2,A039E#F02.A0ENG$F04.A036P
8.223,"Margarin, Soft Flora lett",Spisefett,Spisefett,1497,364,59,40,8,2,0.8,1.9,2,0,20,0,20.1,9,6.2,2.8,0,0,0,0,0,0,0,2.8,6.2,0,0.5,0,0.5,0,0,0,0.5,1,0,899,928,870,350,10,9,0,0,0,0.1,0,0,0,0,0,0,400,0,0,0,0,0,0,2,A039E#F07.A074F
8.222,"Margarin, Soft Flora, folie",Spisefett,Spisefett,2607,634,29,70,27,8.2,3.3,3.9,8.3,0,27,0,26.5,12,8.1,3.6,0,0,0,0,0,0,0,3.6,8.1,0,0.5,0,0.5,0,0,0,0.5,1.5,0,899,928,870,350,10,13,0,0,0,0.1,0,0,0,0,0,0,600,0,0,0,0,0,0,2,A039E#F18.A07NY$F19.A07PH
8.221,"Margarin, Soft Flora, original",Spisefett,Spisefett,2237,544,39,60,12,3.2,1.3,2.9,3.2,0,30,0,29.8,14,9.1,4.1,0,0,0,0,0,0,0,4.1,9.1,0,0.5,0,0.5,0,0,0,0.5,1,0,899,928,870,350,10,13,0,0,0,0.1,0,0,0,0,0,0,400,0,0,0,0,0,0,2,A039E#F07.A075D
8.245,"Margarin, Soft Spesial",Spisefett,Spisefett,2590,630,30,70,16,3.5,1.5,3.4,5.9,0,35,0.1,34,16,10.5,4.7,0,0,0,0,0,0,0,4.7,10.5,0,0,0,0,0,0,0,0,0.8,0,899,928,870,350,10,16,0,0,0,0,0,0,0,0,0,0,300,0,0,0,0,0,0,2,A0F1G#F04.A036V$F10.A0B8M$F18.A07NL$F19.A07PR
8.228,"Margarin, Vita Hjertego myk",Spisefett,Spisefett,2237,544,39,60,12,2,0.9,3.2,5.3,0,24,0,24.1,20,17.4,2,0,0,0,0,0,0,0,2,17.4,0,0.5,0,0.5,0,0,0,0.5,0.8,0,899,928,870,350,10,19,0,0,0,0.1,0,0,0,0,0,0,300,0,0,0,0,0,0,2,A039E#F02.A0ENG$F04.A036N$F04.A037D$F04.A037M$F04.A0EXM$F04.A0EXZ$F18.A07NL$F19.A07PN
8.229,"Margarin, Vita Hjertego´ lett",Spisefett,Spisefett,1497,364,59,40,8,1.3,0.6,2.1,3.5,0,16,0,15.9,14,11.5,2.7,0,0,0,0,0,0,0,2.7,11.5,0,0.5,0,0.5,0,0,0,0.5,1,0,899,928,870,350,10,13,0,0,0,0.1,0,0,0,0,0,0,400,0,0,0,0,0,0,2,A039E#F02.A0ENG$F04.A036N$F04.A036V$F04.A037D$F04.A0EXM$F04.A0EXZ$F10.A0CRG$F18.A07NL$F19.A07PR
8.117,"Margarin, Vita Hjertego´, flytende",Spisefett,Spisefett,2977,724,19,80,7,0.1,0.1,3.7,2.2,0,41,0,40.6,27,21.3,4.8,0,0,0,0,0,0,0,4.8,21.3,0,0.5,0,0.5,0,0,0,0.5,1,0,899,928,870,350,10,28,0,0,0,0.1,0,0,0,0,0,0,400,0,0,0,0,0,0,2,A0F1G#F03.A06JL$F04.A0EXM$F04.A0EXZ$F18.A07NL$F19.A07PR
8.118,"Margarin, Vita Pro aktiv",Spisefett,Spisefett,1312,319,64,35,6,0.7,0.3,1.9,2.6,0,15,0,14.8,11,9.5,1.6,0,0,0,0,0,0,0,1.6,9.8,0,0.5,0,0.5,0,0,0,0.5,1,0,899,928,870,350,10,9.5,0,0,0,0.1,0,0,0,0,0,0,400,0,0,0,0,0,0,2,A039H#F04.A036V$F04.A037D$F04.A0EXM$F04.A0EXZ$F18.A07NL$F19.A07PR
8.238,"Margarin, hard",Spisefett,Spisefett,2736,666,26,73.5,29.1,9,3.6,4.2,9.3,0,27.7,0,27.1,12,8.3,3.7,0,0,0,0,0,0,0,3.5,8.3,0,0.5,0,0.5,0,0,0,0.5,1.5,0,899,928,870,350,10,13.7,0,0,0,0.1,0,0,0,0,0,0,600,0,0,0,0,0,0,2,A039D#F02.A0ENG$F04.A036N$F26.A07XD
8.239,"Margarin, myk",Spisefett,Spisefett,2237,544,39,60,12,3,1.2,3,3.6,0,28.8,0,28.7,15.2,10.8,3.7,0,0,0,0,0,0,0,3.7,10.8,0,0.5,0,0.5,0,0,0,0.5,1,0,899,928,870,350,10,14.2,0,0,0,0.1,0,0,0,0,0,0,380,0,2,0,0,0,0,2,A0F1G#F26.A07XD
8.23,"Matfett, Flott",Spisefett,Spisefett,3700,900,0,100,58,15.1,6.2,10.6,25.9,0,30,0,26.4,7,4.7,0,0,0,0,0,0,0,0,0,4.9,0,0,0,0,0,0,0,0,0,0,0,0,0,0,0,12,0,0,0,0,0,0,0,0,0,0,0,0,0,0,0,0,0,0,A036N#F18.A07NY$F19.A07PG$F27.A014K$F27.A015M$F27.A016H
8.24,"Matlagingsfett, uspesifisert",Spisefett,Spisefett,3069,746,17,82.6,24.4,3,2.6,8.6,5.4,0.4,36.9,0.5,36.7,16.2,13.5,3.2,0,0,0,0,0,0,0,3.3,13.4,38,0.3,0,0.3,0,0,0,0.5,0.8,0,541,562,519,262,6.8,16.7,0,0.02,0,0.1,0,0,0,0,8,0,308,8,0,0,1,0,6,6,A039B#F26.A07XD
8.019,Olivenolje,Spisefett,Spisefett,3666,892,1,99,14,0,0,10.6,2.9,0,73.7,0.8,72.6,7.3,6.7,0.6,0,0,0,0,0,0,0,0.6,6.7,0,0,0,0,0,0,0,0.2,0,0,0,0,0,0,0,15.4,0,0,0,0,0,0,0,0,0,0,0,0,0,0,0,0,0,0,A036P
8.112,"Olivenolje, extra virgin, jomfruolje",Spisefett,Spisefett,3655,889,1,98.8,13.9,0,0,10.2,3.1,0,74.5,0.8,73.5,7.5,6.9,0.6,0,0,0,0,0,0,0,0.6,6.9,0,0,0,0,0,0,0,0,0,0,0,0,0,0,0,17.9,0,0,0,0,0,0,0,0,0,0,0,0,0,0,0,0,0,0,A036Q
8.236,Palmeolje,Spisefett,Spisefett,3700,900,0,100,47.8,0.1,1,43.5,4.3,0,37.1,0.3,36.6,10.4,9.1,0.2,0,0,0,0,0,0,0,0.2,9.1,0,0,0,0,0,0,0,0,0,0,0,0,0,0,0,33.1,0,0,0,0,0,0,0,0,0,0.4,0,0,0,0,0,0,0,0,A037N
8.234,Peanøttolje,Spisefett,Spisefett,3666,892,1,99,16.5,0,0,8.6,3,0,54.4,0.1,53.2,22.7,21.4,1.2,0,0,0,0,0,0,0,1.3,21.4,0,0,0,0,0,0,0,0.2,0,0,0,0,0,0,0,15.2,0,0,0,0,0,0,0,0,0,0,0,0,0,0,0,0,0,0,A037A
8.235,Rapsolje,Spisefett,Spisefett,3666,892,1,99,7.3,0,0,4.7,1.7,0,59.3,0.2,57.7,27.7,19.9,7.7,0,0,0,0,0,0,0,7.7,20,0,0,0,0,0,0,0,0.2,0,0,0,0,0,0,0,28.3,0,0,0,0,0,0,0,0,0,0,0,0,0,0,0,0,0,0,A036V
8.113,"Rapsolje, kaldpresset, Odelia",Spisefett,Spisefett,3700,900,0,100,7,0,0,5,1.8,0,60,0.2,61.1,33,21.2,8.2,0,0,0,0,0,0,0,8.2,21.2,0,0,0,0,0,0,0,0,0,0,0,0,0,0,0,18,0,0,0,0,0,0,0,0,0,0,0,0,0,0,0,0,0,0,A036V
8.123,"Rekesalat, majonessalat",Spisefett,Spisefett,1356,329,57,32,2,0,0,1.8,0.7,0,20,0.1,20.8,9,7.2,2.7,0,0,0,0,0,0,0,2.8,7.2,34,4.7,1.7,3,3,3,1,5,1.3,0,56,100,12,529,0.4,10.6,0.03,0.07,0.6,1.4,0.09,7,0.7,3,11,0.2,520,110,7,0.2,5,0.02,54,41,A044X#F02.A0EPM$F04.A00KH$F04.A01DJ$F04.A02GB$F04.A031E$F04.A036M$F28.A0CRJ
8.013,Remulade,Spisefett,Spisefett,2418,587,31,62,4,0,0,3.1,1.1,0,38,0.1,35.4,17,12.3,4.7,0,0,0,0,0,0,0,4.7,12.4,33,6.3,0.3,6,5.5,5.5,0,1,0.8,0,20,20,20,0,0.5,19,0.02,0.06,0,0.2,0.01,6,0.3,0,8,0.3,320,17,3,0.2,2,0.01,29,3,A044X#F02.A0EPM$F04.A00JP$F04.A031E$F04.A036M$F28.A0CRJ
8.129,"Rødbetsalat, majonessalat",Spisefett,Spisefett,1532,371,52,36.1,2,0,0,1.8,0.7,0,19,0.1,20.8,8,7.2,2.7,0,0,0,0,0,0,0,2.7,7.2,19,10.1,0.1,10,1.8,1.8,1,1,0.6,0,99,185,12,1039,0.3,11,0.04,0.04,0.3,0.5,0.05,14,0.1,18,23,0.3,257,161,8,0.2,1,0.02,32,3,A044X#F02.A0EPM$F04.A00JM$F04.A00QG$F04.A031E$F04.A036M$F28.A0CRJ
1.18,"Rømmedressing, med urter",Spisefett,Spisefett,750,181,75,16.4,10.4,0.5,1.6,4.6,1.7,0.5,3.9,0.4,3.3,0.4,0.2,0.1,0,0,0,0,0,0,0,0.1,0.1,40,5.2,0.4,4.8,1.4,1.4,0.5,3,0.9,0,240,252,227,151,0.1,0.5,0.04,0.14,0.1,0.8,0.04,7,0.4,2,111,0.3,362,153,12,0.3,2,0.01,69,14,A045K#F02.A0EPN$F04.A02NB$F04.A04MA
8.201,"Salatdressing, olje og eddik, fransk dressing",Spisefett,Spisefett,1703,414,54,45.7,5,0,0,3.5,1.1,0,24.2,0.1,23.8,14.6,12.5,1.8,0,0,0,0,0,0,0,1.9,12.5,0,0.4,0.3,0.1,0,0,0.2,0.2,4.5,0,0,0,0,2,0.4,12,0,0,0,0,0,0,0,0,4,0.1,1809,20,5,0,0,0.03,3,0,A045K#F04.A036N$F04.A042Z$F04.A044L
8.017,"Salatdressing, uten fett",Spisefett,Spisefett,260,61,85,0.1,0,0,0,0,0,0,0,0,0.1,0.1,0,0,0,0,0,0,0,0,0,0,0,0,15,4,11,11,11,0,0.1,2,0,1,1,1,0,0,0.2,0,0,0,0,0,0,0,0,13,0.5,786,21,3,0,0,0.01,5,0,A045K#F10.A077D
8.124,Sennepssaus,Spisefett,Spisefett,1827,442,39,39.8,4.2,0,0,2.9,1,0,21.4,0.1,20,12.5,10.4,1.8,0,0,0,0,0,0,0,1.8,10.4,0,17.8,1.7,16.2,15.8,15.9,0.8,2.6,0.8,0,12,24,0,149,0.3,10.6,0.05,0.09,0,0.5,0.01,3,0,3,45,0.8,316,90,50,0.3,3,0.04,73,0,A044G#F04.A00XD$F04.A036N
8.105,Sesamolje,Spisefett,Spisefett,3692,898,0,99.7,14.6,0,0,8.9,4.8,0,37.5,0.2,39.3,43.4,41.3,0.3,0,0,0,0,0,0,0,0.3,41.3,0,0,0,0,0,0,0,0.2,0,0,0,0,0,0,0,1.4,0.01,0.07,0.1,0.1,0,0,0,0,10,0.1,2,20,0,0,0,0,0,0,A037C
8.259,"Skagenrøre, Skagensalat",Spisefett,Spisefett,751,181,73,15,3.2,0.1,0.4,1.7,0.6,0.1,7.3,0.1,6.8,3.1,2.1,0.8,0,0,0,0,0.1,0,0.1,1,2.1,89,1.3,0.1,1.3,0.3,0.3,0.5,10,2.1,0,62,66,58,48,0.4,4.9,0.04,0.07,0.5,2.3,0.42,11,1.5,1,55,0.3,842,108,17,0.6,14,0.31,94,27,A03XN#F02.A06GJ$F04.A02FD$F04.A02NC$F04.A044X
8.005,Smør,Spisefett,Spisefett,3059,744,17,82,52,2.5,8.2,23.2,8.5,2.4,19.8,1.9,16.7,1.8,1.1,0.3,0,0,0,0,0,0,0,0.3,0.3,202,0.5,0,0.5,0,0,0,1,1.1,0,781,821,741,483,10,2.1,0,0.03,0,0.2,0.02,0,0.1,0,17,0.1,440,32,0,0,4,0,24,26,A039C
8.247,"Smør, meierismør, ekstra salt, Kviteseidsmør",Spisefett,Spisefett,3022,735,18,81,51.3,2.4,8.1,22.9,8.4,2.4,19.5,1.9,16.5,1.8,1.1,0.3,0,0,0,0,0,0,0,0.3,0.3,199,0.5,0,0.5,0,0,0,1,2.5,0,772,811,732,477,10,2.1,0,0.03,0,0.2,0.02,0,0.1,0,17,0.1,1000,32,0,0,4,0,24,26,A039C#F18.A07NY$F19.A07PH
8.237,"Smør, usaltet",Spisefett,Spisefett,3096,753,16,83,52.6,2.5,8.3,23.5,8.6,2.5,20,1.9,16.9,1.8,1.2,0.3,0,0,0,0,0,0,0,0.3,0.3,204,0.5,0,0.5,0,0,0,1,0,0,791,831,750,489,10,2.2,0,0.03,0,0.2,0.11,0,0.1,0,17,0.1,10,32,0,0,4,0,24,26,A039C#F10.A0CQE
8.106,Solsikkeolje,Spisefett,Spisefett,3629,883,2,98,10,0,0,5.6,3.2,0,28.4,0,28.2,56.8,56.4,0.2,0,0,0,0,0,0,0,0.4,56.4,0,0,0,0,0,0,0,0.2,0,0,0,0,0,0,0,59,0,0,0,0,0,0,0,0,0,0,0,0,0,0,0,0,0,0,A037D
8.007,Soyaolje,Spisefett,Spisefett,3700,900,0,100,14,0,0,10.5,3.2,0,23,0.1,23.4,58,51.1,5.6,0,0,0,0,0,0,0,5.6,50.4,0,0,0,0,0,0,0,0,0,0,0,0,0,0,0,6,0,0,0,0,0,0,0,0,0,0,0,0,0,0,0,0,0,0,A036X
8.25,Valnøttolje,Spisefett,Spisefett,3696,899,0,99.9,9.1,0,0,7,2,0,16.5,0.1,22.2,69.9,52.9,10.4,0,0,0,0,0,0,0,10.4,52.9,0,0,0,0,0,0,0,0,0,0,0,0,0,0,0,0.4,0,0,0,0,0,0,0,0,0,0,0,0,0,0,0,0,0,0,A037K
8.114,Vita Optimal olje,Spisefett,Spisefett,3700,900,0,100,8,0.1,0.1,5.7,2.1,0,54,0.2,53.8,34,25.8,5.1,0,0,0,0,0,0,0,5.1,25.8,0,0,0,0,0,0,0,0,0,0,0,0,0,0,9.9,38,0,0,0,0,0,0,0,0,0,0,0,0,0,0,0,0,0,0,A036N#F09.A0EXL$F09.A0EXM$F18.A07NM$F19.A07PR$F27.A015L$F27.A015M$F27.A016M
8.202,Waldorfsalat,Spisefett,Spisefett,963,233,69,22.5,4.8,0.2,0.6,2.5,0.9,0.2,9.6,0.2,8.9,5.9,4.5,1.4,0,0,0,0,0,0,0,1.4,4.5,21,5.3,0,5.2,0.3,0.3,2,1.6,0.3,0,62,65,57,52,0.1,3.9,0.03,0.06,0.1,0.4,0.04,17,0.1,2,31,0.4,134,135,13,0.2,1,0.09,47,3,A01QG#F04.A00RY$F04.A014R$F04.A02ML
